#,Parent Topic,Cluster Volume,Cluster Global Volume,Cluster Total Global Traffic potential,Cluster keywords,Difficulty,Volume,CPC,CPS,Last Update,SERP Features,Global volume,Traffic potential,Global traffic potential,First seen,SV trend (06-2024 - 05-2026),SV Forecasting trend (06-2026 - 06-2027)
1,دعاء السفر,424560,1337140,3639600,68,1,381000,0.02,0.39,2026-06-06 13:08:20,"Image pack,People also ask,AI Overview,Video preview",1170000,22000,30000,2015-09-01,"549213, 552231, 493391, 336532, 285227, 459478, 315116, 465535, 329409, 460327, 359012, 312632, 392369, 512483, 534268, 285842, 290955, 416620, 348397, 392470, 321363, 383202, 375410, 362982","478867, 522045, 491010, 363923, 311127, 395378, 342898, 464740, 339738, 391713, 384054, 371690"
2,دعاء الاستخارة,179060,759610,1963500,21,5,139000,0.02,0.55,2026-06-05 20:55:50,"People also ask,Image pack,Video preview",573000,30000,208000,2015-09-01,"143888, 175772, 195422, 149863, 138225, 146646, 146352, 148135, 126212, 123044, 141385, 142203, 136909, 159790, 179686, 149552, 138958, 127663, 131718, 122213, 126554, 132116, 123309, 141085","149278, 160844, 170545, 149783, 144005, 130761, 132689, 145827, 136123, 132902, 124095, 141871"
3,دعاء لشخص مريض تحبه,126560,645180,12656300,115,2,23000,0.01,,2026-05-28 9:11:20,"AI Overview,Video preview,Thumbnail,People also ask,Image pack,Videos",65000,51000,137000,2016-08-15,"32577, 16737, 11633, 17081, 27863, 26530, 26998, 28058, 25285, 26483, 25943, 24261, 23626, 22697, 22191, 21897, 22974, 23480, 24339, 25139, 22620, 23664, 23293, 21524","21005, 20031, 19605, 19292, 20429, 20933, 21837, 22644, 20162, 21220, 20881, 19129"
4,دعاء للميت,114090,593980,47344900,151,2,49000,0.02,0.82,2026-06-06 10:20:19,"AI Overview,Thumbnail,People also ask,Image pack,Video preview",235000,69000,355000,2015-09-01,"63750, 54244, 59830, 51154, 52384, 60841, 52413, 65564, 60849, 82606, 43819, 47066, 49990, 43799, 52573, 43035, 44463, 49076, 44527, 56110, 50096, 62285, 41200, 46423","47682, 40805, 48933, 44355, 45504, 48154, 48204, 49768, 48317, 51427, 48331, 45443"
5,دعاء ختم القرآن,102200,250910,3171000,38,9,45000,,0.97,2026-05-29 6:45:04,"Image pack,Video preview,People also ask",131000,56000,101000,2015-09-19,"29294, 16258, 12236, 12080, 12511, 16439, 16940, 17073, 23012, 415643, 17910, 17745, 24518, 16182, 12274, 12529, 16548, 16175, 17381, 17601, 53069, 313224, 8868, 11539","50398, 27828, 35595, 35210, 37381, 53253, 53532, 53791, 54076, 55405, 56016"
6,ادعيه,87500,318900,310600,4,12,33000,0.02,0.51,2026-05-21 13:54:48,"People also ask,Image pack,Video preview",92000,56000,123000,2015-09-01,"48561, 27268, 27343, 21896, 24831, 27389, 24838, 30609, 31427, 104355, 18271, 24743, 40262, 25619, 28868, 21653, 24695, 27361, 23675, 30960, 31623, 109458, 10982, 25826","39443, 24546, 29175, 21646, 24688, 27353, 23667, 30952, 31615, 109450, 10974, 25819"
7,دعاء الصفا والمروة,64260,73390,1432800,59,0,40000,0.02,0.99,2026-06-05 5:20:19,"AI Overview,Thumbnail,People also ask,Image pack,Video preview",46000,25000,26000,2015-09-23,"27726, 31753, 30899, 26891, 27604, 32009, 30937, 35128, 29890, 119809, 20257, 22932, 23393, 31071, 33106, 31775, 32750, 35323, 36312, 40933, 36979, 135979, 20005, 30593","25373, 34044, 38447, 37244, 38253, 40871, 41905, 46570, 42661, 141706, 25778, 36412"
8,دعاء النوم,49910,195720,711000,25,5,30000,0.02,0.45,2026-06-03 6:35:34,"AI Overview,Image pack,People also ask,Video preview",110000,6300,30000,2015-09-01,"29999, 31202, 33260, 35639, 36178, 35520, 34420, 31449, 28763, 22998, 28099, 29315, 25264, 26598, 28161, 30974, 35252, 31833, 30264, 30603, 31057, 29498, 26703, 26861","26921, 26183, 27136, 30836, 35139, 31740, 30187, 30540, 31006, 29456, 26668, 26833"
9,دعاء التوبة,43810,148980,1548000,34,3,18000,0.02,0.82,2026-06-07 5:39:50,"AI Overview,Thumbnail,People also ask,Image pack,Video preview",80000,20000,51000,2015-09-03,"18683, 20026, 17266, 16128, 17094, 17064, 19243, 21246, 18053, 30619, 16117, 13660, 17864, 15513, 14841, 16689, 16769, 17074, 19369, 20397, 18897, 26293, 16546, 16500","18511, 16086, 16594, 18479, 19062, 19473, 19884, 20442, 20084, 21999, 22083, 20184, 20882"
10,دعاء يوم الجمعه,43800,164910,4311000,59,1,8800,0.02,0.63,2026-06-07 19:50:03,"AI Overview,Thumbnail,People also ask,Image pack,Video preview",34000,35000,84000,2015-09-04,"8400, 8572, 11964, 9759, 10406, 11368, 9957, 11682, 7793, 7707, 6634, 8921, 5805, 7264, 12618, 8480, 8963, 8755, 9299, 8654, 9240, 9455, 8418, 7861","7714, 7881, 8583, 7899, 8345, 8148, 8651, 8047, 8589, 8785, 7817, 7296"
11,دعاء السعي,42770,46440,3925000,75,0,12000,0.02,0.98,2026-06-02 19:12:19,"AI Overview,Thumbnail,People also ask,Image pack,Video preview",13000,42000,44000,2015-09-26,"9870, 11905, 11098, 9906, 9375, 10667, 10965, 11423, 9862, 52542, 9053, 12311, 7796, 14049, 13634, 8683, 10671, 10634, 10773, 14294, 13658, 21134, 20969, 16656","15469, 12839, 15821, 13706, 13895, 14783, 14509, 15402, 14766, 22242, 22077"
12,دعاء المطر,42160,153250,1117600,39,0,22000,0.02,0.66,2026-06-01 6:43:02,"AI Overview,Thumbnail,People also ask,Image pack,Video preview,Sitelinks",98000,17000,34000,2015-09-01,"4268, 7259, 55159, 21515, 30519, 26989, 7264, 47503, 38809, 63120, 8799, 5822, 1313, 4241, 31512, 5850, 2748, 20382, 78696, 12992, 12740, 43500, 42845, 20591","5175, 13357, 27806, 7704, 20425, 52187, 37717, 37497, 30266, 43634, 42956, 20684"
13,ادعيه العمره,41250,51500,286000,8,1,18000,0.07,0.95,2026-06-07 10:13:22,"AI Overview,Thumbnail,People also ask,Image pack,Video preview",19000,49000,54000,2015-11-10,"2626, 19059, 17111, 11528, 11526, 17061, 12230, 19707, 13416, 73667, 6384, 5444, 4662, 19302, 18695, 15458, 16947, 18440, 17536, 21519, 19313, 29437, 31512, 20023","17937, 15568, 20219, 16981, 18470, 19963, 19060, 23042, 20837, 30961, 33035, 21547"
14,دعاء الوتر,38410,83640,2179000,85,5,12000,0.02,0.83,2026-06-01 6:03:47,"AI Overview,Thumbnail,People also ask,Video preview,Sitelinks,Image pack",29000,18000,26000,2015-09-11,"9095, 8715, 9851, 9869, 10712, 10707, 12692, 11463, 12166, 51722, 6400, 7241, 7167, 6884, 7998, 8730, 9878, 8684, 9160, 11636, 12396, 52719, 3341, 10685","7249, 7179, 7901, 9070, 9883, 8480, 12480, 11549, 12315, 52647, 2158, 10627"
15,تحصين النفس,35490,75130,456200,23,0,55000,0.02,0.29,2026-05-30 3:37:20,"Image pack,People also ask,Video preview,Sitelinks",107000,4900,11000,2015-09-01,"65920, 65369, 64846, 61041, 57740, 69433, 56479, 69694, 53450, 49500, 62591, 56352, 57596, 60943, 60719, 56611, 56882, 55281, 47832, 48485, 43562, 56276, 55902, 59218","62467, 65179, 62440, 59964, 58036, 59172, 58330, 63670, 59161, 59243, 58798, 62178"
16,دعاء الاستفتاح,35310,83870,404000,30,5,26000,0.02,0.58,2026-06-08 5:20:50,"People also ask,Knowledge panel,Video preview,Thumbnail,Image pack",51000,4800,11000,2015-09-02,"24705, 24339, 23329, 21162, 23465, 26990, 33651, 28081, 30948, 49219, 33065, 37088, 21218, 20981, 21799, 23959, 20072, 22200, 25382, 19920, 27772, 38136, 37543, 36953","27580, 23581, 22905, 20928, 24333, 28612, 34049, 29778, 30577, 39049, 38456"
17,دعاء الرزق والتوفيق,31490,110270,140100,26,3,6000,0.01,0.72,2026-05-27 10:09:18,"People also ask,Sitelinks,Videos,Image pack,Video preview",12000,6400,9900,2015-09-23,"7216, 6336, 7500, 5720, 6473, 5734, 3841, 6349, 5223, 15511, 4720, 4985, 8410, 5704, 6080, 5483, 4067, 5161, 5111, 6282, 5383, 9519, 5557, 5989","7212, 5818, 5840, 5906, 5129, 5819, 6075, 6319, 6226, 7397, 6628, 6088"
18,دعاء ختم القران,29740,83700,942000,21,15,12000,,0.94,2026-06-05 17:46:03,"Image pack,People also ask,Video preview,Thumbnail",34000,11000,45000,2015-09-05,"9324, 4429, 4430, 4467, 4748, 4689, 4811, 4874, 5238, 91240, 5001, 4894, 8336, 4725, 4677, 4716, 4885, 4734, 5035, 14302, 14351, 66717, 2441, 11928","19468, 8455, 11573, 11261, 10732, 10497, 16230, 16235, 16214, 19968, 21494, 20927"
19,خطوات العمرة,29720,36820,7212000,71,0,6700,0.07,1.14,2026-05-28 21:51:20,"AI Overview,People also ask,Video preview,Image pack",9000,84000,102000,2015-09-19,"10576, 3770, 7241, 4184, 3985, 5602, 6170, 6771, 5528, 6524, 11409, 9063, 10592, 3775, 7251, 4189, 3989, 5608, 6176, 6777, 5533, 6529, 11417, 9069","10599, 3777, 7254, 4191, 3991, 5610, 6179, 6779, 5535, 6531, 11420, 9072"
20,دعاء الكرب,29470,68010,829700,57,1,11000,0.02,0.72,2026-05-30 6:28:18,"AI Overview,Thumbnail,People also ask,Image pack,Video preview",26000,6700,10000,2015-09-01,"12238, 12790, 12137, 12400, 11972, 10311, 9241, 9243, 7945, 10347, 9031, 9173, 9725, 14791, 12276, 10859, 10779, 10333, 10212, 11027, 10399, 11247, 11530, 11247","11094, 11214, 11772, 10577, 10489, 10046, 9925, 10741, 10114, 10962, 11246, 10964"
21,دعاء للاب المتوفي,28520,127900,2048500,69,0,7200,0.01,0.67,2026-06-07 11:36:25,"AI Overview,Thumbnail,People also ask,Video preview,Image pack",25000,7800,33000,2015-10-25,"8495, 5377, 6407, 5940, 4584, 6476, 6198, 6339, 6882, 7957, 7883, 7254, 7675, 7496, 7050, 6621, 6473, 6990, 6779, 6973, 7047, 7787, 8375, 7661","8103, 7520, 7394, 7052, 6756, 7389, 7217, 7372, 7510, 8164, 8543, 7991"
22,دعاء الخروج من المنزل,26480,84340,159000,8,1,23000,0.02,0.63,2026-05-29 3:58:16,"AI Overview,Image pack,People also ask,Video preview",71000,2400,18000,2015-09-01,"16294, 18924, 18556, 25688, 34071, 23879, 22211, 20278, 19833, 17363, 22218, 23442, 18012, 22085, 20741, 22627, 32559, 26919, 24354, 21901, 23195, 23316, 19646, 21567","21130, 20196, 20862, 22749, 32680, 27040, 24476, 22023, 23316, 23437, 19767"
23,دعاء الصباح,26470,196330,631500,27,0,19000,0.02,0.65,2026-05-28 5:10:46,"AI Overview,People also ask,Image pack,Video preview",158000,4400,18000,2015-09-01,"17777, 17944, 22589, 24796, 25846, 23604, 24277, 22894, 19811, 13836, 19742, 18945, 15666, 16331, 19894, 22074, 22817, 20567, 21138, 20349, 18695, 14553, 17005, 18234","15489, 15761, 17960, 20274, 21988, 19125, 20511, 20065, 17855, 15113, 16326, 17639"
24,دعاء الاختبار,24860,73040,754000,25,0,13000,0.02,0.75,2026-06-07 20:43:09,"AI Overview,Thumbnail,People also ask,Image pack,Sitelinks,Video preview",18000,13000,28000,2015-10-12,"22637, 4520, 4540, 11744, 27149, 26702, 33266, 8545, 29364, 7466, 12955, 28167, 20621, 3780, 3772, 5525, 18233, 9892, 28515, 13684, 6896, 6166, 9060, 21633","23347, 7702, 7869, 10837, 22499, 35937, 32597, 14309, 22698, 20235, 17685"
25,دعاء لشخص تحبه,23850,44710,1266200,102,0,6700,0.07,1.1,2026-05-30 10:59:04,"AI Overview,Thumbnail,People also ask,Image pack,Video preview",11000,9100,14000,2015-09-03,"7302, 7797, 5985, 5507, 4527, 5271, 5599, 4720, 5190, 7117, 10062, 7223, 7745, 8268, 6344, 5836, 4796, 5583, 5928, 4996, 5492, 7530, 10643, 7638","8187, 8738, 6704, 6165, 5065, 5895, 6258, 5273, 5795, 7943, 11224, 8053"
26,دعاء التوفيق,22520,133880,3317000,64,0,9300,0.02,0.66,2026-06-07 18:52:09,"AI Overview,Thumbnail,People also ask,Image pack,Video preview",32000,11000,53000,2015-09-04,"8555, 7323, 7825, 8010, 9020, 9754, 10017, 8391, 8788, 8965, 9426, 9550, 9094, 7863, 8365, 8550, 9560, 10293, 10557, 8931, 9327, 9505, 9966, 10089","9634, 8402, 8904, 9090, 10099, 10833, 11097, 9470, 9867, 10045, 10505, 10629"
27,دعاء قبل المذاكرة,21210,59520,296400,28,0,13000,,0.68,2026-06-05 21:55:25,"AI Overview,Thumbnail,Image pack,People also ask,Video preview",28000,1500,2400,2015-09-06,"13884, 2782, 4772, 16696, 26386, 17215, 27248, 6151, 22166, 6126, 16379, 27447, 11608, 2792, 3192, 7742, 21337, 9846, 18956, 12099, 18682, 13173, 13809, 18961","14990, 4753, 5080, 10383, 20137, 21528, 23657, 12317, 18899, 13390"
28,دعاء المذاكرة,20070,42930,39520,10,1,10000,0.03,0.58,2026-06-08 3:16:14,"AI Overview,Thumbnail,Image pack,People also ask,Video preview",24000,4800,9600,2015-09-06,"13159, 2675, 4192, 14089, 23460, 14904, 25561, 5222, 17289, 5220, 13136, 20460, 9871, 2548, 2971, 6994, 17455, 8627, 21023, 9794, 6415, 5149, 7316, 16746","12893, 2797, 3334, 8131, 17675, 19075, 20616, 10086, 14949, 11274, 11688"
29,دعاء ليلة القدر,18480,98780,1226000,24,0,17000,0.01,0.91,2026-05-28 14:15:53,"People also ask,Image pack,Video preview",92000,23000,53000,2015-09-03,"222, 78, 81, 64, 63, 63, 62, 76, 113, 178911, 359, 118, 172, 69, 56, 84, 55, 57, 70, 21638, 23874, 158257, 29, 30881","1724, 18, 7234, 6356, 4899, 3202, 18008, 18063, 18085, 37103, 50386, 24917"
30,اذكار التحصين,17280,35020,145100,8,0,5600,0.02,1.02,2026-06-06 0:12:18,"AI Overview,Thumbnail,Image pack,People also ask,Video preview",7200,10000,20000,2015-09-04,"5552, 5651, 5602, 4612, 4648, 5662, 5494, 5590, 4436, 4544, 5552, 6574, 5305, 6735, 6651, 5435, 5451, 5448, 4654, 5648, 5027, 5306, 5471, 5917","5901, 6420, 6245, 5971, 6045, 6182, 6019, 6264, 5662, 5941, 6122, 6579"
31,دعاء قبل الافطار في رمضان,16270,51710,1268000,50,0,1800,,,2026-05-27 16:14:59,"AI Overview,People also ask,Video preview,Image pack",5100,13000,25000,2016-06-07,"24, 5, 3, 3, 3, 6, 6, 25, 76, 17618, 35, 12, 26, 9, 4, 4, 6, 7, 8, 859, 924, 18648, 1251, 500","482, 437, 400, 364, 326, 282, 962, 1000, 1064, 18788, 1391, 641"
32,دعاء سورة البقرة,15520,52810,126100,31,5,5800,0.01,,2026-06-02 18:01:56,"AI Overview,Thumbnail,Image pack,People also ask,Video preview",30000,2200,4100,2016-02-15,"5494, 4273, 5745, 5759, 5829, 4908, 4527, 5094, 4960, 4517, 4982, 6058, 6119, 4898, 6370, 6384, 6454, 5533, 5152, 5719, 5585, 5142, 5607, 6683","6744, 5523, 6995, 7009, 7079, 6158, 5777, 6344, 6210, 5767, 6232, 7308"
33,دعاء الطواف,15490,16970,587000,13,0,9500,0.02,1.15,2026-06-06 11:06:18,"AI Overview,Thumbnail,People also ask,Image pack,Video preview",10000,49000,51000,2015-09-08,"8130, 8192, 8557, 6857, 6844, 8154, 7414, 9479, 7652, 37352, 5237, 5850, 5831, 8180, 9188, 5811, 6513, 7139, 7473, 10352, 9954, 29091, 8181, 9712","7376, 8376, 10468, 7876, 8346, 8836, 10223, 10956, 10343, 21926, 13601, 8201"
34,دعاء اخر ساعه من الجمعه,15070,19390,130200,30,0,9200,0.02,,2026-06-07 10:46:38,"AI Overview,Thumbnail,Image pack,People also ask,Video preview",9900,5000,5400,2015-09-11,"7603, 7616, 8054, 7212, 7812, 7070, 8015, 8959, 7879, 8693, 8453, 9765, 8786, 8799, 9237, 8394, 8995, 8252, 9197, 10141, 9061, 9876, 9635, 10947","9968, 9981, 10419, 9577, 10178, 9435, 10380, 11324, 10244, 11058, 10818, 12130"
35,ادعية رمضانية,14770,62130,397000,14,0,1300,0.1,0.74,2026-05-15 2:58:51,"AI Overview,People also ask,Image pack,Video preview",4000,11000,29000,2016-05-26,"2102, 641, 448, 460, 436, 385, 391, 406, 408, 1371, 5621, 4452, 1996, 498, 312, 334, 318, 276, 290, 312, 320, 1290, 5546, 4382","1931, 437, 256, 282, 270, 231, 248, 273, 284, 1256, 5515, 4353"
36,ادعيه ليوم الجمعه,14430,38040,1273000,19,0,7400,0.03,0.72,2026-06-08 10:45:39,"AI Overview,Thumbnail,People also ask,Image pack,Video preview",14000,35000,84000,2015-09-04,"4159, 6193, 5444, 6539, 7713, 6839, 6886, 7026, 8677, 7770, 7605, 4890, 4674, 6952, 6104, 7323, 8629, 7644, 7688, 7837, 9668, 8650, 8458, 5433","5188, 7710, 6764, 8107, 9545, 8448, 8491, 8647, 10660, 9529, 9310, 5977"
37,دعاء بعد المذاكرة,14030,29830,157300,26,0,8800,,0.6,2026-06-08 1:53:06,"AI Overview,Thumbnail,People also ask,Image pack,Video preview",17000,3800,6800,2015-09-13,"13018, 252, 1131, 9567, 15623, 12328, 17909, 3284, 14508, 3365, 8896, 11759, 8235, 788, 3515, 6242, 11395, 14357, 12993, 7371, 11479, 8732, 8386, 10573","11247, 3325, 3805, 6547, 11698, 14662, 13298, 7677, 11786, 9040, 8694, 10882"
38,دعاء العشر الاواخر,13770,47860,363100,27,0,3700,0.01,1.19,2026-05-19 6:46:28,"AI Overview,Thumbnail,People also ask,Image pack,Video preview",5500,4800,11000,2016-06-24,"16152, 710, 73, 83, 67, 214, 321, 263, 106, 1316, 5574, 11357, 22085, 963, 99, 111, 89, 282, 421, 342, 137, 1695, 7141, 14477","28017, 1216, 124, 139, 111, 350, 521, 422, 168, 2074, 8709, 17598"
39,دعاء تسهيل الامور,13760,102450,174850,14,1,3100,0.04,0.63,2026-06-06 4:12:25,"AI Overview,Thumbnail,Image pack,People also ask,Videos,Video preview",18000,1000,16000,2015-09-07,"2601, 2815, 3104, 2990, 3244, 3362, 2894, 2987, 2490, 2678, 2846, 3263, 2796, 3010, 3300, 3186, 3440, 3558, 3089, 3182, 2686, 2873, 3041, 3458","2992, 3206, 3495, 3381, 3635, 3753, 3285, 3378, 2881, 3068, 3237"
40,دعاء قضاء الدين,13570,36320,81700,20,0,8700,0.02,0.84,2026-05-27 0:27:36,"Image pack,People also ask,Video preview",24000,1100,1400,2015-09-02,"7781, 8938, 8210, 6621, 6875, 7789, 8079, 7189, 8218, 8864, 8693, 9883, 8399, 9555, 8828, 7238, 7492, 8407, 8697, 7807, 8835, 9481, 9310, 10500","9016, 10173, 9446, 7856, 8110, 9024, 9314, 8425, 9453, 10099, 9928, 11118"
41,دعاء التحريج,13000,14000,1500,1,0,13000,,,2026-06-07 21:37:14,"AI Overview,Thumbnail,People also ask,Image pack,Video preview",14000,1500,1500,2020-07-27,"1965, 3822, 4747, 6744, 7285, 7742, 5432, 7526, 5236, 8766, 8944, 14028, 12187, 11280, 11616, 11913, 12160, 12407, 12468, 12830, 12948, 13176, 13188, 13790","13739, 13963, 14025, 14322, 14569, 14816, 14877, 15239, 15357, 15585, 15597, 16199"
42,دعاء الافطار,12940,79960,944000,29,0,5700,0.05,0.63,2026-05-28 20:09:10,"AI Overview,People also ask,Image pack,Video preview",39000,6400,35000,2015-09-17,"3030, 1464, 76, 78, 676, 846, 935, 3244, 6256, 67416, 1460, 847, 2186, 856, 79, 79, 144, 795, 1550, 3180, 29565, 28283, 1400, 1466","2563, 949, 219, 181, 25, 762, 1736, 3865, 6618, 70356, 1650, 1716"
43,صباح الخير دعاء,12780,169970,213000,14,0,4500,0.06,0.42,2026-06-05 19:41:44,"Image pack,People also ask,Video preview,Thumbnail",80000,700,16000,2015-09-21,"3826, 4088, 4942, 4369, 4748, 4546, 4645, 4271, 4283, 3892, 3849, 4485, 4412, 4579, 4833, 4451, 4684, 4602, 4752, 4458, 4538, 4280, 4011, 4542","4544, 4641, 4721, 4539, 4744, 4684, 4810, 4530, 4591, 4334, 4134, 4634"
44,ادعية السعي,12370,13370,48700,5,0,8900,0.05,1.24,2026-06-05 7:08:52,"AI Overview,Thumbnail,People also ask,Image pack,Video preview",9200,9700,10000,2015-11-20,"8495, 7966, 9180, 9001, 7820, 8613, 9099, 8640, 8222, 12118, 8104, 8931, 8944, 8968, 8906, 8938, 8940, 8925, 8925, 8911, 8921, 8869, 8829, 8944","8957, 8979, 8925, 8951, 8959, 8944, 8942, 8934, 8944, 8883, 8874, 8959"
45,دعاء السوق,12240,51480,53000,11,0,7300,0.02,0.43,2026-05-28 0:28:10,"AI Overview,People also ask,Image pack,Video preview",26000,800,2700,2015-09-04,"7849, 6521, 6343, 6071, 5767, 6582, 7044, 6793, 7857, 14330, 5866, 7012, 7008, 7511, 7162, 6502, 6306, 6794, 7111, 6951, 6982, 8976, 9298, 8653","9747, 8160, 7224, 6564, 6367, 6856, 7172, 7013, 7043, 9038, 9360, 8714"
46,دعاء لنفسي,12000,31090,265700,24,0,6700,0.03,0.78,2026-06-03 9:28:47,"AI Overview,People also ask,Image pack,Video preview",20000,5400,10000,2015-09-13,"12043, 6080, 7608, 6244, 6276, 6450, 6074, 7048, 6408, 18841, 4052, 4595, 8551, 5514, 6785, 4394, 4921, 5858, 7607, 6626, 5318, 18608, 2115, 4565","7704, 5406, 6835, 4207, 4954, 6091, 4997, 6524, 5214, 18506, 767, 4465"
47,افضل دعاء يوم عرفه,11560,50780,82900,9,1,3300,0.02,0.91,2026-06-01 5:57:12,"People also ask,Image pack,Video preview",3900,5500,15000,2015-09-07,"24979, 2, 2214, 1903, 1895, 1868, 1845, 1821, 1794, 3170, 3201, 3233, 3059, 2895, 3266, 3340, 3382, 3415, 3449, 3483, 3517, 3539, 3574, 3609","3275, 3540, 3672, 3738, 3781, 3818, 3856, 3894, 3932, 3948, 3986, 4025"
48,دعاء الجمعة,11360,47360,82300,7,0,7900,0.02,0.54,2026-06-07 14:54:58,"AI Overview,Thumbnail,Image pack,People also ask,Video preview",39000,7700,17000,2015-09-03,"7845, 7969, 7993, 8094, 8326, 8158, 8569, 8185, 8313, 8942, 8448, 7023, 7558, 7687, 7719, 7826, 8059, 7905, 8312, 7949, 8081, 8701, 8228, 6847","7374, 7507, 7545, 7655, 7889, 7745, 8149, 7798, 7933, 8548, 8088, 6734"
49,دعاء الحاجه,11000,145680,124800,14,0,1300,0.01,0.81,2026-05-23 23:12:10,"AI Overview,People also ask,Video preview,Image pack",5800,5200,35000,2015-10-24,"1095, 927, 1355, 1416, 1432, 1153, 1056, 1325, 1101, 1450, 946, 974, 908, 929, 1755, 1485, 1459, 1147, 1138, 1238, 1258, 1360, 1522, 1348","1292, 1329, 1414, 1317, 1321, 1273, 1290, 1312, 1332, 1434, 1596, 1421"
50,دعاء دخول المسجد,10990,27130,91700,14,0,6400,,0.71,2026-06-07 14:47:04,"AI Overview,People also ask,Image pack,Video preview",16000,3600,6700,2015-09-03,"4403, 4326, 3094, 4011, 5497, 7865, 9092, 7079, 8604, 18158, 4844, 4241, 4216, 4888, 5548, 5043, 6606, 7491, 8327, 6800, 7522, 8594, 7887, 5510","5163, 4313, 4676, 5248, 8565, 9131, 8957, 7214, 7937, 9009, 8302, 5924"
51,دعاء الصيام,10810,45930,164200,16,1,5200,0.02,,2026-06-06 9:28:41,"AI Overview,Thumbnail,People also ask,Image pack,Video preview",21000,3600,14000,2015-10-24,"4220, 2136, 771, 887, 832, 1899, 2448, 4166, 6304, 20081, 9726, 2028, 4816, 2737, 1378, 1499, 1448, 2521, 3075, 4798, 6941, 20723, 10374, 2681","5474, 3401, 2047, 2174, 2129, 3207, 3767, 5496, 7645, 21433, 11089, 3402"
52,دعاء يوم الجمعة,10740,40510,2218000,31,0,25000,0.02,0.69,2026-06-05 19:42:19,"AI Overview,Thumbnail,People also ask,Image pack,Video preview",118000,25000,71000,2015-09-03,"27075, 29286, 38318, 32922, 34075, 37004, 31133, 40279, 25968, 21235, 20957, 29249, 16141, 23564, 33029, 25340, 25911, 28039, 24259, 30757, 22126, 21564, 23319, 26211","22958, 24931, 28231, 26420, 26391, 26298, 26513, 26299, 26149, 25856, 25275, 25736"
53,دعاء الزواج,10450,55500,461300,36,0,4000,0.03,0.69,2026-06-08 1:43:09,"AI Overview,Thumbnail,People also ask,Image pack,Video preview",23000,4500,22000,2015-09-02,"5352, 5013, 3597, 3625, 3390, 3715, 3519, 3973, 3622, 3744, 5194, 4303, 4742, 5373, 3665, 3439, 3311, 3493, 3441, 3774, 3490, 3656, 4891, 4131","4633, 4917, 3475, 3346, 3200, 3403, 3315, 3646, 3373, 3508, 4672, 3954"
54,دعاء الارق,10380,23430,66800,20,0,8200,0.06,0.59,2026-05-28 0:27:22,"AI Overview,Image pack,People also ask,Video preview",15000,2100,4300,2015-09-05,"7887, 7484, 7837, 7724, 7377, 6882, 6881, 7327, 7047, 7367, 7335, 8664, 8609, 8219, 8576, 8469, 8128, 7639, 7644, 8097, 7823, 8149, 8123, 9458","9410, 9026, 9390, 9290, 8955, 8473, 8485, 8944, 8677, 9010, 8991, 10333"
55,دعاء رؤية الكعبة,10200,13060,32400,7,0,7300,0.02,1.04,2026-05-27 2:10:12,"AI Overview,People also ask,Image pack,Video preview",9700,3000,3700,2015-09-13,"6858, 5093, 5955, 4684, 6328, 6729, 6794, 10222, 8622, 18224, 2974, 4980, 5686, 6185, 6025, 5933, 7054, 8620, 8778, 8414, 7859, 9902, 8459, 7520","8114, 7014, 7987, 7059, 7298, 8324, 8166, 9066, 8512, 10555, 9112, 8173"
56,دعاء قصير,10030,37230,288000,21,0,4700,0.05,0.83,2026-05-30 10:28:47,"AI Overview,People also ask,Image pack,Video preview,Thumbnail",20000,4900,14000,2015-09-01,"4671, 4166, 4940, 4501, 4817, 5001, 4326, 5056, 4742, 11095, 4211, 4294, 3438, 4018, 4120, 3499, 3574, 3386, 4340, 5215, 4692, 11352, 4237, 4905","3613, 4470, 4336, 3824, 3895, 5390, 4600, 5619, 5070, 11708, 4571"
57,دعاء المنزل الجديد,10010,22810,210000,39,3,4000,0.02,0.96,2026-06-05 21:54:19,"AI Overview,Thumbnail,People also ask,Image pack,Video preview",6900,3400,6100,2015-09-03,"4838, 5047, 6069, 4151, 4129, 5007, 4936, 4919, 4929, 3354, 3392, 4095, 4061, 4975, 5051, 4096, 4110, 4034, 3373, 4164, 3361, 2728, 3594, 3831","4111, 4417, 4609, 4090, 4194, 4145, 4146, 4214, 4097, 4254, 3745, 3992"
58,دعاء الحفظ,10000,22000,2300,2,0,9600,0.02,0.66,2026-06-06 3:12:02,"Image pack,Video preview,People also ask",21000,1200,1200,2015-09-01,"8913, 6870, 7531, 8377, 10781, 11193, 10075, 9571, 9270, 9566, 8702, 9640, 9392, 7305, 7968, 8836, 11245, 11661, 10538, 10025, 9742, 10040, 9175, 10118","9873, 7780, 8446, 9320, 11738, 12157, 11032, 10519, 10239, 10539, 9674, 10622"
59,دعاء للاختبارات,9930,15840,268700,42,2,1800,0.02,0.86,2026-05-28 23:37:28,"AI Overview,People also ask,Image pack,Video preview",2400,4900,6600,2015-09-06,"4657, 104, 103, 1383, 2865, 5716, 2488, 239, 6166, 151, 418, 2148, 3511, 84, 81, 149, 1267, 218, 2635, 4021, 5094, 958, 1086, 2020","3785, 135, 107, 407, 1520, 3068, 3277, 820, 4386, 1436, 1187, 1995"
60,دعاء للاولاد,9900,25810,8300,3,0,2500,0.02,0.72,2026-06-09 10:16:06,"AI Overview,Image pack,People also ask,Video preview",9300,7200,8700,2015-09-03,"3428, 1698, 2337, 2348, 2407, 2051, 2445, 2205, 1559, 2966, 1933, 2452, 2473, 2494, 2555, 2567, 2569, 2545, 2536, 2566, 2634, 2512, 2355, 2505","2472, 2567, 2587, 2597, 2596, 2595, 2571, 2605, 2689, 2530, 2453, 2549"
61,دعاء القنوت,9890,46630,198500,21,7,7000,0.02,0.9,2026-06-07 6:23:19,"AI Overview,Thumbnail,People also ask,Videos,Video preview,Image pack",34000,7800,13000,2015-09-01,"5756, 3176, 3452, 3148, 3346, 3400, 5971, 3619, 6672, 74018, 3376, 3310, 5637, 3302, 3238, 3204, 3220, 3330, 3593, 2723, 4982, 41972, 5516, 15089","6955, 1738, 3816, 1470, 2953, 2455, 3208, 2055, 3036, 26814, 15891, 12326"
62,دعاء الرزق,9750,34700,641200,15,9,28000,0.06,0.7,2026-06-05 15:53:44,"AI Overview,Thumbnail,People also ask,Videos,Image pack,Video preview,Sitelinks",100000,3900,8000,2015-09-01,"35912, 27827, 27206, 26639, 25563, 25511, 23197, 24967, 22701, 56948, 21515, 21056, 28521, 26526, 28239, 27908, 26979, 27798, 27133, 27675, 27304, 39993, 27500, 28706","30303, 29476, 30271, 29762, 29943, 29912, 29895, 30161, 30098, 33319, 32670, 30704"
63,دعاء ختم القران للسديس مكتوب pdf,9140,15730,30400,16,0,6000,,,2026-06-07 14:57:51,"Image pack,People also ask,Video preview",9600,600,800,2017-06-05,"1212, 465, 455, 528, 557, 585, 666, 772, 918, 17921, 897, 824, 785, 880, 865, 1001, 1373, 1291, 1533, 741, 5179, 41719, 852, 15106",
64,دعاء زيارة قبر الرسول,9090,10570,88400,14,0,3200,0.02,0.99,2026-06-08 5:07:16,"AI Overview,Thumbnail,People also ask,Video preview",3500,8000,8000,2015-09-04,"4578, 3751, 2566, 3172, 3748, 3852, 3876, 5627, 3899, 6961, 3741, 2057, 2509, 2530, 3072, 3063, 2529, 3747, 3136, 4906, 3294, 3388, 3857, 3803","2967, 3171, 3449, 2624, 2712, 3287, 3400, 4943, 3318, 3413, 3885"
65,ادعيه ليوم عرفه,8850,18510,818000,33,0,11000,0.02,0.99,2026-06-07 9:10:41,"AI Overview,Thumbnail,People also ask,Video preview,Image pack",16000,3300,12000,2015-09-15,"20729, 38057, 23988, 9918, 2970, 3404, 5311, 4105, 2520, 3891, 4032, 3525, 21469, 38796, 24728, 10658, 3710, 4144, 6050, 4845, 3260, 4631, 4772, 4265","22208, 39536, 25468, 11398, 4450, 4884, 6790, 5584, 3999, 5370, 5512, 5004"
66,دعاء العين والحسد,8830,37490,460840,33,1,1500,0.04,0.75,2026-05-21 6:01:15,"AI Overview,People also ask,Image pack,Video preview",7800,3400,14000,2015-09-14,"1724, 1705, 2035, 1690, 1671, 2042, 1680, 1681, 1622, 2020, 1663, 1707, 1687, 1671, 1601, 1658, 1603, 1328, 1375, 1438, 1417, 1548, 1438, 1476","1413, 1466, 1522, 1455, 1456, 1429, 1364, 1419, 1403, 1536, 1428, 1468"
67,صلاة الاستخارة,8780,54240,5051000,26,9,38000,0.02,0.83,2026-06-08 8:05:10,"AI Overview,Thumbnail,People also ask,Image pack,Video preview",287000,30000,207000,2015-09-01,"40788, 48721, 47911, 38918, 37490, 38361, 37929, 36281, 31961, 30372, 39234, 37916, 34058, 41192, 42596, 39532, 37656, 36543, 34933, 38173, 37886, 36552, 34450, 37628","41570, 43658, 45464, 39641, 37760, 36645, 35030, 38278, 37991, 36653, 34545, 37732"
68,دعاء نهاية العمرة,8390,9420,75900,18,0,1500,0.01,,2026-06-05 2:36:58,"AI Overview,Thumbnail,People also ask,Image pack,Video preview",1500,4600,4700,2016-04-12,"159, 973, 995, 794, 867, 889, 1002, 1292, 1179, 5111, 759, 985, 425, 1011, 1169, 828, 1156, 1143, 1193, 1542, 1543, 5854, 827, 1564","612, 981, 1375, 880, 1305, 1384, 1389, 1819, 1827, 6140, 1116, 1856"
69,دعاء الفرج,8360,66930,31600,4,0,7600,0.02,0.62,2026-06-02 17:04:53,"AI Overview,Thumbnail,People also ask,Videos,Image pack,Video preview",61000,3100,14000,2015-09-01,"8230, 7497, 7894, 7133, 7113, 7135, 7308, 7463, 7087, 8016, 8662, 8222, 8227, 7494, 7891, 7131, 7111, 7133, 7306, 7462, 7086, 8015, 8661, 8221","8226, 7493, 7891, 7131, 7110, 7133, 7306, 7461, 7086, 8015, 8661, 8221"
70,دعاء يريح القلب,8300,10000,3100,1,1,1500,0.02,0.8,2026-05-18 21:27:57,"People also ask,Image pack,Video preview,Thumbnail",7400,4200,5300,2015-09-02,"1615, 1644, 1669, 1615, 1932, 1921, 1630, 1622, 1573, 2338, 1301, 1595, 1209, 1254, 1573, 1282, 1526, 1257, 1566, 1452, 1434, 1705, 1557, 1574","1430, 1472, 1482, 1427, 1490, 1459, 1527, 1496, 1478, 1757, 1604, 1621"
71,دعاء للام,7930,19630,171400,18,0,6000,0.03,0.6,2026-06-08 5:16:56,"AI Overview,Thumbnail,People also ask,Image pack,Video preview",15000,4300,11000,2015-09-03,"7906, 4763, 5026, 5043, 4874, 5539, 5624, 5698, 5776, 6850, 6809, 5896, 6045, 6383, 5669, 5389, 5423, 5699, 5800, 5815, 5835, 6814, 6630, 5831","6272, 6050, 5648, 5478, 5475, 5735, 5809, 5828, 5850, 6599, 6479, 5863"
72,دعاء للميت يوم الجمعة,7800,33010,202500,36,0,4300,0.01,0.72,2026-05-28 8:07:42,"AI Overview,Thumbnail,Video preview,People also ask,Image pack",15000,1100,3300,2015-09-23,"3360, 3901, 4870, 3864, 4518, 4069, 4622, 4392, 4416, 4537, 4260, 3649, 4065, 4532, 4218, 4112, 4430, 4060, 4613, 4385, 4409, 4531, 4255, 3645","4061, 4529, 4215, 4109, 4428, 4058, 4611, 4383, 4407, 4529, 4254, 3645"
73,دعاء لصديقتي,7620,17910,43850,26,0,4600,0.03,0.75,2026-05-27 8:57:50,"AI Overview,Thumbnail,People also ask,Image pack,Video preview",11000,1800,2200,2015-09-04,"6454, 2940, 3286, 3519, 3562, 3927, 3833, 3941, 3545, 5798, 4565, 4537, 4566, 4592, 4531, 4485, 4535, 4582, 4618, 4610, 4607, 4755, 4858, 4713","4787, 4707, 4684, 4667, 4705, 4750, 4775, 4779, 4771, 4934, 4968, 4882"
74,أدعية العمرة,7490,9770,379000,27,1,2000,0.07,1.07,2026-05-25 3:53:25,"AI Overview,People also ask,Video preview,Image pack",2600,14000,16000,2015-09-06,"681, 2060, 2204, 1751, 1950, 2554, 2349, 2775, 2214, 8156, 861, 922, 650, 2069, 2140, 1365, 2007, 2433, 2098, 1816, 3108, 4435, 703, 2753","2598, 2200, 2223, 1955, 2193, 2311, 2463, 2874, 2866, 3879, 3571, 2899"
75,دعاء بعد الاذان,7300,15300,30700,8,1,6000,0.02,0.76,2026-05-28 0:29:37,"AI Overview,People also ask,Image pack,Video preview,Thumbnail",12000,2600,4000,2015-09-20,"5665, 5510, 5740, 6103, 7422, 7142, 7967, 5467, 5824, 8953, 4779, 4970, 4779, 6156, 6404, 5528, 5704, 6219, 7476, 6060, 6714, 6642, 6118, 5628","4435, 4750, 4969, 4830, 6174, 5678, 6446, 5490, 6077, 6007, 5529"
76,دعاء عصر يوم الجمعة,7200,23000,100,1,0,350,0.02,,2026-05-03 0:58:17,"AI Overview,People also ask,Video preview",700,21000,68000,2016-09-23,"375, 387, 575, 470, 476, 582, 376, 295, 150, 185, 156, 369, 300, 381, 558, 374, 465, 296, 297, 309, 285, 299, 300, 336","301, 308, 317, 273, 286, 251, 273, 265, 262, 245, 250, 247"
77,دعاء الروضة الشريفة,7200,7830,149850,26,0,3200,0.02,1.05,2026-06-07 17:03:46,"AI Overview,Thumbnail,People also ask,Image pack,Video preview",3300,6800,7400,2015-12-06,"3828, 2512, 2501, 2479, 3084, 3754, 4653, 3914, 4652, 3778, 2554, 2541, 3071, 2519, 3177, 2514, 3092, 3147, 4584, 3692, 3695, 3220, 2673, 2553","3173, 2721, 3173, 2827, 3463, 3820, 4780, 4027, 4030, 3555, 3008, 2888"
78,دعاء للابناء,7100,22230,135200,17,0,9000,0.04,0.74,2026-05-23 4:33:13,"AI Overview,People also ask,Image pack,Video preview,Thumbnail",24000,2000,2900,2015-09-03,"17911, 5142, 6757, 6301, 6756, 8853, 6552, 5720, 7426, 18401, 3818, 7572, 10463, 9649, 7344, 8301, 8231, 9251, 9067, 8442, 9338, 13729, 7203, 9935","10399, 9811, 9689, 9628, 9656, 9922, 9751, 9705, 9852, 10319, 10240, 9941"
79,دعاء للاب,7060,20710,72950,26,0,2800,0.04,0.6,2026-06-06 3:11:40,"People also ask,Image pack,Video preview,Thumbnail",8300,1200,3200,2015-09-03,"6070, 3367, 3974, 2745, 3364, 3332, 3331, 3371, 3186, 7235, 2166, 2622, 4479, 2619, 2655, 2189, 2156, 2111, 2617, 2721, 2492, 4747, 2523, 2217","4475, 2573, 2418, 2175, 2190, 2238, 2593, 2617, 2494, 4254, 3053, 2170"
80,دعاء تسهيل الولادة,7030,36080,239200,26,0,3000,0.02,0.77,2026-06-06 12:11:44,"AI Overview,Thumbnail,People also ask,Image pack,Video preview",15000,2600,9100,2015-09-01,"4344, 3702, 3682, 3662, 4377, 3614, 3635, 3622, 2959, 3580, 3584, 3610, 3447, 3019, 3081, 3046, 3015, 2459, 2934, 2835, 2685, 2910, 2882, 2930","2926, 3027, 2887, 2791, 3123, 2904, 2703, 2813, 2676, 2883, 2857, 2905"
81,دعاء للوالدين,7020,21290,47400,8,0,5000,0.01,0.77,2026-05-29 7:07:23,"AI Overview,People also ask,Image pack,Video preview",17000,3600,7700,2015-09-01,"11796, 4879, 5135, 4533, 4760, 4754, 4933, 5300, 5220, 15683, 2731, 3965, 8075, 3966, 4518, 3409, 3780, 3249, 4527, 6171, 6238, 9929, 2984, 5465","7759, 4509, 6042, 5533, 5753, 6785, 6779, 6772, 6773, 6714, 6722"
82,دعاء للام المتوفية,6910,46920,174830,20,0,2500,0.04,,2026-06-07 8:04:52,"AI Overview,Thumbnail,People also ask,Image pack,Video preview",13000,1800,13000,2015-11-17,"3324, 3240, 3327, 2719, 2724, 2718, 2717, 3279, 2711, 4983, 2240, 2677, 2623, 2237, 2233, 2197, 2222, 2203, 2255, 2377, 2339, 3221, 2855, 2807","2720, 2838, 2604, 2521, 2549, 2518, 2547, 2692, 2646, 3639, 3221, 3164"
83,دعاء على الظالم,6680,28340,134100,20,5,2700,0.02,0.83,2026-06-05 20:56:45,"AI Overview,Thumbnail,People also ask,Image pack,Video preview",12000,2900,7700,2015-09-05,"3082, 2329, 2852, 2290, 2204, 2438, 2473, 2364, 2516, 2605, 3320, 3030, 3153, 2956, 2498, 2374, 2391, 2390, 2424, 2316, 2468, 2557, 3272, 2983","3105, 2909, 2450, 2327, 2343, 2343, 2377, 2268, 2421, 2510, 3225, 2936"
84,دعاء الريح,6670,27230,9060,5,0,5300,0.01,0.52,2026-05-27 5:29:42,"AI Overview,People also ask,Image pack,Video preview",17000,2000,3000,2015-09-01,"2597, 2625, 3489, 2494, 3210, 1828, 1765, 4818, 8483, 15044, 10778, 6628, 2588, 2616, 3477, 2487, 3200, 1823, 1760, 4806, 8463, 15010, 10755, 6615","2583, 2611, 3471, 2483, 3195, 1821, 1758, 4799, 8452, 14993, 10743, 6608"
85,دعاء التراويح,6600,15720,315000,15,0,4200,0.01,1.09,2026-06-06 3:25:18,"Image pack,Video preview,People also ask,Thumbnail",5700,18000,26000,2016-01-05,"88, 46, 47, 56, 67, 65, 78, 116, 7096, 71919, 164, 91, 86, 48, 48, 38, 39, 57, 58, 271, 3013, 35443, 10875, 20346","14, 2879, 10, 1070, 7, 725, 320, 209, 1543, 27157, 16653, 17478"
86,صلاة الخسوف,6600,25000,24000,1,0,1900,,0.94,2026-06-04 3:40:38,"AI Overview,Thumbnail,People also ask,Video preview,Image pack",29000,14000,24000,2015-09-26,"961, 1423, 1144, 1179, 10091, 1497, 1519, 1801, 1758, 1742, 1743, 1766, 1790, 2099, 1836, 1834, 2335, 1790, 1852, 1815, 1780, 1767, 1769, 1789","1802, 2054, 1842, 1842, 2424, 1814, 1864, 1841, 1813, 1803, 1804, 1821"
87,دعاء صلاة الحاجة,6300,86200,75300,6,0,4700,0.02,0.59,2026-06-02 21:21:04,"AI Overview,Thumbnail,Image pack,People also ask,Video preview",58000,1600,12000,2015-09-03,"2829, 2866, 4330, 5396, 4437, 4281, 3556, 3570, 2353, 2914, 2344, 2807, 2204, 2820, 6485, 6419, 6493, 5387, 5306, 4477, 4288, 5020, 4949, 5616","5361, 5861, 6371, 6194, 5925, 5707, 5969, 5685, 5420, 6316, 6200, 7006"
88,دعاء,6080,16180,2121000,25,5,87000,0.02,0.44,2026-06-07 6:23:26,"AI Overview,Thumbnail,People also ask,Image pack,Video preview",317000,40000,113000,2015-09-01,"112449, 83830, 89241, 82001, 84145, 89292, 84088, 87768, 87180, 207473, 71403, 80102, 91050, 74969, 78421, 72786, 72690, 70855, 78583, 73463, 77162, 217704, 51584, 81947","86078, 68827, 72527, 69302, 69758, 65983, 80480, 87155, 88592, 218414, 52295, 82659"
89,دعاء للزوج,5850,22000,54800,8,0,3700,0.03,0.54,2026-05-29 8:43:50,"AI Overview,People also ask,Video preview,Image pack",15000,2700,7100,2015-09-01,"6346, 2895, 2652, 2162, 2486, 3474, 3126, 3541, 3147, 4768, 5537, 2771, 4217, 5050, 3259, 2710, 2683, 3523, 3513, 3498, 3434, 4107, 5191, 3600","5106, 4319, 3534, 3192, 3286, 3532, 3431, 3538, 3396, 4187, 4953, 3376"
90,دعاء المظلوم,5800,31370,88400,19,4,3300,0.02,0.74,2026-06-07 20:39:55,"AI Overview,Thumbnail,Image pack,People also ask,Video preview,Sitelinks",21000,1400,5700,2015-09-02,"3976, 3693, 3516, 3202, 3319, 3222, 2939, 2913, 2973, 3463, 3829, 3676, 3869, 3587, 3410, 3096, 3214, 3117, 2834, 2809, 2868, 3359, 3725, 3572","3766, 3484, 3307, 2994, 3112, 3015, 2733, 2707, 2768, 3259, 3625, 3472"
91,دعاء دخول المسجد الحرام,5760,6660,10950,5,1,5400,,0.81,2026-06-08 8:13:23,"AI Overview,Thumbnail,People also ask,Image pack,Video preview",6200,3900,4300,2015-09-11,"3583, 3462, 3095, 3638, 3338, 3817, 3772, 3515, 4056, 4346, 5224, 4412, 5045, 4965, 4646, 5238, 4987, 5518, 5526, 5323, 5921, 6269, 7207, 6456","7154, 7140, 6888, 7550, 7372, 7977, 8062, 7938, 8617, 9050, 10074, 9413"
92,دعاء الخير,5710,27530,22550,4,0,400,0.02,,2026-05-21 19:34:44,"AI Overview,Image pack,People also ask,Video preview",2000,2400,2500,2016-01-04,"428, 430, 428, 372, 425, 432, 423, 505, 443, 907, 381, 471, 404, 399, 395, 359, 363, 354, 450, 429, 412, 521, 446, 435","425, 454, 457, 417, 428, 429, 444, 454, 437, 547, 471, 460"
93,دعاء الشكر,5650,15550,170200,19,0,900,0.03,0.76,2026-05-22 18:14:49,"AI Overview,People also ask,Image pack,Video preview",3400,2900,9100,2015-09-13,"1222, 1046, 1224, 1020, 1194, 1020, 1218, 1168, 964, 1466, 984, 1002, 926, 803, 789, 945, 780, 718, 925, 843, 823, 938, 919, 1010","883, 876, 862, 813, 880, 851, 878, 859, 839, 956, 936, 1029"
94,دعاء لامي,5610,16970,67870,26,0,3600,0.03,0.69,2026-05-29 8:44:17,"AI Overview,People also ask,Video preview,Image pack",11000,1900,8100,2015-09-09,"3883, 3973, 3475, 3034, 3107, 3088, 3145, 3201, 3231, 3791, 4203, 3862, 3982, 4072, 3574, 3134, 3207, 3187, 3245, 3300, 3331, 3890, 4302, 3961","4081, 4171, 3673, 3233, 3306, 3287, 3344, 3399, 3430, 3989, 4401, 4060"
95,دعاء قبل الاختبار,5590,116190,2528000,40,0,5500,0.35,0.76,2026-06-04 5:51:26,"AI Overview,Thumbnail,People also ask,Image pack,Video preview",7900,13000,30000,2015-10-05,"7129, 1950, 1589, 3650, 11705, 9455, 13377, 3320, 9610, 3633, 5459, 12327, 4885, 1542, 1182, 2422, 8753, 5085, 7821, 3890, 6641, 5555, 5834, 7082","6797, 2641, 2871, 3394, 8073, 10138, 8212, 4130, 6845, 5795, 6062, 7271"
96,دعاء الضيقه,5560,16530,1400,5,0,300,0.03,0.87,2026-05-07 15:16:56,"AI Overview,People also ask",350,60,300,2015-09-27,"411, 485, 515, 473, 433, 444, 417, 395, 388, 444, 431, 365, 310, 338, 355, 319, 313, 268, 265, 288, 278, 288, 241, 232","227, 403, 330, 300, 290, 265, 245, 270, 260, 269, 225, 217"
97,دعاء الجوشن الكبير,5550,24100,7000,3,0,4500,0.02,0.88,2026-06-05 10:02:22,"Knowledge panel,Image pack,Video preview",17000,1500,2200,2015-09-16,"1860, 970, 950, 938, 1001, 299, 1092, 1270, 1087, 35879, 1537, 1141, 1081, 997, 206, 204, 207, 286, 661, 4120, 4192, 41378, 106, 2303","1961, 1857, 598, 167, 40, 34, 3977, 4086, 4160, 41347, 15, 2271"
98,دعاء خسوف القمر,5530,37210,8000,4,0,3600,,0.93,2026-06-05 6:39:34,"AI Overview,Thumbnail,People also ask,Image pack,Video preview",29000,1400,1400,2015-09-27,"3, 4, 3, 181, 9, 7, 4, 5, 2, 254, 3, 5, 2, 5, 7, 37861, 3257, 1260, 53, 18, 107, 107, 117, 443","318, 1, 1, 6993, 4900, 1870, 78, 26, 153, 151, 163"
99,دعاء دخول الحرم المكي,5500,5900,1300,1,0,1300,0.03,,2026-05-26 18:34:02,"AI Overview,People also ask,Video preview,Image pack,Thumbnail",1600,1900,2000,2015-09-24,"712, 880, 894, 781, 892, 921, 1135, 1419, 1160, 3250, 515, 645, 534, 1398, 1437, 1171, 1438, 1600, 1718, 1269, 1259, 1676, 1603, 1164","1121, 1263, 1396, 1324, 1371, 1415, 1471, 1512, 1502, 1919, 1846, 1407"
100,دعاء الخوف,5470,18960,19900,8,3,3800,0.02,0.82,2026-05-28 15:38:07,"AI Overview,Image pack,People also ask,Video preview",11000,1000,2200,2015-09-01,"4714, 4773, 5699, 4789, 5719, 4781, 5658, 4640, 3831, 3860, 4619, 4650, 3810, 3717, 4284, 4217, 3478, 3557, 3463, 3514, 3403, 3769, 3309, 3737","3677, 3605, 3635, 3446, 3761, 3462, 3609, 3462, 3354, 3718, 3247, 3680"
101,دعاء للوالدين المتوفين,5460,15400,16850,12,0,4100,0.02,0.94,2026-06-03 1:52:32,"Image pack,Video preview,Thumbnail",11000,1200,2100,2015-09-04,"7457, 4166, 5013, 4168, 4222, 5001, 4929, 5050, 4129, 9468, 3358, 4148, 4665, 3426, 4107, 3356, 4090, 3442, 4142, 4413, 3481, 6342, 3233, 3889","4368, 3756, 3846, 3719, 4255, 3779, 4291, 4435, 4244, 5316, 4734, 4233"
102,دعاء شرب ماء زمزم,5410,22900,70000,5,1,3900,0.02,1.03,2026-05-27 12:27:37,"AI Overview,People also ask,Image pack,Video preview",19000,3500,14000,2015-09-05,"3007, 3057, 3671, 3611, 3718, 4446, 4491, 5524, 4340, 8229, 3626, 3018, 2964, 3648, 3624, 2979, 3599, 4385, 4369, 5093, 3798, 7358, 2469, 2161","2383, 3329, 3466, 3158, 4034, 4822, 4726, 5392, 4096, 7657, 2768, 2459"
103,دعاء يغفر الذنوب,5410,12980,88300,26,0,1900,0.05,0.71,2026-06-07 20:37:37,"AI Overview,People also ask,Video preview,Image pack",3200,1600,3600,2015-10-17,"2732, 2761, 2761, 2714, 2726, 2552, 2728, 2654, 2085, 2642, 2189, 2221, 2171, 2216, 1673, 1592, 1649, 1646, 1787, 1928, 1902, 2013, 2000, 1920","1926, 1897, 1854, 1776, 1787, 1799, 1881, 1987, 1960, 2075, 2061, 1978"
104,دعاء سجود التلاوة,5410,12600,51900,16,0,3200,0.04,0.84,2026-05-28 3:25:09,"AI Overview,Image pack,People also ask,Video preview",5900,1400,3000,2015-09-01,"2304, 1624, 2253, 2136, 2005, 1012, 2261, 1463, 2466, 2982, 7196, 3743, 2825, 2557, 2464, 2726, 2697, 2641, 2797, 2686, 2714, 3816, 6144, 3311","2890, 2631, 2705, 2817, 2780, 2567, 2883, 2681, 2886, 3536, 5497, 3432"
105,دعاء سورة يس,5400,71600,205400,10,24,3300,0.02,0.91,2026-06-02 9:49:13,"AI Overview,Thumbnail,People also ask,Image pack,Videos,Video preview",44000,1700,23000,2015-09-29,"3592, 4443, 4555, 5461, 4594, 4608, 4604, 4524, 3741, 3664, 3615, 3642, 2996, 3610, 3691, 3628, 3596, 3661, 3041, 3082, 2610, 2712, 2738, 3214","3073, 3872, 3799, 3802, 3524, 3356, 3008, 3224, 2751, 2853, 2880"
106,دعاء للرزق,5300,19310,1148000,29,7,2100,0.06,0.71,2026-06-06 1:42:03,"AI Overview,Thumbnail,People also ask,Video preview,Videos,Image pack",12000,24000,57000,2015-09-03,"2659, 2095, 2144, 2105, 2099, 2132, 2098, 2157, 1801, 4902, 1705, 1740, 2013, 2085, 2091, 2088, 2076, 2094, 2138, 2273, 2211, 2885, 2806, 2288","2412, 2487, 2292, 2291, 2328, 2331, 2335, 2371, 2308, 2983, 2903"
107,الدعاء,5250,15830,56900,7,7,4800,0.02,0.49,2026-06-05 9:23:55,"AI Overview,Thumbnail,People also ask,Image pack,Video preview,Bottom ads",21000,40000,114000,2015-09-01,"6466, 3476, 4328, 4054, 4063, 4314, 4091, 4628, 4720, 4865, 5636, 4926, 4957, 4994, 4680, 4520, 4625, 4668, 4663, 4701, 4800, 4962, 5469, 4937","5128, 4843, 4732, 4603, 4672, 4727, 4702, 4783, 4857, 4977, 5381, 4969"
108,دعاء دخول المنزل,5000,14120,16800,10,0,3100,0.05,0.78,2026-06-08 8:15:00,"AI Overview,Thumbnail,People also ask,Sitelinks,Image pack,Video preview",8900,1200,1600,2015-09-02,"1804, 2135, 1920, 3146, 5995, 4942, 3551, 3454, 3816, 2892, 2045, 1899, 1754, 2085, 1870, 3096, 5945, 4892, 3501, 3404, 3765, 2841, 1995, 1849","1703, 2034, 1820, 3045, 5895, 4842, 3451, 3354, 3715, 2791, 1944, 1798"
109,دعاء قيام الليل,4970,40200,201400,10,0,3000,0.02,1.14,2026-06-09 8:51:11,"AI Overview,Thumbnail,People also ask,Image pack,Video preview",27000,900,22000,2015-09-01,"2616, 2758, 2682, 2626, 3184, 2643, 3268, 3143, 2843, 3428, 2779, 2919, 2945, 2960, 2977, 2992, 3005, 3021, 3034, 3050, 3068, 3080, 3085, 3111","3134, 3150, 3168, 3184, 3197, 3216, 3229, 3246, 3266, 3278, 3288, 3313"
110,دعاء انس بن مالك,4950,13740,22600,11,0,3900,0.02,1.14,2026-06-03 1:05:05,"Image pack,People also ask,Video preview",11000,700,800,2015-09-02,"3024, 3045, 3740, 3705, 3804, 3698, 3719, 3593, 4609, 8578, 7032, 4532, 3589, 3626, 3755, 4401, 4468, 3480, 3701, 3786, 3667, 4272, 3491, 3827","3207, 3242, 3331, 3447, 3913, 3350, 3476, 3551, 3646, 4696, 3445, 3570"
111,دعاء ركوب السيارة الجديدة,4940,10480,40000,18,9,1200,0.02,1.14,2026-06-06 3:51:20,"AI Overview,Thumbnail,People also ask,Image pack,Video preview",1700,1800,2600,2015-09-09,"920, 1102, 1393, 1341, 1381, 1120, 1290, 1083, 1045, 1364, 1071, 1322, 885, 1365, 1348, 1353, 1369, 1104, 1109, 1117, 1068, 1124, 1100, 1155","1928, 1198, 1225, 1260, 1314, 1156, 1153, 1118, 1069, 1124, 1100, 1156"
112,دعاء صلاة الفجر,4920,52300,27500,3,0,1400,0.05,,2026-06-07 21:49:28,"AI Overview,Thumbnail,People also ask,Image pack,Video preview",13000,1900,27000,2016-01-21,"1713, 2107, 1717, 1422, 1658, 1691, 1557, 1496, 967, 1973, 879, 1407, 1395, 1707, 1722, 1421, 1408, 1106, 1429, 1283, 767, 2024, 804, 1329","1281, 1697, 1687, 1150, 1110, 905, 1393, 1054, 588, 1829, 625, 1150"
113,دعاء دخول الحرم,4900,5750,17300,7,0,5500,0.02,0.87,2026-06-08 1:48:36,"AI Overview,Thumbnail,People also ask,Video preview,Image pack",5900,1200,1300,2015-09-21,"4134, 4898, 4909, 4507, 4768, 5289, 4033, 5928, 5152, 16345, 3253, 3026, 3812, 5535, 5946, 4138, 5358, 5343, 4889, 6109, 6124, 11571, 4142, 5183","4725, 5561, 6096, 5058, 5743, 5958, 6050, 6305, 6175, 7312, 6540, 5804"
114,دعاء سماع الرعد,4800,32250,18400,4,1,200,,0.96,2026-05-18 19:33:22,"AI Overview,People also ask,Image pack",800,2500,4800,2015-09-11,,
115,دعاء شامل,4780,10720,98400,10,4,2700,0.02,0.98,2026-05-30 6:29:07,"AI Overview,Thumbnail,Image pack,Video preview,People also ask",5400,3500,5400,2015-09-04,"3535, 1958, 1980, 1607, 1935, 1947, 1847, 2291, 1895, 10014, 1606, 2379, 2536, 1934, 1923, 1544, 1816, 1864, 2468, 2430, 2024, 10374, 1646, 2562","2611, 2037, 2019, 1630, 1878, 1907, 2573, 2524, 2118, 10468, 1740, 2656"
116,دعاء الصباح مكتوب,4720,25670,64000,10,1,3600,0.07,0.95,2026-06-03 3:39:47,"AI Overview,People also ask,Image pack,Thumbnail,Video preview",20000,1300,7000,2015-09-02,"2542, 3148, 3187, 2630, 3158, 2632, 3144, 3230, 2614, 2648, 3208, 3171, 2584, 3260, 3945, 3993, 3929, 3941, 3918, 3960, 3828, 3501, 3716, 3748","3459, 3629, 3712, 3411, 3627, 3278, 3439, 3494, 3338, 3039, 3241, 3292"
117,دعاء لبس الثوب الجديد,4710,11640,68100,10,0,3000,0.02,0.72,2026-06-08 9:05:56,"AI Overview,People also ask,Image pack,Video preview,Thumbnail",7800,3300,7100,2015-09-08,"2418, 1886, 1945, 1808, 3735, 3538, 3640, 2980, 3311, 2961, 3605, 3235, 2539, 2007, 2066, 1929, 3855, 3658, 3761, 3100, 3432, 3082, 3726, 3356","2659, 2128, 2187, 2050, 3976, 3779, 3882, 3221, 3553, 3203, 3847, 3477"
118,دعاء دخول الروضة الشريفة,4680,4910,44700,7,0,4200,0.01,,2026-06-04 5:50:34,"AI Overview,Thumbnail,People also ask,Image pack,Video preview",4500,5800,6400,2016-01-17,"3167, 2154, 2622, 2586, 3237, 3960, 3993, 4033, 3313, 4027, 3249, 2557, 2667, 2667, 3919, 3984, 4849, 4861, 4870, 4958, 4731, 5213, 4585, 4044","4769, 4711, 5466, 5281, 5790, 5739, 5694, 5783, 5556, 6037, 5409, 4869"
119,دعاء لاولادي,4640,19860,253100,28,0,1900,0.02,0.47,2026-05-26 18:09:53,"AI Overview,Thumbnail,People also ask,Image pack,Video preview",14000,2600,8700,2015-09-13,"3432, 1556, 1886, 1877, 1922, 1916, 1920, 1953, 1578, 4306, 1281, 1573, 2510, 1542, 1599, 1835, 1856, 1601, 1966, 1848, 1749, 2220, 2234, 1880","1995, 1734, 1557, 1560, 1565, 1498, 1570, 1544, 1445, 1916, 1930, 1577"
120,دعاء دخول رمضان,4620,23240,25100,12,0,2100,,0.84,2026-05-21 14:01:30,"AI Overview,People also ask,Image pack,Video preview,Sitelinks",11000,800,2000,2016-04-02,"6, 7, 6, 4, 7, 6, 11, 48, 23546, 8856, 13, 10, 4, 6, 7, 6, 7, 5, 380, 1073, 14747, 6976, 1497, 2555","1556, 1534, 1521, 1490, 1474, 1457, 2083, 2073, 3990, 6804, 4241, 2705"
121,دعاء المولود الجديد,4510,34260,305000,13,0,1500,0.01,0.81,2026-05-26 16:15:08,"AI Overview,People also ask,Image pack,Video preview",17000,4600,24000,2015-09-10,"1392, 1700, 1713, 1668, 1736, 1716, 1711, 1706, 1365, 1391, 1385, 1373, 1123, 1337, 1272, 1343, 1619, 1408, 2181, 1479, 1437, 1590, 1543, 1479","1472, 1417, 1489, 1476, 1680, 1666, 1675, 1471, 1429, 1581, 1534, 1471"
122,من وسائل قضاء الحاجات المذكورة في الآية دعاء الله,4460,14370,8700,5,0,3200,,,2026-05-24 2:55:23,"Video preview,Sitelinks",3200,1200,1200,2022-03-23,"1801, 1522, 2013, 1500, 1611, 1556, 1745, 2338, 2003, 5144, 3614, 2496, 2837, 2558, 3049, 2536, 2647, 2592, 2781, 3373, 3039, 6180, 4650, 3532","3873, 3594, 4084, 3571, 3683, 3627, 3817, 4409, 4074, 7215, 5685, 4568"
123,دعاء للميت قصير,4410,6350,2300,2,3,4500,0.01,0.88,2026-05-28 23:09:48,"AI Overview,People also ask,Image pack,Video preview,Thumbnail,Sitelinks",11000,69000,354000,2015-09-02,"4867, 4162, 4679, 3943, 3921, 4716, 4509, 4565, 4567, 4331, 4680, 4693, 4858, 4153, 4669, 3934, 3912, 4707, 4499, 4556, 4558, 4321, 4671, 4684","4849, 4143, 4660, 3925, 3903, 4698, 4490, 4547, 4548, 4312, 4662, 4675"
124,دعاء لامي المريضه,4410,16120,43200,35,0,700,0.02,1.02,2026-06-01 6:39:48,"AI Overview,Thumbnail,People also ask,Image pack,Video preview",1700,1400,1500,2015-09-19,"878, 899, 899, 891, 902, 873, 867, 863, 667, 1080, 677, 690, 662, 691, 843, 689, 871, 687, 688, 744, 694, 800, 731, 782","746, 767, 788, 702, 723, 691, 721, 743, 692, 799, 730, 781"
125,دعاء لزوجي,4350,31170,40050,13,0,3600,0.03,0.49,2026-06-03 3:22:18,"AI Overview,Thumbnail,People also ask,Image pack,Video preview",26000,600,3000,2015-09-09,"4577, 5419, 4431, 3527, 3229, 3580, 3489, 3542, 3429, 3528, 4682, 4231, 4187, 5029, 4041, 3136, 2838, 3190, 3099, 3151, 3039, 3138, 4292, 3841","3796, 4638, 3651, 2746, 2448, 2799, 2709, 2761, 2648, 2748, 3902, 3451"
126,دعاء قبل الافطار,4340,13560,583000,23,0,6300,0.01,0.87,2026-05-28 17:52:15,"AI Overview,People also ask,Image pack,Sitelinks,Video preview",21000,13000,26000,2015-09-23,"1514, 698, 32, 33, 40, 76, 636, 1366, 2072, 50136, 815, 777, 1403, 134, 35, 41, 50, 65, 677, 1524, 19588, 49968, 334, 455","813, 16, 13, 11, 10, 514, 608, 124, 5, 48995, 4"
127,دعاء اللبس الجديد,4330,6210,9750,4,0,4300,,0.59,2026-05-27 12:27:18,"AI Overview,People also ask,Image pack,Video preview,Thumbnail",6100,1700,5600,2015-10-13,"1399, 946, 1466, 2687, 3797, 5152, 4054, 2791, 3188, 4885, 12116, 5827, 1526, 1031, 1597, 2925, 4130, 5601, 4405, 3031, 3460, 5299, 13136, 6314","1652, 1116, 1728, 3163, 4464, 6051, 4756, 3271, 3732, 5713, 14155, 6801"
128,اذكار المساء,4320,18030,1531000,2,14,343000,0.02,0.86,2026-06-08 5:21:48,"Video preview,Image pack",1190000,231000,808000,2015-09-01,"376327, 363971, 319305, 324318, 341729, 350084, 336206, 353807, 301106, 289295, 328072, 348269, 347143, 366557, 369887, 358765, 358009, 363863, 345344, 284562, 283874, 355296, 340193, 346559","366490, 385150, 377472, 341474, 348100, 347485, 347597, 357993, 341284, 356849, 341708, 348036"
129,دعاء الشفاء لنفسي,4270,41550,28600,12,0,3000,0.02,0.66,2026-06-04 10:47:35,"AI Overview,Thumbnail,People also ask,Image pack,Video preview",32000,400,2500,2015-09-20,"5701, 4838, 4828, 4828, 4066, 4037, 4860, 4799, 3214, 4937, 3241, 3195, 3904, 3230, 3237, 2587, 3048, 3168, 2558, 2951, 2604, 3144, 2966, 2823","2892, 2983, 2729, 2623, 2715, 2659, 2819, 2907, 2557, 3099, 2921, 2778"
130,دعاء اخر الليل,4170,8590,27800,11,0,2100,0.02,0.94,2026-05-19 19:45:23,"AI Overview,People also ask,Image pack,Video preview",2600,1600,2800,2015-09-01,"1721, 2146, 2164, 2187, 2653, 2699, 2748, 2668, 2183, 1754, 1510, 1491, 1410, 1771, 2149, 2176, 2623, 2192, 2684, 2274, 2149, 2246, 1909, 1872","1958, 2030, 2240, 2166, 2473, 2305, 2387, 2279, 2154, 2251, 1913, 1876"
131,أدعية الطواف السبعة,4160,4840,38200,10,0,5800,0.08,,2026-06-05 12:11:46,"AI Overview,Thumbnail,People also ask,Image pack,Video preview",6600,7200,7500,2021-11-05,"9262, 7544, 7862, 1181, 9835, 1443, 11740, 11271, 1187, 33734, 649, 428, 650, 8786, 8709, 6281, 7046, 2020, 6198, 6879, 5310, 9993, 7567, 4940","5381, 6668, 7667, 6101, 6788, 5892, 7458, 7200, 5631, 10314, 7888, 5260"
132,دعاء زيارة القبور,4160,10130,31700,13,0,2300,0.03,1.23,2026-06-07 18:46:33,"AI Overview,Thumbnail,People also ask,Video preview,Image pack",4700,300,1900,2015-10-01,"2623, 2587, 2601, 2119, 2519, 2602, 2568, 3095, 2514, 3886, 2602, 2062, 2369, 1929, 2352, 1929, 2393, 2260, 2328, 2410, 2239, 2449, 2626, 2645","2396, 2651, 2283, 2144, 2250, 2237, 2349, 2426, 2254, 2466, 2644, 2663"
133,دعاء العهد مكتوب,4150,41450,19800,7,0,1500,0.2,1.32,2026-06-07 9:51:24,"People also ask,Video preview,Image pack",7100,1400,2600,2015-09-05,"1829, 1867, 1301, 1063, 1137, 1044, 1163, 1163, 1151, 1448, 929, 1161, 1301, 2111, 1373, 1246, 1273, 1160, 1774, 1551, 1471, 1729, 1635, 1684","1663, 1768, 1671, 1548, 1526, 1458, 1516, 1524, 1447, 1703, 1609, 1658"
134,دعاء لتيسير الأمور وقضاء الحوائج,4140,31200,51600,4,0,700,0.05,,2026-06-02 17:54:19,"AI Overview,People also ask,Image pack,Video preview",9300,800,15000,2020-04-09,"725, 686, 611, 551, 868, 609, 1058, 628, 503, 453, 1024, 742, 744, 705, 627, 565, 891, 625, 1086, 645, 516, 465, 1051, 762","764, 723, 643, 580, 914, 641, 1115, 661, 530, 477, 1078, 781"
135,دعاء السجدة,4130,17040,12500,3,6,4100,0.08,0.56,2026-06-05 22:29:10,"AI Overview,People also ask,Image pack,Video preview,Thumbnail",17000,2000,4500,2015-09-07,"2442, 1503, 1177, 1642, 2024, 1973, 2036, 1631, 1166, 37061, 1997, 1095, 1160, 1505, 1550, 1632, 1513, 1091, 1089, 4872, 5329, 25263, 2538, 2029","2976, 2089, 4443, 2488, 1736, 1701, 4488, 4407, 4317, 9757, 7738, 5227"
136,دعاء للمولود,4110,8810,176500,8,1,2200,0.01,0.88,2026-05-23 4:24:51,"AI Overview,People also ask,Video preview,Thumbnail,Image pack",5600,800,900,2015-09-03,"2404, 2403, 2444, 2427, 2481, 2462, 2427, 2452, 2013, 1986, 2019, 2359, 1925, 2346, 2335, 2337, 2383, 2343, 1957, 2171, 1977, 2084, 2156, 2355","2148, 2167, 2150, 2011, 2186, 2141, 2127, 2133, 1938, 2047, 2117, 2315"
137,دعاء جميل يريح القلب,4070,17090,73500,16,1,8300,0.02,,2026-06-08 5:38:07,"AI Overview,People also ask,Image pack,Video preview",10000,1900,3100,2020-04-30,"5620, 5824, 5816, 6179, 6390, 6595, 6610, 7204, 6623, 7642, 7838, 7392, 7638, 7784, 7720, 8028, 8186, 8340, 8305, 8850, 8223, 9196, 9348, 8858","9062, 9167, 9064, 9334, 9454, 9572, 9502, 10013, 9352, 10293, 10413, 9894"
138,دعاء دخول القرية,4050,7470,9100,11,0,2100,0.05,0.76,2026-05-27 17:23:16,"Image pack,People also ask,AI Overview,Video preview",5100,450,800,2015-09-19,"2024, 3040, 2754, 1643, 1317, 1961, 1466, 1817, 1420, 1702, 1688, 1808, 2247, 3263, 2978, 1866, 1540, 2185, 1689, 2040, 1643, 1925, 1912, 2031","2470, 3487, 3201, 2089, 1763, 2408, 1912, 2263, 1867, 2149, 2135, 2255"
139,دعاء الستر,4020,17950,8900,3,0,3900,0.03,1.07,2026-06-06 10:44:08,"People also ask,Image pack,Video preview,Thumbnail",17000,450,1800,2015-09-10,"4878, 4106, 4896, 4157, 4855, 4145, 4096, 4037, 3958, 3999, 3980, 3983, 3985, 3914, 3934, 3932, 4025, 3306, 3955, 3953, 3742, 4079, 3864, 3895","4195, 4185, 4098, 4037, 4152, 3844, 4048, 4167, 3956, 4293, 4078, 4109"
140,دعاء للزوجة,3920,10450,22440,20,0,1500,0.09,0.63,2026-05-28 1:41:59,"AI Overview,People also ask,Image pack,Video preview",3300,800,1500,2015-09-02,"3142, 1667, 1379, 1178, 1385, 1388, 1371, 1370, 1159, 3949, 1126, 1356, 2419, 1364, 1383, 1167, 1165, 1341, 1381, 1373, 1284, 3029, 1073, 1602","2243, 1183, 1422, 1374, 1331, 1433, 1504, 1523, 1447, 2292, 1824, 1489"
141,دعاء المظلوم على الظالم سريع الاجابة,3900,17010,90500,22,15,1900,0.01,0.9,2026-05-30 4:03:31,"AI Overview,Thumbnail,People also ask,Image pack,Video preview",9500,1700,3800,2015-11-26,"4614, 4546, 3858, 3806, 3863, 3800, 3661, 2761, 2854, 3962, 2381, 2998, 2338, 2022, 1981, 1696, 1698, 1358, 1654, 1514, 1477, 1951, 1817, 1712","1845, 1713, 1542, 1475, 1480, 1418, 1391, 1307, 1274, 1749, 1618, 1514"
142,دعاء الخروج من البيت,3900,6100,1500,1,0,600,0.02,0.81,2026-05-18 23:10:00,"AI Overview,Video preview,People also ask,Image pack",3800,300,1300,2015-11-11,"362, 376, 472, 530, 530, 490, 350, 392, 449, 313, 454, 514, 366, 676, 686, 835, 639, 667, 699, 668, 648, 673, 501, 594","583, 596, 578, 675, 715, 675, 703, 739, 717, 743, 553, 655"
143,دعاء ليلة الزواج,3880,20390,170100,20,1,1000,0.04,0.68,2026-05-16 5:19:41,"AI Overview,Thumbnail,People also ask,Image pack,Sitelinks,Video preview",8100,1300,7000,2015-09-25,"712, 1345, 1340, 857, 1031, 1214, 854, 1337, 489, 330, 1097, 735, 858, 1564, 1329, 1096, 855, 864, 727, 1120, 721, 728, 1026, 1031","1119, 1505, 1271, 1008, 986, 991, 890, 1274, 818, 825, 1161, 1165"
144,دعاء الاحتجاب,3850,7310,10900,8,0,2800,0.02,0.77,2026-06-07 8:59:58,"Image pack,Video preview",5700,700,1500,2015-09-27,"2483, 2891, 2635, 2707, 3112, 2991, 2972, 3152, 2960, 2841, 2127, 2405, 2461, 2870, 2614, 2686, 3091, 2970, 2951, 3131, 2939, 2819, 2105, 2384","2440, 2849, 2593, 2664, 3070, 2949, 2930, 3110, 2918, 2798, 2084, 2363"
145,دعاء الضيق,3850,11230,120400,25,2,5100,0.03,0.68,2026-06-08 5:04:02,"AI Overview,Thumbnail,People also ask,Image pack,Sitelinks,Video preview",16000,90,250,2015-09-02,"5254, 5262, 5285, 5060, 5053, 4772, 4610, 4997, 5416, 5487, 5540, 5290, 5192, 5230, 5247, 5033, 5013, 4728, 4570, 4950, 5382, 5443, 5512, 5244","5147, 5186, 5202, 4990, 4970, 4688, 4532, 4907, 5336, 5396, 5465, 5199"
146,أدعية يوم عرفة pdf,3800,7900,8500,2,0,90,,,2026-06-07 1:24:12,Image pack,250,450,900,2018-07-31,,
147,دعاء لصديق,3760,11900,41600,15,0,1500,0.06,0.77,2026-05-20 14:51:04,"AI Overview,People also ask,Image pack,Video preview",5300,2100,2600,2015-09-10,"3419, 1914, 1946, 1886, 1927, 1915, 1870, 1875, 1533, 5318, 1049, 1529, 2090, 1544, 1538, 1256, 1281, 1230, 1288, 1288, 1542, 2801, 548, 1800","2265, 1295, 1224, 1142, 1701, 1527, 2088, 1932, 1972, 1501, 1737, 2024"
148,دعاء الخوف من شي,3730,8060,9300,10,0,1200,0.05,0.96,2026-05-17 23:22:17,"AI Overview,Thumbnail,Video preview,Image pack,People also ask",1400,400,700,2015-09-07,"2005, 2118, 2106, 2130, 1998, 1592, 1647, 1484, 1222, 1297, 1675, 2028, 1338, 1231, 1220, 1117, 1147, 1165, 1199, 1262, 947, 1097, 1086, 1346","1171, 1098, 1258, 1023, 1174, 1073, 1177, 1138, 972, 1080, 1063, 1323, 1149"
149,دعاء الافتتاح,3690,28870,40400,7,0,3300,0.02,0.72,2026-05-28 17:54:33,"Video preview,People also ask,Image pack",25000,1600,6100,2015-09-05,"1117, 107, 80, 92, 455, 151, 152, 455, 1140, 35216, 899, 971, 844, 754, 106, 105, 103, 99, 407, 495, 1052, 33081, 2161, 971","817, 535, 278, 128, 166, 68, 161, 393, 936, 30420, 4291, 1080"
150,كفارة المجلس,3640,7720,36400,6,0,23000,0.03,0.47,2026-05-28 17:52:37,"AI Overview,Image pack,People also ask,Video preview",36000,7000,8800,2015-09-01,"26606, 23455, 21661, 21402, 24581, 20811, 22817, 25407, 22427, 25984, 24223, 24712, 23574, 20474, 23223, 22388, 24186, 21700, 22319, 22175, 22597, 24117, 23577, 23867","24390, 22982, 22984, 22204, 24026, 21585, 22225, 22099, 22535, 24064, 23536, 23834"
151,دعاء ركوب السيارة,3590,13480,88600,11,2,5000,0.02,0.59,2026-06-04 5:43:56,"AI Overview,Thumbnail,People also ask,Image pack,Video preview",20000,2800,8600,2015-09-01,"4240, 4290, 5185, 5248, 6484, 5384, 7657, 6414, 4139, 4070, 5959, 4992, 3959, 4970, 5071, 4982, 6141, 6075, 5132, 5758, 4782, 4489, 3965, 3913","3679, 3554, 3921, 4582, 4989, 4502, 5018, 5189, 4170, 3912, 3379, 3342"
152,جمعه مباركه,3570,43450,91000,4,0,10000,0.05,0.23,2026-05-29 7:06:34,"Image pack,AI Overview,People also ask,Video preview",72000,3400,23000,2015-09-04,"9311, 10485, 13571, 12153, 11726, 12738, 10762, 12298, 8274, 5352, 10050, 11184, 7244, 8668, 11713, 9039, 11344, 9910, 11729, 11115, 11070, 10763, 8895, 9745","10084, 10762, 10939, 11402, 11414, 11108, 11637, 11028, 10983, 10679, 8826, 9669"
153,دعاء يونس في بطن الحوت,3520,13460,35200,13,1,1600,0.02,0.53,2026-05-19 15:54:11,"AI Overview,Thumbnail,Video preview,People also ask,Image pack",3700,700,2900,2015-09-11,"1786, 1475, 1484, 1833, 1842, 1767, 1647, 1737, 1341, 3185, 1402, 1795, 1498, 1479, 1507, 1829, 1829, 1394, 1463, 1230, 1446, 1775, 1645, 1544","1496, 1374, 1391, 1617, 1634, 1488, 1620, 1524, 1638, 1806, 1709, 1609, 1561"
154,جوامع الدعاء,3510,7690,176800,12,2,8400,,0.84,2026-06-03 0:06:45,"People also ask,Image pack,Video preview,Thumbnail",18000,10000,16000,2015-09-11,"21489, 4368, 4578, 3308, 1305, 4528, 5561, 6437, 5206, 36846, 3899, 5767, 15029, 4834, 5696, 4599, 5961, 4750, 4453, 6754, 7219, 28142, 7110, 9239","15214, 6923, 8451, 8082, 9789, 8239, 9395, 9823, 9700, 20602, 15607, 10657"
155,دعاء مسجد قباء,3450,3560,5750,8,0,2300,0.03,,2026-06-05 18:11:36,"AI Overview,Thumbnail,People also ask,Image pack,Video preview",2400,350,350,2016-06-05,"1495, 1723, 1820, 1633, 1598, 1757, 1838, 2110, 1970, 2010, 2177, 2126, 1986, 2215, 2311, 2125, 2089, 2248, 2329, 2601, 2462, 2501, 2668, 2618","2477, 2706, 2802, 2616, 2581, 2739, 2821, 3092, 2953, 2993, 3159, 3109"
156,دعاء بعد الوضوء,3440,11350,13900,6,1,1800,0.08,0.78,2026-05-24 7:06:36,"AI Overview,People also ask,Image pack,Sitelinks,Video preview",5800,1100,2300,2015-09-13,"2320, 2391, 1840, 1758, 1907, 1909, 1830, 1912, 1989, 2306, 2231, 1878, 1783, 2181, 2029, 1650, 1552, 1663, 1593, 1684, 1769, 2093, 2026, 1680","1593, 1998, 1852, 1480, 1388, 1504, 1440, 1536, 1626, 1956, 1893, 1552"
157,دعاء يوم الجمعة يريح القلب,3430,14040,4000,2,0,3400,0.04,,2026-06-04 10:36:47,"AI Overview,People also ask,Image pack,Video preview",14000,1500,3300,2020-07-02,"1387, 11816, 10120, 7532, 8439, 14622, 12454, 11588, 1083, 633, 913, 1162, 498, 924, 8554, 5468, 3562, 5628, 4608, 3377, 2543, 2381, 1992, 1889","6312, 6076, 5661, 4129, 3549, 5611, 4597, 3371, 2539, 2378, 1990, 1887"
158,دعاء تفريج الهم,3420,8850,8900,3,1,3400,0.02,0.76,2026-06-03 3:59:34,"AI Overview,Thumbnail,People also ask,Image pack,Video preview",8800,2600,2700,2015-09-01,"3491, 3322, 3494, 3184, 3386, 3480, 3443, 3323, 3191, 3420, 3674, 3617, 3489, 3320, 3492, 3183, 3384, 3478, 3442, 3321, 3190, 3418, 3673, 3616","3488, 3319, 3491, 3182, 3384, 3478, 3441, 3321, 3190, 3418, 3673, 3616"
159,دعاء رؤية الكعبة لاول مرة,3420,3900,10100,7,0,500,0.05,,2026-05-27 14:08:57,"AI Overview,Image pack,People also ask,Video preview",600,1400,1600,2016-11-16,"403, 148, 183, 266, 406, 607, 1112, 1091, 727, 881, 250, 257, 201, 325, 380, 383, 439, 445, 492, 858, 1007, 698, 937, 917","939, 906, 931, 940, 958, 979, 1054, 1101, 1097, 1140, 1035, 1015"
160,دعاء السديس مكتوب pdf,3410,6440,18300,17,0,600,,,2026-06-03 3:10:39,"Video preview,People also ask,Image pack",900,1200,1300,2020-08-30,"112, 56, 57, 59, 58, 60, 75, 93, 589, 5497, 76, 59, 78, 42, 58, 56, 59, 55, 75, 124, 822, 5839, 22, 160","126, 84, 115, 115, 115, 104, 132, 198, 897, 5914, 90, 236"
161,دعاء تسهيل الاختبار,3370,22720,135400,16,0,1400,0.05,0.94,2026-05-29 4:38:29,"AI Overview,People also ask,Video preview,Image pack",1700,1500,7200,2015-10-14,"2374, 461, 496, 1333, 2418, 2409, 2956, 739, 2418, 603, 1315, 2986, 1964, 400, 391, 602, 1633, 728, 2454, 1140, 2280, 583, 1403, 2461","2129, 722, 752, 980, 1644, 1604, 2128, 1334, 1966, 1390, 1386, 2021"
162,دعاء صلاة الضحى,3360,7600,11050,8,0,1800,0.03,1.04,2026-05-20 18:48:38,"AI Overview,Image pack,People also ask,Video preview",4700,900,1400,2015-09-01,"2492, 2500, 3038, 2533, 2982, 2484, 2008, 1942, 1635, 1913, 2014, 2011, 2425, 1864, 1748, 2161, 2114, 1687, 1441, 1542, 1423, 1514, 1615, 1631","1679, 1655, 1672, 1678, 1655, 1537, 1528, 1524, 1404, 1495, 1596, 1612"
163,دعاء تحقيق الامنيات,3360,11170,11450,12,0,3000,0.06,0.89,2026-05-28 3:30:40,"AI Overview,Video preview,People also ask,Image pack",7800,1000,1100,2016-08-18,"2860, 3368, 3423, 2061, 2495, 2930, 2315, 2606, 2795, 2543, 3248, 3176, 3074, 3597, 3649, 2288, 2734, 3160, 2539, 2835, 3030, 2769, 3476, 3410","3310, 3834, 3887, 2532, 2979, 3405, 2786, 3083, 3280, 3022, 3728, 3664"
164,دعاء رمضان قصير,3300,15830,51700,7,0,2300,,,2026-05-20 19:59:44,"AI Overview,Thumbnail,People also ask,Image pack,Video preview,Sitelinks",10000,3000,10000,2016-06-03,"14, 7, 8, 6, 11, 9, 24, 55, 4566, 20996, 29, 12, 9, 4, 6, 6, 8, 6, 17, 0, 9495, 17717, 3, 238","121, 38, 2, 1, 1, 1, 1420, 1428, 7450, 17797, 1, 318"
165,دعاء السعي بين الصفا والمروة pdf,3300,3700,3300,3,0,2100,0.03,,2026-05-19 13:01:23,"Image pack,People also ask,Video preview",2300,1000,1100,2019-09-09,"1391, 1165, 1309, 1227, 1363, 1379, 872, 1677, 1626, 5898, 1138, 896, 1105, 2109, 2097, 1647, 1555, 2407, 2261, 2441, 2245, 4449, 1928, 812","1088, 2118, 2143, 1670, 1827, 2047, 1806, 1787, 1593, 3482, 1282, 724"
166,دعاء للاهل,3270,6920,39600,35,0,1300,0.08,0.81,2026-06-07 21:14:01,"AI Overview,Thumbnail,People also ask,Image pack,Video preview",2100,900,1500,2015-09-22,"2438, 1316, 1357, 1086, 1305, 1329, 1307, 1616, 1270, 4461, 873, 1071, 1746, 1078, 1083, 827, 1036, 822, 1060, 1389, 1198, 3153, 862, 1236","1697, 863, 1098, 995, 1180, 1090, 1133, 1446, 1277, 2495, 1656, 1145"
167,دعاء للمتوفية,3260,27700,58500,5,3,1200,0.02,1.05,2026-06-05 2:55:23,"AI Overview,Thumbnail,People also ask,Image pack,Video preview",12000,2100,9400,2015-09-01,"1314, 1076, 1111, 1116, 1121, 1347, 1316, 1359, 1118, 1968, 1091, 1094, 1068, 946, 1097, 1121, 1136, 1107, 1360, 1268, 1233, 1390, 1319, 1273","1258, 1180, 1180, 1155, 1154, 1204, 1283, 1280, 1246, 1402, 1332, 1286"
168,دعاء الذهاب للعمرة,3220,7070,18100,13,0,1900,0.06,1.07,2026-06-01 6:24:26,"AI Overview,Thumbnail,People also ask,Image pack,Video preview",3300,450,1200,2015-12-09,"2801, 974, 1215, 1180, 1003, 1375, 1124, 1945, 986, 1639, 3764, 2875, 2985, 1157, 1399, 1363, 1186, 1558, 1307, 2128, 1170, 1822, 3948, 3058","3168, 1341, 1582, 1547, 1370, 1741, 1490, 2312, 1353, 2005, 4131, 3241"
169,دعاء لابي المتوفي يوم الجمعة,3210,13980,123660,22,0,2000,0.02,,2026-05-27 9:07:50,"AI Overview,Thumbnail,People also ask,Video preview,Image pack,Sitelinks",10000,250,2500,2016-03-18,"1599, 1645, 2450, 1995, 2017, 2051, 1985, 2963, 1995, 1570, 1336, 1586, 1045, 1594, 2380, 1999, 2427, 2026, 2468, 2190, 2077, 2137, 1897, 1982","1968, 2093, 2209, 2198, 2222, 2150, 2318, 2270, 2157, 2216, 1976, 2062"
170,دعاء كميل,3190,21740,24160,8,0,2200,0.02,0.73,2026-06-05 12:11:37,"Video preview,Image pack",13000,1100,3100,2015-09-01,"2221, 2119, 2027, 1822, 1815, 2117, 2295, 2049, 2221, 2439, 2718, 2329, 2220, 2118, 2026, 1821, 1814, 2117, 2295, 2048, 2221, 2438, 2717, 2329","2220, 2117, 2026, 1820, 1814, 2117, 2295, 2048, 2221, 2438, 2717"
171,خير الدعاء دعاء يوم عرفة,3190,5720,27100,6,1,2700,,0.85,2026-06-01 7:03:11,"AI Overview,Thumbnail,People also ask,Video preview,Image pack",4800,1500,2100,2015-09-15,"43133, 105, 53, 51, 51, 52, 51, 29, 35, 67, 65, 1440, 30412, 104, 71, 54, 52, 53, 52, 50, 53, 82, 431, 163",
172,دعاء التوفيق والتيسير,3190,11910,58600,10,3,1700,0.04,,2026-05-20 18:49:11,"AI Overview,People also ask,Image pack,Video preview",7600,1600,7200,2015-11-05,"2547, 1687, 2196, 1737, 1753, 2131, 2129, 1741, 2140, 3203, 1465, 2163, 1989, 1712, 1727, 1454, 1709, 1206, 1763, 1667, 1725, 1946, 1752, 1747","1755, 1680, 1761, 1683, 1721, 1752, 1753, 1671, 1729, 1950, 1756, 1751"
173,دعاء زيارة قبر الرسول وأبو بكر وعمر,3150,3950,3100,3,0,2600,,,2026-05-30 7:56:40,"AI Overview,People also ask,Video preview,Image pack,Sitelinks",3300,1000,1000,2020-01-10,"1657, 1707, 1811, 1807, 1820, 2246, 2254, 2021, 2032, 2273, 2209, 2284, 2353, 2403, 2507, 2504, 2517, 2943, 2950, 2717, 2728, 2969, 2905, 2980","3050, 3100, 3204, 3200, 3213, 3639, 3647, 3414, 3425, 3666, 3602, 3677"
174,دعاء الانتهاء من العمرة,3140,3220,46500,11,0,1800,0.05,,2026-05-19 13:47:49,"AI Overview,Thumbnail,People also ask,Image pack,Video preview",1900,4100,4200,2016-03-16,"1630, 1369, 1593, 1111, 1327, 1597, 1559, 1577, 1506, 6621, 1077, 1114, 1124, 1473, 1329, 1093, 1261, 1370, 1343, 1530, 1622, 6924, 1004, 1455","1134, 1640, 1390, 1227, 1340, 1445, 1449, 1732, 1830, 7132, 1214, 1667"
175,دعاء الرزق بسرعة البرق,3100,22570,76800,6,8,1600,0.04,,2026-05-18 20:47:49,"AI Overview,Video preview,Thumbnail,People also ask,Image pack,Sitelinks",11000,600,1800,2020-12-26,"738, 759, 1097, 780, 905, 944, 1088, 1070, 1098, 1202, 1311, 1280, 1270, 1312, 1659, 1390, 1543, 1604, 2050, 1791, 1809, 1964, 2101, 2097","2116, 2191, 2588, 2337, 2532, 2632, 3127, 2903, 2963, 3167, 3354, 3395"
176,دعاء شفاء الاب,3100,12160,47040,33,0,700,0.01,,2026-05-21 16:22:20,"AI Overview,People also ask,Image pack,Video preview",2300,1300,1500,2016-06-26,"787, 819, 722, 816, 832, 818, 841, 1040, 809, 848, 665, 591, 724, 731, 741, 706, 635, 526, 636, 668, 668, 694, 676, 669","756, 766, 666, 629, 630, 598, 622, 667, 667, 694, 676, 668"
177,من تعار من الليل,3070,5740,86700,17,0,18000,0.03,0.39,2026-06-05 22:29:28,"AI Overview,Thumbnail,Image pack,Video preview",34000,3200,5300,2015-09-01,"10063, 12257, 17004, 22606, 25757, 24707, 26422, 24750, 20967, 5444, 19376, 12574, 10341, 12006, 17066, 21518, 25532, 23119, 28194, 23803, 20583, 8666, 16907, 14048","11988, 13485, 18078, 22224, 25892, 24371, 26516, 24715, 21460, 9905, 17574, 15075"
178,دعاء كفارة المجلس,3070,9960,35400,8,0,2700,0.02,0.53,2026-05-28 20:26:39,"AI Overview,People also ask,Video preview,Image pack",8400,1100,4300,2015-09-01,"2919, 2384, 2643, 2594, 3022, 2431, 2792, 2526, 3001, 2947, 3105, 3422, 2906, 2359, 2629, 2532, 3071, 2878, 2070, 1990, 2211, 3052, 2869, 3159","3135, 2655, 2536, 2632, 3265, 2747, 2717, 2494, 2798, 2925, 3151, 3160"
179,دعاء تفريج الهم والكرب,3050,6410,5300,5,4,2200,0.03,0.77,2026-05-19 14:07:09,"AI Overview,Image pack,People also ask,Video preview",2600,1100,2100,2015-11-25,"2007, 2044, 2422, 2019, 2441, 2006, 2070, 2459, 2056, 2512, 2422, 2422, 1983, 2427, 2455, 2390, 2398, 2428, 2018, 2084, 2002, 2086, 2109, 1955","1898, 1978, 1998, 2005, 2102, 1957, 2121, 2012, 1928, 2013, 2035, 1883"
180,دعاء التسخير,3010,4570,14070,26,0,2700,0.03,1.28,2026-06-04 6:01:15,"People also ask,Video preview",3600,1200,1200,2015-10-19,"3479, 2875, 3452, 3193, 3325, 3430, 3506, 3545, 2888, 4391, 2892, 3434, 3087, 2533, 3013, 3061, 2466, 1959, 2429, 2524, 2337, 2875, 2994, 2731","2626, 2691, 2713, 2509, 2577, 2509, 2477, 2593, 2405, 2944, 3063, 2800"
181,دعاء تسخير الزوج,2950,4620,9990,6,1,2600,0.35,0.99,2026-06-05 18:12:00,"AI Overview,Thumbnail,People also ask,Sitelinks,Video preview",3500,1700,1800,2015-09-01,"3811, 2281, 2499, 2030, 2182, 2269, 1981, 1974, 2185, 2463, 3504, 2921, 2959, 3182, 2602, 2213, 2238, 2253, 2219, 2289, 2287, 2518, 3320, 2749","2955, 2872, 2505, 2163, 2203, 2226, 2157, 2204, 2234, 2436, 3150, 2665"
182,دعاء السجود,2940,10600,1150,3,1,2700,0.02,0.74,2026-06-06 10:41:43,"AI Overview,Thumbnail,Image pack,People also ask,Video preview",10000,70,100,2015-09-08,"1518, 1330, 1213, 1823, 1819, 1588, 2042, 1589, 1827, 14420, 1820, 1313, 1461, 1312, 1314, 1438, 1518, 1507, 1665, 1689, 2283, 11028, 5708, 1413","2198, 1640, 1909, 1600, 1647, 1327, 2541, 2495, 2481, 6108, 4493, 2595"
183,دعاء العج,2920,4600,3000,7,0,400,0.1,,2026-05-27 9:31:49,"AI Overview,People also ask,Image pack",400,70,70,2016-04-29,"240, 97, 300, 118, 193, 125, 80, 65, 149, 338, 544, 2242, 80, 81, 613, 81, 54, 54, 137, 249, 291, 534, 607, 1154","296, 304, 477, 259, 246, 254, 262, 318, 356, 609, 712, 748"
184,دعاء ختام رمضان,2920,9910,9900,8,0,200,,,2026-05-20 12:31:49,"AI Overview,Video preview,People also ask,Image pack",1100,600,900,2016-07-02,"6, 6, 6, 12, 6, 6, 6, 6, 24, 3311, 43, 6, 6, 6, 7, 6, 7, 0, 8, 154, 173, 589, 1340, 1158","191, 159, 222, 193, 189, 174, 166, 170, 189, 606, 1356, 1174"
185,دعاء سورة الواقعة,2900,17400,17900,3,16,2600,0.02,1.34,2026-05-27 5:27:29,"AI Overview,Thumbnail,People also ask,Videos,Image pack,Video preview",15000,1200,6500,2015-09-08,"1312, 1337, 1363, 1117, 1649, 1675, 1659, 1613, 1346, 1082, 910, 3272, 2702, 2178, 2106, 2141, 2107, 3497, 2170, 2569, 2629, 2656, 2657, 2994","2960, 2984, 3052, 3066, 3176, 3376, 3295, 3386, 3446, 3473, 3474, 3811"
186,دعاء رزق المال,2860,6240,6700,4,4,700,0.04,,2026-05-23 5:35:33,"AI Overview,People also ask,Image pack,Video preview",3800,900,1700,2015-10-06,"1272, 864, 1016, 1002, 1034, 1003, 996, 833, 610, 1648, 591, 597, 871, 863, 848, 811, 566, 589, 768, 502, 409, 1409, 301, 394","698, 769, 734, 706, 474, 560, 769, 485, 317, 1399, 292, 388"
187,دعاء القنوت pdf,2800,4500,900,1,0,600,0.02,,2026-05-27 16:00:39,Image pack,1400,500,600,2016-06-05,"1718, 262, 1, 216, 1, 106, 100, 125, 137, 499, 3601, 1, 2366, 357, 1, 291, 1, 140, 132, 163, 179, 646, 4635, 1","3014, 453, 1, 365, 1, 174, 164, 202, 220, 792"
188,دعاء نية العمرة,2780,3410,48300,12,0,9100,0.04,0.98,2026-05-28 21:28:06,"AI Overview,People also ask,Image pack,Video preview",11000,84000,102000,2015-10-28,"2791, 6620, 7142, 5090, 6161, 6944, 6935, 8296, 7889, 32729, 3864, 5347, 1963, 7640, 7979, 6117, 6207, 7175, 7783, 9551, 9434, 35517, 4242, 6941","3048, 8966, 9305, 7355, 7101, 8141, 9413, 10720, 10610, 36702, 5435, 8143"
189,الاستخارة,2760,7900,655020,10,3,10000,0.02,0.57,2026-06-06 0:11:53,"People also ask,Video preview,Image pack",33000,20000,74000,2015-09-01,"10094, 12146, 12288, 10261, 9662, 10136, 9479, 9422, 8612, 8285, 10262, 9776, 9744, 11246, 11812, 10557, 10055, 9242, 9109, 9784, 9648, 9346, 9081, 9745","10655, 10980, 11667, 10441, 9955, 9160, 9037, 9715, 9587, 9292, 9035"
190,دعاء التوكل على الله,2660,8590,19590,11,0,1600,0.03,0.84,2026-05-19 4:46:30,"AI Overview,People also ask,Image pack,Video preview",6400,600,2300,2015-09-07,"1603, 1907, 1967, 1957, 2389, 1967, 2400, 1928, 1892, 1567, 1606, 1881, 1494, 1504, 1465, 1844, 1808, 1505, 1853, 1421, 1445, 1396, 1334, 1728","1497, 1420, 1522, 1651, 1864, 1600, 1807, 1412, 1436, 1388, 1325, 1720"
191,دعاء الصباح قصير,2630,9650,5300,3,0,2400,0.03,0.84,2026-05-29 0:08:29,"AI Overview,People also ask,Image pack,Video preview",8800,900,1000,2015-09-04,"1550, 1584, 2363, 2936, 3016, 3078, 3795, 3101, 2488, 1118, 3748, 2505, 1683, 2036, 2045, 3020, 3065, 3018, 3062, 2416, 1988, 1313, 2743, 1998","1561, 1983, 2033, 2764, 2793, 2476, 2544, 2233, 1737, 1284, 2059, 1962"
192,دعاء نهاية السعي,2620,2720,15700,13,0,1000,0.05,,2026-05-23 8:55:11,"AI Overview,People also ask,Video preview,Image pack",1100,1200,1200,2016-06-14,"641, 692, 771, 690, 769, 747, 727, 738, 560, 3360, 631, 1211, 653, 816, 802, 678, 762, 781, 782, 800, 659, 3486, 763, 1466","737, 893, 862, 727, 825, 866, 876, 900, 760, 3588, 866, 1569"
193,دعاء استغفار,2600,18000,2800,1,0,200,0.02,1.02,2026-05-18 7:50:54,"AI Overview,People also ask,Image pack,Video preview",1200,450,2300,2015-10-11,,
194,دعاء وداع الكعبة,2600,3080,15900,12,0,1200,0.04,,2026-06-07 9:54:11,"AI Overview,Thumbnail,People also ask,Image pack,Video preview",1400,1300,1300,2016-07-16,"1131, 517, 633, 635, 660, 780, 1206, 1782, 1374, 1411, 964, 76, 973, 661, 968, 1154, 1172, 1351, 1433, 2098, 1670, 1685, 1211, 361","1308, 1018, 1317, 1477, 1462, 1610, 1685, 2360, 1932, 1946, 1472"
195,دعاء التوبه,2580,10190,273100,19,3,17000,0.08,0.89,2026-05-25 3:13:16,"AI Overview,Thumbnail,People also ask,Video preview,Image pack",41000,20000,45000,2015-09-15,"14063, 15576, 13174, 12608, 14745, 13720, 15415, 18893, 16359, 21681, 14694, 14749, 16912, 12636, 16001, 15483, 16598, 16564, 17456, 19101, 18304, 20104, 18228, 18472","19516, 17857, 19521, 19393, 20323, 20512, 21142, 21822, 21918, 22805, 23349, 22901"
196,دعاء الفجر,2560,25750,141000,8,0,4700,0.02,0.57,2026-06-05 21:56:36,"AI Overview,Thumbnail,People also ask,Video preview,Image pack",51000,1300,27000,2015-09-03,"4579, 4214, 3973, 3581, 4042, 4252, 4133, 4314, 3711, 6777, 4191, 3325, 5058, 5077, 4474, 3988, 4554, 4608, 4486, 4670, 4069, 7137, 4554, 3689","5424, 5445, 4844, 4359, 4928, 4984, 4864, 5050, 4451, 7521, 4939, 4077"
197,دعاء الحمل,2560,10350,26800,14,12,1100,0.02,0.68,2026-05-22 20:12:55,"AI Overview,People also ask,Image pack,Video preview",4000,800,2400,2015-09-02,"1801, 1496, 1802, 1481, 1508, 1441, 1425, 1758, 1482, 2688, 998, 1223, 1345, 994, 952, 937, 1074, 939, 1184, 1112, 1059, 1384, 1398, 1463","1202, 1280, 1103, 1066, 1052, 1029, 1075, 1110, 1057, 1381, 1395, 1459"
198,دعاء ليلة الجمعة,2550,25910,20650,8,0,1800,0.02,0.57,2026-05-22 15:07:04,"AI Overview,People also ask,Image pack,Video preview",21000,600,2900,2015-09-03,"1503, 1911, 2853, 2377, 2887, 2846, 2795, 2790, 1734, 1248, 1506, 1870, 989, 1900, 1587, 1823, 2380, 1854, 1946, 1933, 1900, 1794, 1562, 1680","1643, 1713, 1820, 1912, 2099, 2078, 2177, 2058, 2022, 1909, 1661, 1786"
199,دعاء الندبة مكتوب,2540,18400,16100,5,0,700,0.01,1,2026-05-30 0:35:31,"Video preview,Sitelinks,Image pack",3900,1000,3000,2015-10-30,"1730, 795, 811, 634, 628, 802, 606, 1155, 717, 1176, 585, 635, 1027, 644, 773, 547, 614, 509, 602, 735, 726, 749, 757, 735","870, 857, 751, 667, 657, 663, 676, 770, 761, 783, 791, 770"
200,دعاء للاصدقاء,2530,4820,25550,21,0,1300,0.05,0.89,2026-05-26 23:23:13,"AI Overview,People also ask,Image pack,Video preview",3000,900,1400,2015-09-02,"2389, 1573, 1592, 1303, 1546, 1570, 1311, 1538, 1287, 4495, 819, 1078, 1384, 1297, 1327, 1052, 1052, 1045, 1048, 1274, 1286, 2465, 751, 1764","1763, 1303, 1541, 1415, 1273, 1403, 1407, 1617, 1571, 1937, 1764, 1517"
201,دعاء لنفسي بالتوفيق,2530,6950,14100,11,0,1000,0.04,,2026-06-07 23:02:12,"AI Overview,Thumbnail,People also ask,Image pack,Video preview",2500,900,1400,2016-05-15,"1335, 1316, 1351, 1110, 1114, 1110, 1093, 874, 857, 2457, 623, 752, 1004, 867, 1114, 840, 835, 758, 1337, 1082, 1022, 1352, 1252, 993","1132, 1206, 1167, 1016, 1039, 1074, 1123, 1111, 1051, 1381, 1281, 1022"
202,معايدة رمضان,2500,9500,8200,1,0,150,0.02,0.46,2026-05-17 20:22:22,"People also ask,Image pack,Video preview",4100,900,6700,2015-09-24,"12, 6, 5, 5, 6, 8, 6, 40, 5983, 1474, 46, 6, 7, 6, 6, 6, 6, 17, 18, 30, 1323, 166, 17, 9",65
203,دعاء بعد صلاة الفجر,2480,17870,10500,5,0,2300,0.02,0.68,2026-05-22 7:48:49,"AI Overview,Image pack,People also ask,Video preview",17000,500,2100,2015-09-07,"1925, 2317, 1973, 1941, 2361, 2389, 2390, 2418, 2338, 2983, 1599, 1975, 1966, 2391, 2357, 2356, 2375, 2376, 2382, 2395, 2361, 2653, 2453, 2337","2332, 2543, 2473, 2405, 2525, 2523, 2499, 2547, 2513, 2806, 2606, 2489"
204,تهنئة مولود انثى,2460,9500,20500,4,0,6800,0.01,0.74,2026-05-28 5:27:22,"AI Overview,People also ask,Image pack,Video preview,Thumbnail",19000,5000,6300,2015-09-29,"5980, 6653, 5278, 6436, 6319, 5924, 6612, 7151, 6533, 6393, 6612, 6048, 6449, 7122, 5747, 6905, 6788, 6393, 7081, 7620, 7002, 6862, 7081, 6517","6918, 7591, 6216, 7374, 7258, 6863, 7550, 8089, 7471, 7331, 7551, 6986"
205,دعاء لراحة البال,2440,15630,44800,15,0,900,0.04,0.71,2026-06-07 22:20:26,"AI Overview,Thumbnail,People also ask,Image pack,Video preview",7700,900,2700,2015-09-09,"1903, 1860, 1943, 2244, 1921, 1907, 1894, 1882, 1528, 1941, 1342, 1568, 1510, 833, 817, 701, 801, 711, 725, 779, 616, 882, 762, 818","769, 756, 705, 594, 693, 632, 724, 749, 592, 863, 746"
206,تحصين النفس من العين,2420,4200,3900,2,1,3800,0.35,0.76,2026-06-03 8:31:36,"Image pack,People also ask,Video preview",6800,1800,3600,2015-09-03,"4217, 4210, 3493, 4101, 3507, 4267, 4140, 4188, 3368, 3376, 4167, 4175, 3986, 4194, 3977, 3889, 3412, 3983, 3427, 3716, 3358, 3442, 3713, 3790","3738, 3918, 3786, 3789, 3724, 3654, 3743, 3832, 3484, 3564, 3835, 3912"
207,دعاء للمسلمين,2400,4570,18400,14,2,900,0.03,0.95,2026-05-20 12:38:23,"AI Overview,People also ask,Image pack,Video preview",1800,900,1300,2015-09-03,"1409, 940, 966, 939, 1122, 957, 1104, 1120, 931, 3191, 590, 774, 1021, 777, 779, 738, 598, 602, 768, 932, 779, 3002, 365, 725","899, 737, 704, 643, 477, 545, 765, 964, 797, 3022, 384, 743"
208,دعاء المولود,2400,5970,1950,3,0,2600,0.01,0.81,2026-06-02 6:22:22,"AI Overview,Thumbnail,People also ask,Image pack,Video preview",6800,2300,2500,2015-09-04,"3177, 2954, 2849, 2518, 2783, 2806, 2616, 2719, 2490, 2318, 2700, 2931, 3003, 2779, 2675, 2344, 2609, 2631, 2442, 2544, 2316, 2144, 2526, 2756","2829, 2605, 2501, 2169, 2435, 2457, 2268, 2370, 2141, 1970, 2352, 2582"
209,دعاء لامي المتوفية,2350,9650,157600,24,0,3400,0.03,,2026-05-28 20:29:02,"AI Overview,Thumbnail,Video preview,People also ask,Image pack",29000,1900,8700,2015-11-23,"4497, 3188, 3025, 3042, 2804, 3125, 2889, 3215, 3050, 3750, 3952, 3464, 3974, 4320, 2978, 3029, 2920, 3173, 2937, 3264, 3098, 3798, 4000, 3512","4022, 4369, 3027, 3078, 2968, 3222, 2986, 3312, 3147, 3847, 4049, 3561"
210,دعاء لأهل الميت,2330,3870,13000,14,1,1200,,0.74,2026-05-19 19:40:20,"AI Overview,People also ask,Image pack,Video preview",2000,800,1200,2015-09-22,"1285, 1322, 1337, 1346, 1333, 1552, 1301, 1495, 1268, 1316, 1297, 1096, 1071, 1067, 1292, 1312, 1295, 1302, 1102, 1266, 1254, 1214, 1288, 1297","1283, 1226, 1225, 1186, 1230, 1239, 1266, 1289, 1277, 1236, 1311, 1321"
211,دعاء المطر قصير,2320,6820,61300,8,0,2400,0.06,0.61,2026-05-28 4:00:44,"AI Overview,People also ask,Video preview,Image pack",5900,16000,34000,2015-12-25,"95, 177, 3624, 1426, 4156, 663, 151, 5094, 6107, 8381, 281, 161, 16, 127, 4519, 154, 53, 371, 10209, 539, 3377, 3927, 4899, 1833","7, 212, 2184, 36, 1747, 5314, 4036, 3697, 3434, 3983, 4956, 1889"
212,تحصين الابناء,2310,9890,36050,17,0,800,0.02,,2026-06-01 7:22:32,"Image pack,People also ask,Video preview,Thumbnail",900,900,2100,2016-03-15,"530, 444, 639, 635, 562, 627, 602, 608, 527, 521, 611, 785, 607, 601, 764, 943, 900, 745, 738, 741, 738, 788, 741, 794","787, 743, 822, 853, 813, 768, 806, 850, 845, 900, 846, 905, 896"
213,تحصين الاطفال,2300,4090,29000,6,0,7000,0.03,0.82,2026-06-04 9:07:19,"AI Overview,Thumbnail,People also ask,Image pack,Video preview",13000,2700,4800,2015-09-03,"6863, 7035, 6189, 6758, 7237, 6758, 6113, 6724, 7197, 6476, 6541, 7102, 7120, 7292, 6446, 7015, 7494, 7015, 6369, 6981, 7454, 6733, 6798, 7358","7376, 7549, 6702, 7272, 7751, 7272, 6626, 7238, 7710, 6990, 7055, 7615, 7633"
214,اذكار بعد الصلاة,2290,8540,43700,8,0,8800,0.02,0.82,2026-05-30 10:27:37,"Image pack,People also ask,Videos,Sitelinks,Video preview",28000,4300,15000,2015-09-01,"9520, 9473, 9154, 8276, 7966, 8904, 9118, 8336, 8175, 9438, 10053, 9268, 9360, 9320, 8998, 8121, 7811, 8750, 8964, 8182, 8021, 9285, 9899, 9115","9207, 9167, 8846, 7969, 7659, 8598, 8812, 8031, 7870, 9134, 9749, 8965"
215,دعاء الاختبارات,2290,4320,111750,15,2,4400,0.02,0.7,2026-06-01 6:15:01,"AI Overview,Thumbnail,People also ask,Image pack,Video preview",7800,4900,6600,2015-09-02,"10240, 719, 722, 2430, 5526, 17526, 6002, 1469, 16805, 843, 2411, 5534, 7862, 666, 667, 847, 2616, 1013, 8422, 4441, 9657, 4727, 6531, 5398","10217, 505, 584, 860, 2095, 7319, 7441, 3919, 8511, 4160, 5740, 4737"
216,دعاء الاستيقاظ من النوم,2280,4720,3350,8,0,2100,0.01,0.67,2026-05-26 10:59:27,"AI Overview,People also ask,Image pack,Sitelinks,Video preview",4200,90,300,2015-09-05,"1690, 1405, 1765, 2800, 3149, 2588, 2493, 2503, 2071, 1005, 2194, 1777, 1697, 1372, 1618, 3182, 3085, 2486, 2305, 2341, 2016, 1337, 2062, 1689","1715, 1520, 1737, 3154, 3024, 2203, 2232, 2302, 2030, 1601, 1939, 1995"
217,دعاء للاخ,2230,9860,6450,13,0,1100,0.04,0.69,2026-06-04 7:05:50,"AI Overview,Thumbnail,People also ask,Image pack,Video preview",3600,450,500,2015-09-01,"1801, 1174, 1189, 977, 1169, 1177, 1138, 1138, 1086, 2698, 779, 941, 1270, 943, 948, 909, 916, 879, 947, 989, 1048, 1820, 802, 1153","1213, 907, 1016, 1010, 1031, 996, 1132, 1116, 1092, 1476, 1306, 1072, 1185"
218,دعاء للمتزوجين,2220,4800,11800,13,0,1100,0.07,0.67,2026-06-08 10:39:02,"AI Overview,Thumbnail,People also ask,Image pack,Video preview",2600,600,800,2015-09-09,"1826, 1804, 1234, 1210, 1261, 1504, 1483, 1487, 670, 664, 1826, 1452, 1356, 1391, 1091, 860, 1113, 1059, 1120, 1237, 949, 896, 1013, 1221","1421, 1564, 1261, 1041, 1083, 1156, 1167, 1254, 966, 913, 1030, 1238"
219,ادعية الرزق,2200,10380,643200,20,4,2700,0.07,0.82,2026-06-03 1:40:14,"People also ask,Image pack,Video preview",10000,24000,56000,2015-09-21,"3727, 1407, 2241, 2430, 2503, 2371, 2684, 2513, 2160, 3430, 2551, 2723, 2702, 2677, 2732, 2768, 2771, 2778, 2777, 2785, 2811, 2749, 2707, 2804","2767, 2802, 2826, 2850, 2854, 2864, 2859, 2870, 2899, 2828, 2818, 2889"
220,دعاء دخول مكة,2190,2620,6650,8,0,1700,0.03,0.93,2026-05-27 7:29:15,"AI Overview,Thumbnail,People also ask,Image pack,Sitelinks,Video preview",2200,1000,1100,2015-10-24,"1856, 423, 1463, 1408, 1071, 2159, 1900, 1986, 1774, 2471, 1891, 1385, 1657, 1148, 1748, 1651, 1462, 1863, 1931, 1962, 1894, 2076, 2176, 1865","1848, 1730, 1882, 1870, 1844, 1973, 2009, 2040, 1975, 2162, 2200, 1932"
221,دعاء النوم للأطفال,2180,8100,2100,3,0,700,0.05,,2026-06-03 8:16:55,"Image pack,People also ask,AI Overview,Thumbnail,Video preview",2400,300,2000,2016-04-27,"525, 437, 591, 1384, 1347, 775, 754, 732, 590, 409, 595, 600, 514, 588, 577, 1109, 1364, 717, 616, 705, 543, 346, 479, 502","482, 456, 493, 1194, 1418, 718, 670, 723, 561, 361, 493, 514"
222,ياودود ياودود,2180,5240,13100,7,0,4200,,0.52,2026-05-28 19:11:30,"AI Overview,Image pack,People also ask,Video preview,Thumbnail",7200,700,900,2015-09-05,"6301, 2830, 3450, 2766, 4326, 4276, 4217, 3477, 3395, 6372, 2715, 6445, 5152, 5218, 6210, 4199, 3330, 2786, 2696, 3299, 2816, 3575, 4258, 5716","4092, 5104, 3684, 3285, 3506, 3109, 3019, 3204, 2741, 3486, 4159, 5592"
223,دعاء الفرج والكرب,2170,6070,7700,5,2,800,0.02,0.84,2026-05-21 18:00:20,"AI Overview,People also ask,Image pack,Video preview",1200,600,1600,2015-09-30,"792, 812, 816, 811, 808, 713, 726, 730, 708, 815, 703, 813, 705, 819, 1053, 808, 835, 574, 734, 849, 654, 796, 675, 726","627, 701, 730, 721, 733, 726, 742, 831, 637, 779, 657, 709"
224,دعاء لشخص بالتوفيق,2160,9900,31700,11,0,1100,0.08,0.63,2026-05-28 5:41:04,"AI Overview,People also ask,Image pack,Thumbnail,Video preview",2800,800,2900,2015-11-07,"1677, 1410, 1695, 1458, 1720, 1452, 1452, 1428, 1160, 2164, 803, 1170, 1079, 939, 913, 934, 1165, 1162, 1170, 1183, 1025, 1341, 985, 1165","1109, 1033, 1029, 1163, 1202, 1269, 1190, 1131, 1112, 1204, 1131, 1103"
225,ادعية يوم عاشوراء,2150,7890,10300,7,0,1400,,,2026-05-27 2:55:26,"AI Overview,People also ask,Image pack,Video preview,Thumbnail",1900,1200,1900,2015-10-23,"650, 1951, 3920, 1549, 1120, 710, 668, 634, 711, 709, 799, 802, 846, 2147, 4116, 1745, 1315, 906, 864, 830, 906, 905, 994, 997","1042, 2343, 4311, 1941, 1511, 1102, 1060, 1026, 1102, 1101, 1190, 1193"
226,دعاء الفرج والرزق,2140,8930,30020,6,3,1100,0.15,0.71,2026-06-06 5:40:26,"AI Overview,Thumbnail,People also ask,Image pack,Video preview",4400,600,7300,2015-09-01,"1165, 975, 1191, 993, 994, 1203, 1216, 1206, 979, 1451, 790, 984, 784, 784, 997, 998, 996, 1202, 1216, 1205, 1145, 1272, 1266, 1142","1139, 1197, 1200, 1137, 1152, 1232, 1234, 1276, 1216, 1343, 1337, 1213"
227,هل يجوز تكرار العمرة عن الميت,2100,2550,850,3,0,500,0.06,,2026-06-02 22:40:25,"AI Overview,Thumbnail,People also ask,Video preview",600,80,80,2018-08-03,"399, 523, 430, 429, 494, 575, 663, 853, 538, 1879, 368, 168, 256, 317, 392, 405, 517, 626, 497, 831, 381, 1880, 128, 241","249, 339, 446, 425, 532, 581, 353, 798, 339, 1841, 89, 203"
228,الدعاء بين الاذان والاقامة,2100,2700,400,1,0,1200,0.05,1.03,2026-05-28 6:55:26,"AI Overview,People also ask,Image pack,Video preview",1700,700,800,2015-11-15,"1175, 1223, 1213, 1030, 1473, 1207, 1228, 1190, 982, 1219, 814, 1000, 953, 1326, 1223, 999, 1269, 1027, 1336, 1218, 1146, 1202, 1103, 1121","1117, 1179, 1160, 1116, 1294, 1229, 1257, 1256, 1181, 1239, 1137, 1155"
229,دعاء دخول الحمام,2070,3990,6600,11,0,1200,0.05,0.59,2026-05-29 1:00:31,"AI Overview,People also ask,Image pack,Video preview",2400,500,700,2015-09-02,"842, 1111, 1722, 1682, 1553, 1522, 1359, 1355, 894, 697, 720, 921, 842, 991, 1004, 1894, 1677, 1419, 1798, 1244, 993, 781, 1057, 1101","1110, 1150, 1250, 1573, 1541, 1461, 1545, 1430, 1250, 1184, 1139, 1183"
230,دعاء يوم الجمعة المستجاب للرزق,2050,5520,7500,6,0,1000,0.05,,2026-05-23 13:52:06,"AI Overview,People also ask,Video preview,Image pack,Sitelinks",3500,800,1500,2020-08-07,"981, 746, 785, 801, 781, 801, 838, 835, 857, 861, 809, 876, 1163, 928, 967, 983, 963, 983, 1020, 1017, 1039, 1043, 991, 1058","1346, 1110, 1149, 1165, 1145, 1165, 1202, 1200, 1221, 1225, 1173, 1240"
231,دعاء اخر ساعة من يوم الجمعة,2050,4940,51200,13,0,1400,0.02,1.22,2026-06-02 17:04:42,"AI Overview,Thumbnail,People also ask,Image pack,Video preview",3500,3400,4300,2015-10-09,"1860, 1907, 849, 998, 1124, 464, 587, 1291, 1597, 1668, 2785, 1544, 1838, 1918, 853, 987, 1127, 457, 581, 1298, 1585, 1644, 2792, 1529","1822, 1902, 842, 975, 1115, 448, 571, 1285, 1570, 1628, 2772, 1514"
232,دعاء للاموات يوم الجمعه,2050,2910,16300,14,0,1300,0.04,,2026-05-30 2:58:01,"AI Overview,Thumbnail,People also ask,Image pack,Video preview",1400,1700,2100,2015-09-29,"1119, 1364, 2062, 1701, 1644, 2067, 1721, 1760, 1333, 935, 1171, 1392, 915, 1323, 1703, 1309, 1717, 1348, 1372, 1303, 1181, 1208, 1000, 1027","982, 1079, 1267, 1252, 1374, 1377, 1442, 1298, 1176, 1204, 996, 1024"
233,دعاء لاخي المتوفي,2050,9090,25400,16,0,1300,0.01,,2026-05-22 16:49:53,"AI Overview,People also ask,Video preview,Image pack",6400,600,2100,2015-10-11,"1547, 1054, 1305, 1031, 1058, 1048, 978, 1254, 1033, 1945, 882, 1247, 1208, 1032, 1321, 1307, 1297, 1048, 1372, 1245, 1233, 1462, 1403, 1266","1311, 1311, 1251, 1249, 1236, 1242, 1314, 1286, 1275, 1503, 1444, 1308"
234,دعاء السفر الرجوع,2040,3860,450,2,2,1000,0.04,,2026-05-26 16:59:14,"Image pack,People also ask,Video preview",1100,14000,80000,2015-12-15,"1813, 1785, 1671, 959, 881, 1091, 549, 701, 496, 1081, 1086, 663, 799, 849, 1238, 627, 771, 1289, 1033, 1045, 809, 1262, 1345, 819","1092, 1190, 1307, 608, 782, 1105, 704, 778, 560, 1014, 1106, 585"
235,دعاء طواف الوداع,2020,2320,5900,6,0,1500,0.01,1.05,2026-05-17 8:53:54,"AI Overview,People also ask,Image pack,Video preview",1700,1000,1000,2015-10-03,"10417, 1140, 103, 107, 98, 745, 927, 148, 128, 132, 131, 12, 9079, 298, 10, 466, 813, 1794, 1723, 707, 470, 1104, 1242, 970","3411, 2007, 1789, 1890, 1943, 1959, 1993, 2026, 2068, 2131, 2163, 2214"
236,دعاء الحمد والشكر لله,2000,9020,102300,11,0,1500,0.04,,2026-05-18 16:20:02,"AI Overview,Thumbnail,Image pack,People also ask,Video preview",2200,2900,8800,2015-11-02,"1559, 1328, 1628, 1310, 1332, 1626, 1653, 1610, 1551, 2466, 1328, 1589, 1481, 1333, 1618, 1546, 1556, 1241, 1628, 1580, 1546, 1764, 1685, 1627","1628, 1618, 1661, 1589, 1651, 1662, 1715, 1720, 1687, 1904, 1826, 1767"
237,دعاء لابي المتوفي,1980,7170,91400,19,0,8700,0.02,0.71,2026-06-04 9:47:35,"AI Overview,Thumbnail,People also ask,Video preview,Image pack",51000,8000,33000,2015-09-10,"14379, 7726, 9081, 8998, 8004, 9058, 8544, 8325, 9801, 19616, 5896, 6452, 11757, 8977, 8523, 6907, 6669, 6647, 8250, 8675, 8380, 15565, 7055, 7748","11059, 7809, 7706, 6635, 7514, 7457, 9003, 8756, 9178, 11673, 10405, 8482"
238,ادعيه العشر ذي الحجه,1980,6210,18050,11,0,700,0.02,,2026-05-30 1:46:58,"AI Overview,People also ask,Image pack,Video preview",1700,500,2000,2017-08-23,"6187, 23, 4, 4, 4, 4, 4, 4, 0, 11, 4, 4930, 2385, 10, 6, 8, 5, 4, 4, 359, 347, 359, 360, 3776","714, 1, 316, 370, 370, 369, 368, 613, 620, 629, 636, 969"
239,دعاء يوم الاربعاء,1960,11620,8800,11,0,1300,0.02,1,2026-05-16 8:47:05,"People also ask,Video preview,Image pack",8000,600,1400,2015-09-09,"1212, 1495, 1247, 1244, 1809, 1208, 1471, 1482, 1190, 797, 1205, 1209, 1163, 1542, 1053, 1241, 1264, 1423, 1491, 1419, 1339, 1338, 1259, 1334","1388, 1356, 1316, 1344, 1443, 1394, 1395, 1427, 1345, 1343, 1263"
240,دعاء في مكه,1960,2140,15300,9,0,600,0.03,,2026-05-26 6:57:34,"AI Overview,Thumbnail,People also ask,Videos,Image pack,Sitelinks,Video preview",600,1700,1700,2016-01-22,"184, 628, 805, 543, 541, 778, 476, 724, 490, 1806, 220, 225, 172, 628, 776, 489, 525, 590, 552, 718, 502, 1811, 258, 260","208, 659, 806, 519, 552, 630, 582, 749, 532, 1841, 288, 290"
241,دعاء لجدتي المتوفية,1920,11350,28200,23,0,1200,,,2026-06-05 15:12:01,"AI Overview,Thumbnail,People also ask,Image pack,Video preview",7500,700,1200,2017-11-21,"1929, 1532, 1583, 1573, 1556, 1559, 1473, 1462, 1398, 2285, 1176, 1190, 1103, 1145, 1249, 1227, 1187, 922, 1267, 1156, 1113, 1342, 1311, 1376","1582, 1576, 1457, 1398, 1336, 1283, 1325, 1243, 1196, 1443, 1408, 1477"
242,دعاء صباح جميل مكتوب,1920,14400,20200,3,0,800,0.1,,2026-05-23 1:46:46,"AI Overview,Image pack,People also ask,Video preview",5000,700,3200,2016-10-17,"836, 1091, 835, 1073, 848, 722, 854, 845, 731, 273, 593, 615, 503, 624, 737, 876, 590, 856, 1104, 1109, 998, 717, 935, 1122","892, 991, 957, 1098, 914, 1089, 1249, 1251, 1140, 858, 1076, 1264"
243,دعاء الهم والحزن,1910,6370,13300,6,1,6000,0.03,0.59,2026-05-27 18:16:40,"AI Overview,Image pack,People also ask,Video preview",15000,3200,20000,2015-09-01,"6043, 6050, 5997, 5911, 5582, 5943, 5903, 5415, 6010, 6182, 6309, 6366, 6039, 6047, 5994, 5909, 5580, 5941, 5901, 5414, 6009, 6181, 6307, 6365","6038, 6046, 5993, 5908, 5579, 5940, 5900, 5413, 6008, 6180, 6307"
244,دعاء الزواج من شخص معين,1910,9240,62300,16,0,900,0.03,1,2026-06-06 5:42:51,"AI Overview,Thumbnail,People also ask,Image pack,Video preview",2400,700,4100,2015-10-18,"1912, 1214, 1269, 1257, 1238, 1045, 987, 1172, 820, 2346, 999, 854, 1095, 966, 856, 633, 830, 612, 848, 852, 777, 1102, 1055, 828","903, 1110, 852, 805, 836, 818, 855, 868, 792, 1123, 1075, 844"
245,يوم الترويه,1900,3100,200,1,0,2700,0.03,0.6,2026-06-05 5:20:52,"AI Overview,Thumbnail,People also ask,Image pack,Video preview",4600,4500,14000,2015-09-01,"32318, 21, 12, 12, 9, 10, 12, 12, 14, 23, 306, 1317, 24730, 13, 842, 554, 537, 569, 592, 612, 623, 640, 903, 2142","23351, 1, 853, 619, 607, 641, 664, 685, 697, 716, 979, 2219"
246,دعاء مستجاب,1890,6240,108900,14,1,4300,0.02,0.88,2026-06-07 5:09:01,"AI Overview,Thumbnail,Image pack,People also ask,Video preview,Sitelinks",13000,200,1600,2015-09-04,"5945, 4062, 3861, 4254, 4301, 4124, 3675, 4276, 4141, 4324, 5064, 4307, 4367, 4646, 4247, 3975, 4052, 4213, 4267, 4199, 4230, 4561, 4667, 4329","4611, 4475, 4245, 4167, 4214, 4269, 4231, 4286, 4283, 4477, 4640, 4359"
247,دعاء الفرج الهم,1890,6480,16000,10,2,450,0.03,,2026-05-21 18:35:31,"AI Overview,Image pack,People also ask,Video preview",450,600,1700,2020-02-04,"568, 576, 591, 548, 561, 541, 456, 475, 362, 655, 445, 460, 459, 456, 473, 381, 453, 433, 447, 431, 425, 467, 436, 433","476, 447, 463, 435, 452, 446, 444, 435, 429, 472, 440, 438"
248,دعاء دخول الكعبة,1890,2210,3680,5,0,600,0.01,,2026-05-29 3:08:53,"AI Overview,People also ask,Image pack,Video preview",700,800,900,2015-11-07,"372, 362, 380, 374, 482, 511, 534, 637, 543, 1616, 290, 268, 353, 460, 598, 526, 540, 529, 513, 593, 472, 808, 1078, 549","413, 417, 573, 537, 517, 520, 526, 608, 484, 829, 1105, 563"
249,افضل الدعاء,1880,4750,3200,2,6,1600,0.02,0.97,2026-05-28 14:13:46,"AI Overview,People also ask,Video preview,Image pack",2700,700,1600,2015-09-01,"2530, 1585, 1632, 1380, 1662, 1698, 1638, 1668, 1358, 5245, 1139, 1761, 2042, 1426, 1408, 1140, 1346, 1119, 1364, 1613, 1452, 3521, 1319, 1465","1912, 1433, 1408, 1342, 1388, 1249, 1502, 1694, 1599, 2423, 1996, 1777"
250,دعاء دخول المدينة المنورة,1860,2230,7500,6,0,1200,0.02,1.28,2026-05-18 11:03:53,"AI Overview,People also ask,Video preview,Image pack",1500,1300,1300,2015-09-16,"1297, 822, 810, 821, 1039, 1317, 1312, 1550, 1306, 2325, 838, 578, 1066, 834, 1056, 1050, 1074, 1357, 1547, 1629, 1414, 2398, 912, 690","1198, 976, 1183, 1153, 1163, 1442, 1617, 1686, 1467, 2447, 957"
251,دعاء للاخوان والاخوات,1840,3330,9000,10,0,400,0.02,,2026-05-17 21:28:26,"AI Overview,People also ask,Image pack,Video preview",500,800,900,2015-09-12,"1168, 293, 339, 307, 303, 360, 338, 438, 325, 1515, 249, 360, 804, 339, 332, 223, 285, 275, 330, 439, 414, 632, 611, 449","659, 512, 413, 414, 424, 437, 446, 480, 455, 674, 652, 490"
252,دعاء السجود في القرآن,1840,2740,6500,3,11,900,,,2026-05-27 7:29:55,"AI Overview,Video preview,People also ask,Videos,Image pack",1200,1400,3000,2015-09-15,"785, 516, 540, 545, 648, 583, 605, 627, 653, 910, 1033, 735, 1036, 772, 803, 816, 927, 871, 901, 931, 967, 1233, 1365, 1077","1387, 1133, 1176, 1199, 1321, 1276, 1318, 1361, 1408, 1687, 1833, 1559"
253,دعاء لحفظ الجنين,1820,5290,24000,11,6,1100,,0.84,2026-05-24 7:30:22,"AI Overview,People also ask,Image pack,Video preview",3800,800,2800,2015-09-12,"1626, 1347, 1366, 1394, 1385, 1373, 1375, 1623, 1325, 1637, 1082, 1333, 1234, 1226, 1210, 1231, 996, 811, 876, 975, 893, 1007, 937, 915","891, 872, 837, 869, 868, 850, 894, 971, 890, 1004, 935, 913"
254,دعاء الخروج من مكة,1820,2030,6000,7,0,1100,0.01,,2026-06-07 21:35:42,"AI Overview,Thumbnail,People also ask,Image pack,Video preview",1200,1000,1000,2015-12-01,"1322, 840, 752, 760, 776, 868, 876, 1346, 845, 2038, 626, 276, 858, 636, 877, 887, 1129, 1357, 1130, 1581, 1103, 2308, 832, 573","1211, 1054, 1270, 1224, 1414, 1557, 1260, 1703, 1224, 2430, 953, 694"
255,دعاء في الحرم لنفسي,1800,1900,1200,2,0,1400,0.05,,2026-05-18 1:46:56,"AI Overview,People also ask,Image pack,Video preview,Sitelinks",1500,600,600,2022-08-17,"615, 1134, 1418, 1154, 1678, 1689, 1675, 2090, 1616, 3800, 717, 837, 477, 1399, 1683, 1246, 1512, 1566, 1607, 1824, 1275, 2749, 529, 620","516, 1395, 1790, 1347, 1570, 1666, 1624, 1851, 1302, 2777, 557"
256,السعي بين الصفا والمروة,1800,2000,33000,2,0,8500,0.02,0.74,2026-06-05 2:18:36,"AI Overview,Thumbnail,People also ask,Video preview,Knowledge panel,Image pack",12000,16000,17000,2015-09-06,"6879, 5127, 7350, 6690, 6200, 7088, 7836, 7462, 6734, 10395, 8708, 7539, 7629, 7687, 8218, 8010, 8080, 8475, 8725, 8892, 9013, 9898, 10158, 9119","9206, 9058, 9717, 9563, 9592, 9997, 10299, 10403, 10435, 11497, 11483, 10782"
257,دعاء الختمة,1800,4900,2200,1,14,1100,0.01,1.39,2026-05-20 9:09:44,"Image pack,Video preview,People also ask",2500,13000,46000,2015-10-24,"995, 56, 474, 432, 408, 175, 295, 66, 207, 2706, 2779, 2012, 1105, 914, 810, 807, 809, 832, 812, 868, 813, 1278, 2719, 1490","1152, 885, 902, 895, 894, 869, 881, 874, 870, 1566, 2379, 1567"
258,دعاء الالم,1800,4540,37350,40,0,1200,0.06,0.6,2026-05-22 11:17:00,"AI Overview,Thumbnail,People also ask,Image pack,Video preview,Videos",2400,500,1200,2015-09-20,"2002, 1493, 1648, 1515, 1510, 1793, 1390, 1754, 1799, 1742, 1147, 1532, 1177, 1285, 1411, 1050, 1571, 1016, 1064, 1221, 1106, 1185, 963, 1336","1455, 1423, 1229, 1174, 1151, 1272, 1207, 1311, 1338, 1386, 1285, 1347"
259,دعاء الرعد والبرق والمطر,1800,11000,3400,1,0,200,,,2026-06-05 20:43:52,"AI Overview,Thumbnail,People also ask,Image pack",3000,1200,3300,2015-09-11,,
260,دعاء للمسافر,1780,11160,18900,17,0,1000,0.07,0.64,2026-05-19 17:37:04,"AI Overview,Thumbnail,People also ask,Image pack,Video preview",7100,600,1500,2015-09-02,"1781, 1794, 1506, 1201, 1202, 1215, 1003, 1181, 991, 1138, 1166, 1002, 975, 1172, 1195, 834, 808, 1006, 841, 984, 881, 929, 909, 906","990, 1063, 1087, 922, 918, 923, 858, 984, 881, 928, 909, 906, 990"
261,دعاء قبل النوم,1740,8650,212000,9,7,14000,0.02,0.52,2026-06-08 2:43:17,"AI Overview,Thumbnail,Image pack,People also ask,Videos,Video preview,Sitelinks",67000,6300,31000,2015-09-03,"15391, 15854, 17928, 17977, 17615, 18419, 16905, 17847, 16494, 11428, 13716, 13930, 12773, 12432, 13562, 13038, 13851, 14240, 14219, 14788, 15121, 14198, 12377, 12922","12846, 12717, 13284, 12761, 13574, 13962, 13941, 14510, 14844, 13920, 12099, 12644"
262,دعاء الذهاب للعمل,1710,5960,15890,9,0,300,,,2026-05-27 0:16:20,"AI Overview,People also ask,Image pack,Video preview",450,40,40,2015-10-11,"168, 252, 205, 200, 212, 245, 197, 167, 161, 157, 276, 301, 230, 304, 308, 370, 370, 299, 308, 338, 305, 285, 283, 320","291, 315, 338, 362, 338, 319, 316, 343, 308, 287, 285, 322"
263,دعاء التوفيق في العمل,1700,9320,36500,12,0,700,0.02,0.7,2026-05-26 18:34:48,"AI Overview,People also ask,Image pack,Video preview",4800,400,3700,2015-09-29,"649, 681, 952, 1167, 1200, 993, 956, 812, 774, 788, 822, 797, 626, 555, 813, 692, 851, 794, 835, 725, 683, 731, 672, 630","621, 559, 663, 725, 782, 776, 690, 587, 568, 602, 557, 507"
264,دعاء نية العمرة لشخص آخر,1700,3700,900,1,0,350,0.01,,2026-05-06 17:50:32,"AI Overview,People also ask",450,900,1200,2022-03-11,"198, 514, 521, 506, 524, 529, 429, 504, 416, 1201, 281, 157, 188, 361, 439, 427, 442, 535, 559, 113, 138, 480, 340, 446","50, 269, 288, 125, 26, 144, 244, 228, 232, 184, 205, 248"
265,دعاء الجماع,1690,5130,8200,9,26,1200,,0.97,2026-06-02 21:21:57,"AI Overview,Thumbnail,People also ask,Image pack,Video preview",3900,500,800,2015-09-02,"1378, 1797, 1700, 1405, 1597, 1327, 1275, 1507, 1047, 970, 1566, 1287, 1347, 1436, 1201, 1232, 1275, 1219, 1182, 1234, 1048, 1158, 1085, 1091","1213, 1229, 1213, 1124, 1172, 1127, 1361, 1269, 1084, 1194, 1121, 1126"
266,دعاء للميت مؤثر جدا قصير للمرأة,1690,8390,32800,14,2,400,,,2026-06-08 13:16:49,"AI Overview,Thumbnail,People also ask,Image pack",2000,400,1500,2021-11-30,"447, 260, 290, 342, 339, 362, 410, 384, 372, 426, 361, 285, 283, 336, 338, 301, 336, 430, 506, 462, 434, 423, 433, 384","353, 297, 263, 258, 280, 316, 297, 283, 271, 260, 282, 235"
267,دعاء المعجزات,1680,5750,12520,17,0,1400,0.02,0.7,2026-05-24 2:55:41,"Image pack,People also ask,Video preview",4100,150,400,2015-09-11,"2890, 1882, 2304, 1776, 2039, 1640, 1606, 1557, 1314, 3127, 1396, 1598, 1947, 1550, 1506, 1210, 1201, 1006, 1517, 1277, 1248, 1568, 1517, 1551","1489, 1490, 1490, 1444, 1364, 1268, 1296, 1276, 1247, 1568, 1516, 1551"
268,دعاء قضاء الحاجة,1670,8090,117000,3,0,5900,0.01,0.94,2026-06-05 10:04:55,"AI Overview,Thumbnail,Image pack,People also ask,Video preview",91000,400,34000,2015-09-10,"5273, 5260, 6645, 7956, 6624, 6557, 6414, 6614, 5265, 6459, 4444, 5412, 5025, 5342, 6365, 6079, 6539, 6161, 5937, 5752, 5590, 5997, 6024, 6536","6245, 6286, 6256, 6044, 5848, 5854, 5846, 5662, 5503, 5903, 5929, 6433"
269,دعاء رد الضالة,1670,2760,5130,8,0,900,,1.31,2026-05-20 19:26:43,"AI Overview,People also ask,Image pack,Video preview,Thumbnail",2600,1400,1800,2015-09-03,"1108, 920, 901, 919, 902, 801, 791, 1015, 787, 968, 1017, 844, 858, 859, 840, 830, 843, 896, 856, 878, 820, 880, 876, 871","850, 858, 841, 826, 853, 839, 858, 865, 812, 869, 866, 864"
270,ان الصفا والمروة من شعائر الله دعاء,1650,1650,1150,4,0,1000,0.02,,2026-06-02 11:00:21,"Image pack,People also ask,Video preview",1000,400,400,2020-01-09,"832, 678, 701, 754, 694, 840, 826, 717, 733, 1041, 1350, 1031, 1016, 862, 885, 937, 878, 1024, 1010, 901, 917, 1225, 1534, 1215","1200, 1045, 1069, 1121, 1061, 1207, 1193, 1085, 1101, 1408, 1717, 1398"
271,دعاء أبي حمزة الثمالي مكتوب pdf,1650,8640,15180,12,0,200,0.2,,2026-05-23 23:57:41,"Image pack,Video preview",1000,800,1700,2020-04-30,,
272,دعاء الستر من الفضيحة,1640,11070,45200,8,0,1100,0.05,1.18,2026-05-26 3:44:01,"AI Overview,People also ask,Image pack,Video preview",6800,700,5600,2015-09-13,"1381, 1386, 1367, 1375, 1152, 1329, 1125, 1146, 1108, 1121, 1165, 1164, 1133, 1114, 1129, 1135, 1116, 1100, 957, 985, 1091, 1053, 1052, 978","1013, 1803, 1638, 1455, 1176, 1133, 935, 986, 1092, 1054, 1053, 979"
273,دعاء الظلم,1640,4500,2900,5,0,1000,0.01,0.82,2026-05-18 22:36:07,"AI Overview,People also ask,Image pack,Video preview",2600,250,500,2015-09-28,"1620, 1360, 1350, 1103, 1085, 1085, 1119, 1101, 1094, 1726, 1127, 1153, 1134, 936, 926, 926, 918, 883, 921, 883, 896, 1133, 1088, 1056","1007, 1043, 1007, 853, 951, 932, 898, 874, 888, 1121, 1080, 1047"
274,دعاء تعجيل الزواج في اسبوع,1630,9810,31500,9,0,500,,1.05,2026-05-19 4:30:31,"AI Overview,People also ask,Image pack,Video preview",3400,800,3700,2016-08-31,"1111, 776, 754, 640, 762, 742, 639, 607, 492, 1103, 521, 508, 568, 506, 518, 524, 534, 515, 427, 513, 483, 605, 544, 525","558, 603, 525, 504, 505, 494, 486, 510, 481, 602, 542, 524"
275,دعاء الرزق بالمال,1620,8320,24900,12,5,1800,0.04,1.13,2026-06-06 6:08:29,"AI Overview,Thumbnail,People also ask,Video preview,Image pack",4500,900,1700,2015-09-01,"3222, 2127, 2647, 2741, 2711, 2702, 2696, 2156, 1476, 4173, 1470, 1539, 2287, 2222, 2270, 2230, 1433, 1394, 1731, 1259, 1156, 2979, 909, 1493","1286, 1476, 1774, 1796, 1314, 1409, 1762, 1746, 1775, 1670, 1687, 1781"
276,دعاء العين,1600,11000,600,1,0,900,0.05,0.86,2026-06-08 7:45:50,"AI Overview,Thumbnail,People also ask,Image pack,Video preview",5600,3000,15000,2015-09-09,"1121, 1119, 1111, 1119, 1100, 1112, 1112, 1095, 925, 1090, 1097, 1104, 948, 910, 890, 856, 853, 900, 756, 884, 842, 887, 875, 889","941, 927, 896, 857, 873, 845, 860, 878, 836, 883, 871, 886"
277,دعاء تيسير الامور,1570,9850,50500,6,1,10000,0.01,0.69,2026-06-05 12:11:23,"AI Overview,Image pack,People also ask,Video preview",73000,300,700,2015-09-05,"10414, 11034, 11885, 10010, 9620, 9840, 10440, 10333, 9745, 9857, 9954, 10557, 10481, 11105, 11962, 10075, 9682, 9903, 10507, 10400, 9808, 9921, 10018, 10626","10549, 11177, 12039, 10140, 9745, 9967, 10575, 10467, 9871, 9985, 10082, 10694"
278,دعاء تفريج الهموم والمشاكل,1570,3810,8850,8,3,600,0.03,,2026-05-21 14:02:55,"AI Overview,People also ask,Image pack,Video preview",1700,250,450,2016-03-23,"976, 975, 1013, 709, 853, 841, 817, 814, 695, 781, 563, 672, 666, 764, 780, 837, 715, 430, 368, 390, 345, 418, 394, 357","357, 396, 432, 384, 345, 343, 399, 385, 341, 415, 392, 355"
279,دعاء قبل المذاكرة وعدم النسيان,1570,8650,48200,8,0,700,,,2026-05-13 5:32:56,"People also ask,Video preview,Image pack,Thumbnail",2800,800,5900,2016-05-11,"1220, 369, 301, 840, 1527, 1246, 1841, 374, 1520, 376, 967, 1499, 970, 246, 303, 555, 987, 682, 1276, 209, 1185, 151, 482, 920","499, 79, 67, 203, 754, 588, 1219, 30, 1144, 21, 455, 899"
280,ادعية ليلة القدر,1570,12280,35400,4,0,10000,0.25,0.88,2026-05-28 8:21:09,"People also ask,Image pack,Video preview",42000,23000,51000,2015-09-20,"126, 26, 25, 31, 30, 36, 44, 83, 114, 86353, 114, 47, 82, 28, 26, 23, 19, 13, 27, 17041, 18116, 87854, 7, 26301","5, 4, 10297, 7655, 6156, 4642, 18991, 19365, 19660, 7016, 1, 17339"
281,دعاء شفاء,1550,7020,6800,4,4,2500,0.02,0.73,2026-06-05 10:01:08,"AI Overview,People also ask,Image pack,Video preview,Thumbnail",13000,53000,146000,2015-09-12,"2503, 2499, 2537, 2544, 3020, 3002, 3021, 3086, 2985, 3664, 2502, 2484, 2498, 2440, 2444, 2388, 2457, 2422, 2471, 2618, 2442, 2643, 2538, 2424","2482, 2472, 2417, 2373, 2535, 2445, 2551, 2648, 2473, 2674, 2569, 2455"
282,دعاء السفر بالطائرة,1520,20210,14000,8,1,1300,0.02,0.39,2026-05-17 2:48:43,"AI Overview,People also ask,Image pack,Video preview",15000,150,2500,2015-09-01,"3087, 2692, 2263, 1942, 1700, 2216, 1827, 2159, 1498, 1816, 1234, 1144, 1768, 1867, 1474, 998, 956, 1405, 1256, 1216, 1029, 1023, 993, 833","971, 855, 992, 1885, 1314, 1385, 1230, 1214, 1027, 1021, 992, 832"
283,دعاء طويل,1510,6640,142350,7,3,1200,0.02,1.28,2026-05-27 22:12:54,"AI Overview,People also ask,Image pack,Video preview",2300,57000,134000,2015-11-06,"1081, 692, 874, 878, 888, 882, 899, 895, 862, 4521, 697, 871, 993, 886, 917, 880, 876, 877, 923, 874, 893, 4649, 401, 923","1043, 987, 979, 927, 938, 940, 1017, 953, 972, 4728, 480, 1002"
284,دعاء دخول الشهر,1510,4490,3000,6,1,300,0.03,,2026-05-27 21:31:33,"AI Overview,People also ask,Image pack,Video preview",400,600,700,2015-10-13,"462, 379, 128, 251, 107, 136, 574, 466, 667, 128, 323, 572, 382, 212, 134, 138, 166, 169, 569, 326, 456, 233, 307, 486","395, 309, 240, 162, 275, 250, 356, 397, 395, 384, 326, 386"
285,دعاء ماء زمزم,1500,6800,8400,3,4,1400,,,2026-06-05 12:31:36,"AI Overview,Thumbnail,Image pack,People also ask,Video preview",6500,700,2800,2015-09-12,"812, 1267, 1287, 1069, 1306, 1280, 1466, 1863, 1237, 2874, 1046, 1020, 820, 1502, 1498, 1040, 1243, 1232, 1481, 1952, 1289, 2928, 985, 1008","798, 1502, 1490, 1035, 1280, 1312, 1591, 2078, 1415, 3054, 1111, 1134"
286,دعاء يستشير مكتوب,1500,21900,9200,2,0,800,,,2026-05-27 22:51:42,"Image pack,Video preview",6600,400,2000,2016-03-15,"73, 72, 240, 133, 162, 184, 184, 184, 162, 441, 665, 848, 779, 868, 872, 773, 762, 598, 802, 664, 590, 713, 730, 812","726, 713, 1223, 886, 857, 780, 779, 691, 614, 741, 759, 844"
287,ادعية يوم التروية,1500,3700,10,1,0,100,,,2026-05-27 3:53:51,"People also ask,Image pack,Video preview",300,350,700,2015-09-22,,
288,دعاء الذهاب للمسجد,1500,4300,1750,3,0,1200,0.03,0.96,2026-06-07 20:09:17,"Image pack,People also ask,Video preview",1200,200,450,2015-09-17,"1030, 1062, 1066, 1248, 1173, 1285, 1317, 1361, 996, 2945, 1238, 1178, 1018, 1220, 1113, 915, 1023, 952, 920, 1210, 831, 2718, 1045, 995","847, 1046, 945, 797, 942, 916, 933, 1237, 859, 2746, 1073, 1024"
289,دعاء التعار من الليل,1500,2800,600,1,0,1500,0.03,0.45,2026-06-05 8:13:17,"AI Overview,Image pack,People also ask,Video preview",2800,250,600,2015-09-07,"742, 941, 2792, 2153, 2581, 2081, 1965, 1973, 1312, 295, 1364, 1106, 616, 763, 1128, 1895, 2251, 2047, 2393, 1818, 1664, 1415, 1178, 1274","1137, 1033, 1465, 1683, 1938, 2046, 2011, 1842, 1686, 1433, 1194, 1291"
290,دعاء للاخت,1500,3830,1950,12,0,700,0.03,0.66,2026-06-03 7:01:41,"AI Overview,Thumbnail,People also ask,Image pack,Video preview",1200,350,400,2015-09-02,"1350, 895, 940, 757, 895, 840, 566, 740, 601, 2325, 386, 564, 836, 571, 583, 546, 515, 639, 603, 671, 638, 1014, 1013, 651","738, 721, 711, 617, 629, 664, 646, 669, 636, 1012, 1010, 648"
291,دعاء موسى عليه السلام,1490,3820,2110,4,0,900,0.05,,2026-05-21 11:15:55,"AI Overview,People also ask,Video preview,Image pack",2600,150,800,2015-09-01,"880, 2179, 892, 644, 1093, 787, 776, 671, 679, 1238, 761, 759, 916, 1452, 966, 933, 933, 765, 618, 687, 753, 1090, 820, 970","1000, 1144, 894, 1006, 835, 867, 913, 916, 937, 1033, 975, 942"
292,دعاء شراء سيارة جديدة,1490,7150,9500,5,12,900,0.04,1.2,2026-06-05 23:09:47,"AI Overview,Thumbnail,People also ask,Image pack,Video preview",4000,600,1900,2015-09-02,"1112, 1409, 1428, 1403, 1450, 1421, 1383, 1401, 1123, 1447, 1143, 1408, 933, 1420, 1402, 1396, 463, 287, 964, 809, 778, 742, 688, 763","740, 686, 767, 761, 664, 626, 704, 702, 685, 644, 595, 669"
293,دعاء الجوشن الكبير مكتوب كاملا pdf,1470,8210,11200,6,0,900,,,2026-05-26 20:10:33,"Sitelinks,Image pack",5900,600,1600,2020-08-20,"104, 46, 69, 14, 65, 118, 109, 177, 144, 10066, 292, 200, 218, 304, 275, 212, 169, 227, 326, 366, 1233, 5202, 35, 2077",
294,دعاء الضالة,1470,3220,10400,7,0,1400,0.03,0.9,2026-05-19 4:35:52,"AI Overview,Image pack,People also ask,Video preview,Thumbnail",2300,1000,1400,2015-09-10,"1788, 1479, 1462, 1479, 1428, 1336, 1351, 1362, 1304, 1728, 1757, 1401, 1444, 1418, 1361, 1356, 1387, 1413, 1450, 1447, 1407, 1470, 1504, 1509","1470, 1497, 1446, 1391, 1397, 1436, 1428, 1457, 1417, 1481, 1515, 1521"
295,دعاء الحفظ مكتوب,1460,2220,11550,8,0,1100,0.07,,2026-05-18 16:53:42,"Image pack,People also ask,Sitelinks,Video preview",1200,400,400,2015-09-12,"726, 664, 803, 1025, 848, 835, 782, 661, 701, 715, 780, 772, 746, 748, 794, 749, 798, 932, 1592, 1429, 1352, 1359, 1323, 1402","1378, 1360, 1454, 1446, 1439, 1402, 1409, 1370, 1300, 1301, 1270, 1346"
296,دعاء للميت في المطر,1450,2780,21600,22,0,500,,,2026-06-02 21:17:46,"AI Overview,Thumbnail,People also ask,Image pack,Video preview",900,900,1000,2016-02-03,"104, 208, 1088, 341, 586, 525, 191, 1190, 977, 1510, 296, 185, 15, 113, 739, 141, 50, 235, 1160, 899, 542, 880, 749, 353","143, 375, 572, 204, 423, 682, 876, 806, 556, 888, 756, 359"
297,سيد الاستغفار,1450,8680,56000,4,2,22000,0.02,0.51,2026-06-03 6:37:03,"AI Overview,Image pack,People also ask,Video preview,Thumbnail",71000,7400,11000,2015-09-01,"22233, 22176, 22140, 19848, 26331, 20482, 19660, 21588, 21648, 41699, 18938, 17249, 19284, 20187, 22112, 22782, 24188, 21768, 24893, 21030, 22210, 27118, 26314, 22178","23405, 22404, 22559, 19137, 23058, 23012, 22843, 21123, 22302, 27211, 26407, 22271"
298,دعاء للميته,1450,4010,13050,12,1,2500,0.01,0.96,2026-06-08 12:48:45,"AI Overview,Thumbnail,People also ask,Image pack,Video preview",4900,69000,355000,2015-09-04,"2736, 2799, 2598, 2153, 2200, 2716, 2629, 2675, 2497, 2554, 2159, 2877, 2681, 2745, 2544, 2099, 2145, 2662, 2574, 2621, 2442, 2499, 2105, 2822","2627, 2690, 2489, 2044, 2091, 2607, 2520, 2566, 2388, 2445, 2050, 2768"
299,دعاء المسافر,1440,7820,8800,5,1,1000,0.02,0.43,2026-05-21 11:04:49,"AI Overview,People also ask,Image pack,Video preview",6200,600,1700,2015-09-13,"1291, 1248, 1225, 852, 739, 1342, 920, 1330, 935, 1403, 1096, 897, 1089, 1302, 1302, 751, 760, 1073, 905, 1112, 860, 1208, 1050, 866","1037, 1231, 1208, 796, 804, 1098, 930, 1144, 916, 1197, 1116, 902"
300,دعاء لامي المتوفيه,1410,5200,22600,7,0,1100,0.01,0.66,2026-05-20 18:22:51,"AI Overview,People also ask,Image pack,Video preview",4500,1000,3300,2015-09-05,"1387, 1087, 1254, 1030, 1052, 1075, 1026, 1238, 1024, 1879, 823, 1012, 1236, 1022, 1032, 999, 1022, 989, 1022, 1021, 973, 1220, 1229, 1276","1140, 1095, 945, 913, 901, 885, 913, 942, 897, 1125, 1132, 1175"
301,دعاء للاموات في المطر,1410,2120,5020,6,0,250,,,2026-05-20 19:33:25,"AI Overview,People also ask,Image pack",400,800,1000,2017-05-13,"57, 139, 609, 241, 416, 297, 90, 675, 595, 686, 127, 102, 10, 62, 363, 47, 22, 139, 693, 469, 360, 453, 457, 294","226, 290, 358, 258, 303, 465, 479, 490, 381, 473, 478, 314"
302,دعاء الرعد والمطر,1410,19040,9900,3,0,250,0.01,,2026-05-19 10:08:05,"AI Overview,People also ask,Image pack,Video preview",1400,1000,2800,2015-10-21,"27, 45, 978, 647, 313, 151, 23, 428, 185, 385, 105, 65, 5, 28, 332, 91, 15, 237, 759, 389, 186, 272, 345, 245","98, 190, 322, 191, 194, 457, 362, 404, 201, 287, 360, 260"
303,دعاء الرسول يوم الجمعة,1400,5200,1000,2,0,1400,0.06,0.72,2026-05-26 5:15:38,"AI Overview,People also ask,Video preview,Image pack,Sitelinks",5200,100,500,2015-09-11,"604, 758, 1133, 741, 627, 763, 776, 862, 716, 498, 521, 753, 512, 768, 1115, 1150, 1668, 1705, 2074, 1952, 1906, 1909, 1829, 1840","1816, 1756, 1783, 1781, 1752, 1786, 1809, 1745, 1720, 1710, 1644, 1647"
304,دعوات صباحية,1400,4600,500,2,0,450,0.02,0.51,2026-06-01 6:20:45,"AI Overview,Thumbnail,People also ask,Video preview",1600,60,150,2015-09-12,"375, 381, 553, 560, 555, 555, 569, 547, 446, 278, 444, 441, 349, 356, 356, 512, 523, 521, 437, 480, 419, 386, 355, 391","380, 359, 378, 398, 457, 432, 450, 453, 390, 358, 326, 363"
305,دعاء يغفر الذنوب قبل النوم,1390,4100,2100,2,0,800,0.02,,2026-06-08 7:23:43,"AI Overview,Thumbnail,Image pack,People also ask,Video preview",2300,10,70,2015-12-02,"575, 711, 939, 897, 1016, 927, 994, 847, 879, 735, 554, 689, 548, 541, 681, 704, 1010, 985, 1009, 1193, 1006, 793, 734, 848","593, 760, 969, 903, 1045, 910, 991, 972, 972, 799, 707, 864, 636"
306,دعاء الاكل,1390,6140,15850,10,0,600,0.02,0.67,2026-06-04 2:13:42,"AI Overview,Thumbnail,People also ask,Image pack,Video preview",3100,600,2300,2015-09-17,"383, 403, 934, 1131, 920, 577, 778, 755, 480, 552, 586, 513, 335, 416, 523, 1135, 942, 737, 591, 687, 436, 539, 503, 476","329, 379, 614, 1157, 920, 661, 595, 706, 429, 536, 500"
307,دعاء صلاة الجنازة,1370,2430,6500,7,0,600,0.03,1.13,2026-06-03 9:40:17,"AI Overview,Thumbnail,Image pack,People also ask,Video preview",1200,500,900,2015-09-09,"644, 349, 418, 422, 496, 511, 670, 782, 670, 1567, 527, 458, 429, 412, 418, 475, 393, 508, 659, 776, 653, 1537, 425, 380","360, 377, 377, 439, 358, 491, 644, 763, 642, 1527, 415"
308,ادعية بعد صلاة الفجر,1360,7100,31500,8,0,600,0.03,,2026-05-25 23:08:24,"AI Overview,People also ask,Image pack,Video preview",6000,70,1700,2015-09-24,"700, 609, 612, 498, 614, 625, 624, 653, 489, 925, 460, 483, 676, 600, 720, 619, 635, 618, 625, 626, 609, 722, 678, 591","659, 668, 678, 630, 643, 655, 652, 648, 630, 743, 700, 613"
309,دعاء الحزين,1360,8830,1950,4,0,1200,0.02,0.89,2026-05-23 11:40:55,"Video preview,Image pack",7200,400,700,2015-09-14,"1021, 1124, 1016, 900, 1086, 1105, 1106, 1355, 918, 2024, 996, 913, 988, 1566, 1257, 1036, 1154, 1008, 1360, 1246, 1202, 1416, 1389, 1155","1166, 1197, 1176, 1122, 1190, 1189, 1214, 1258, 1215, 1428, 1402, 1167"
310,دعاء الخوف من شخص,1350,4650,41300,31,0,2000,0.15,1.19,2026-05-17 0:56:05,"AI Overview,Image pack,People also ask,Video preview",4900,400,700,2015-09-05,"2542, 2576, 2160, 2652, 2654, 2591, 2409, 2257, 1839, 1838, 2515, 2510, 1983, 2076, 2010, 2216, 2153, 1721, 1709, 1852, 1691, 1753, 1786, 1880","1888, 1802, 1799, 1842, 2022, 1893, 1875, 1869, 1709, 1771, 1801, 1896"
311,دعاء الاحرام,1350,1460,2900,3,0,3900,0.05,0.9,2026-06-08 1:48:52,"AI Overview,Thumbnail,People also ask,Image pack,Video preview",4900,82000,99000,2015-09-22,"1534, 2990, 2986, 2467, 2937, 3038, 3019, 3686, 2968, 12233, 1957, 2401, 1546, 3596, 3013, 2925, 2989, 3557, 3612, 4067, 3550, 13593, 2119, 3176","2098, 4182, 3538, 3530, 3494, 4186, 4244, 4660, 4145, 14194, 2724, 3786"
312,مساء الخير دعاء,1340,13660,14900,12,0,900,0.06,,2026-05-21 13:55:47,"Image pack,People also ask,Video preview",8500,250,3000,2016-01-15,"1095, 1191, 1091, 1022, 1203, 1014, 1037, 1032, 868, 574, 1061, 1085, 823, 846, 862, 881, 883, 912, 875, 874, 807, 787, 775, 815","975, 876, 868, 827, 843, 829, 811, 813, 750, 731, 719, 757"
313,دعاء امام الكعبة,1330,1550,2100,4,0,500,0.03,,2026-05-29 6:10:33,"AI Overview,People also ask,Image pack,Video preview",600,500,500,2015-10-26,"475, 483, 418, 434, 490, 623, 638, 765, 499, 920, 342, 341, 273, 481, 505, 437, 481, 609, 638, 788, 562, 924, 358, 342","295, 488, 475, 408, 468, 609, 648, 800, 574, 936, 370, 355"
314,صباح الخير دعاء قصير,1330,6660,28200,7,0,1500,0.05,,2026-05-28 23:16:26,"Featured snippet,Image pack,People also ask,Video preview",13000,1800,16000,2016-02-02,"2234, 2812, 2252, 2253, 2324, 1935, 2266, 1875, 1502, 807, 1838, 1546, 1252, 1278, 1275, 1499, 1809, 1827, 1836, 1681, 1460, 1140, 1928, 1875","1625, 1800, 1700, 1832, 2010, 1746, 1806, 1666, 1446, 1125, 1913, 1860"
315,دعاء المضطر,1320,3250,1050,3,0,1200,0.02,1.17,2026-06-07 13:56:01,"AI Overview,Thumbnail,People also ask,Image pack,Video preview",2800,150,450,2015-10-23,"1491, 1169, 1165, 992, 1195, 1205, 1198, 1443, 1128, 2224, 1448, 1427, 1358, 1157, 1139, 953, 944, 967, 1128, 1319, 1063, 1733, 1419, 1308","1242, 1186, 1122, 976, 1030, 1114, 1162, 1300, 1128, 1915, 1486, 1337"
316,اذكار الصباح,1320,6680,3730000,7,21,526000,0.02,0.86,2026-06-01 6:10:00,"Video preview,Image pack",2320000,318000,1060000,2015-09-01,"474355, 455705, 518931, 541368, 594920, 520177, 554826, 530428, 501900, 449969, 514576, 499267, 462167, 488108, 501740, 634524, 571320, 552577, 562072, 446827, 544763, 536846, 511458, 525849","504208, 500470, 516983, 555886, 587901, 559642, 565372, 548281, 545171, 537204, 511772, 526125"
317,دعاء لنفسي بسعادة,1310,2530,5340,15,0,800,,,2026-05-24 0:02:34,"AI Overview,People also ask,Image pack,Video preview",1500,400,450,2023-01-26,"656, 380, 826, 829, 888, 924, 740, 855, 854, 2495, 662, 803, 464, 944, 1011, 744, 643, 663, 951, 706, 526, 1141, 423, 651",
318,ادعية الحج,1310,4050,52500,5,0,700,0.02,1.09,2026-05-27 12:08:35,"AI Overview,People also ask,Image pack,Video preview",1100,14000,16000,2015-09-12,"10193, 74, 38, 36, 30, 35, 28, 43, 35, 107, 136, 1966, 4506, 55, 64, 50, 38, 38, 32, 344, 333, 375, 383, 1599","3098, 10, 328, 408, 316, 298, 286, 521, 520, 538, 547, 935"
319,دعاء التحصين من العين,1300,6200,800,1,0,1300,0.5,,2026-05-20 12:38:17,"Image pack,People also ask,Video preview",2200,3400,15000,2015-09-30,"1987, 1602, 1635, 1293, 1297, 1607, 1098, 1261, 1058, 1036, 1257, 1254, 1223, 1290, 1297, 1225, 1243, 1539, 1308, 1457, 1362, 1276, 1347, 1425","1404, 1568, 1453, 1395, 1387, 1393, 1394, 1517, 1418, 1328, 1402, 1483"
320,استودعكم الله دعاء السفر,1300,6200,40,1,1,80,,,2026-05-24 4:25:34,"AI Overview,Image pack,People also ask,Videos",500,200,700,2017-06-18,,
321,دعاء الصبر,1290,6600,7840,7,0,1000,0.04,0.71,2026-05-23 18:00:03,"AI Overview,People also ask,Image pack,Video preview",4800,150,2100,2015-09-14,"1346, 1373, 1638, 1413, 1673, 1415, 1296, 1375, 1353, 1399, 1094, 1094, 1040, 1068, 1061, 1036, 1015, 860, 854, 968, 998, 1075, 967, 954","973, 954, 1017, 998, 1044, 973, 980, 1011, 1041, 1122, 1009, 995"
322,دعاء للمذاكرة وتثبيت الحفظ,1290,8400,19700,12,0,500,0.01,,2026-05-16 14:28:57,"AI Overview,People also ask,Image pack,Video preview,Sitelinks",2700,500,1600,2017-05-16,"713, 121, 203, 590, 858, 843, 1085, 325, 862, 205, 395, 744, 682, 84, 146, 339, 853, 403, 1097, 358, 480, 510, 385, 480","547, 270, 257, 498, 810, 744, 935, 393, 525, 558, 420, 525"
323,دعاء لزوجي واولادي,1270,2950,12000,14,0,350,0.1,,2026-06-01 5:37:50,"AI Overview,Thumbnail,People also ask,Image pack",1000,600,900,2016-03-11,"768, 419, 421, 276, 339, 344, 425, 443, 333, 1005, 229, 281, 513, 349, 429, 287, 274, 261, 271, 383, 363, 612, 328, 368","456, 368, 428, 378, 360, 361, 369, 414, 405, 436, 427, 399"
324,دعاء الامتحان,1270,13460,1629000,25,0,1300,0.02,0.7,2026-05-27 7:58:33,"AI Overview,Thumbnail,People also ask,Image pack,Videos,Sitelinks,Video preview",58000,5900,67000,2015-09-06,"2460, 403, 401, 913, 2110, 2553, 2622, 1381, 2540, 482, 1139, 2554, 2027, 480, 412, 476, 1134, 866, 2083, 1135, 1648, 1479, 1167, 1500","1940, 716, 697, 872, 1422, 2315, 1860, 1188, 1698, 1529, 1217, 1551"
325,صباح الخير مع دعاء جميل,1270,12310,137000,7,0,800,0.05,,2026-05-23 9:54:41,"Image pack,People also ask,Video preview,Thumbnail",6800,1000,19000,2015-11-12,"710, 905, 701, 805, 804, 857, 731, 614, 506, 343, 417, 496, 564, 577, 687, 839, 663, 1043, 1096, 1048, 982, 928, 923, 973","919, 941, 905, 912, 929, 950, 966, 954, 881, 834, 826, 880"
326,دعاء ختم القرآن في رمضان,1270,2240,36500,4,14,5900,,,2026-06-08 12:46:05,"AI Overview,Thumbnail,People also ask,Image pack,Video preview",9000,9500,21000,2016-07-05,"10, 7, 3, 7, 9, 10, 7, 14, 22, 45694, 0, 34, 16, 22, 16, 16, 13, 7, 10, 65, 574, 69999, 233, 222",
327,الثناء على الله,1260,2110,18300,4,1,4000,0.03,1.1,2026-05-29 9:11:07,"AI Overview,Video preview,Thumbnail,People also ask,Image pack,Videos,Sitelinks",10000,3500,5800,2015-09-02,"12232, 2337, 2602, 2585, 2714, 2954, 2725, 2459, 2100, 10562, 1790, 2812, 11039, 2188, 2695, 2614, 2793, 2925, 2687, 2503, 2310, 10033, 2871, 2873","11253, 2382, 2698, 2619, 2796, 2929, 2696, 2505, 2313, 10050, 2847, 2871"
328,ادعية قبل صلاة الفجر,1260,9030,8900,4,0,250,0.03,,2026-05-29 5:41:51,"AI Overview,People also ask,Image pack,Video preview",1300,450,2900,2016-11-12,"135, 212, 213, 218, 272, 281, 274, 272, 211, 276, 108, 112, 145, 222, 273, 272, 330, 324, 342, 314, 261, 323, 168, 182","222, 302, 343, 338, 389, 379, 386, 359, 307, 368, 214, 228"
329,دعاء فكً الكرب والهم,1260,13750,14100,6,0,700,0.02,0.76,2026-06-06 1:50:24,"AI Overview,Thumbnail,Image pack,People also ask,Video preview",6900,800,2100,2015-09-03,"1220, 1262, 1015, 1012, 996, 1251, 1222, 912, 734, 1011, 565, 342, 269, 263, 1015, 980, 606, 495, 1234, 883, 868, 968, 1009, 956","934, 915, 995, 992, 957, 1001, 1089, 948, 934, 1034, 1075, 1021"
330,ادعية للام المتوفية,1260,5210,17000,5,0,250,0.01,,2026-05-22 22:19:57,"AI Overview,People also ask,Image pack,Video preview",1600,1100,3500,2015-10-21,"338, 274, 330, 273, 277, 274, 228, 269, 217, 502, 221, 220, 274, 273, 218, 214, 224, 220, 229, 238, 206, 297, 281, 250","239, 256, 233, 222, 204, 224, 220, 232, 201, 291, 276, 245"
331,أدعية العمرة كاملة pdf ابن باز,1250,1360,36900,7,1,3000,0.3,,2026-05-22 17:58:59,"People also ask,Image pack,Video preview,Sitelinks",3500,5000,5400,2025-01-31,"0, 0, 0, 0, 0, 0, 0, 0, 6, 46, 13, 13, 6, 362, 403, 613, 2788, 4222, 5514, 5532, 5597, 5656, 5788, 5858","5924, 6022, 6067, 6093, 6293, 6429, 6556, 6573, 6638, 6697, 6829, 6899"
332,دعاء الحجر الاسود,1250,1480,6000,6,0,700,0.03,,2026-05-20 6:49:17,"AI Overview,People also ask,Image pack,Video preview",800,1000,1000,2015-10-29,"702, 543, 573, 578, 593, 702, 798, 824, 705, 1926, 469, 676, 574, 649, 504, 449, 540, 691, 701, 763, 705, 1442, 563, 770","603, 656, 624, 570, 651, 767, 774, 800, 756, 1189, 819, 674"
333,دعاء لشخص تحبه في الله,1250,10020,200,3,0,200,,,2026-05-08 9:42:56,"AI Overview,Video preview,Thumbnail,People also ask,Sitelinks,Image pack",300,9300,14000,2020-02-07,,
334,دعاء اليوم,1250,7300,500,2,0,1100,0.01,0.46,2026-05-29 2:48:00,"People also ask,Image pack,Video preview",6500,50,350,2015-10-05,"1333, 1125, 938, 942, 933, 882, 877, 901, 890, 2124, 958, 961, 1095, 961, 965, 968, 964, 920, 936, 948, 932, 2136, 992, 1017","1164, 1047, 1036, 1015, 996, 945, 956, 966, 950, 2153, 1009, 1034"
335,دعاء للوالدين بالصحة والعافية,1250,2970,8700,5,0,1200,0.3,,2026-05-26 0:48:44,"AI Overview,People also ask,Image pack,Video preview",2800,500,1000,2019-12-29,"3078, 1634, 1658, 1716, 2079, 1683, 1400, 1683, 1406, 3929, 765, 886, 1028, 788, 881, 761, 878, 897, 1416, 1231, 1003, 3536, 703, 842","1144, 868, 870, 809, 1078, 1138, 1477, 1218, 991, 3525, 693, 833"
336,دعاء النبي في الطائف,1240,2940,2800,6,0,700,0.02,0.8,2026-05-21 14:12:40,"Image pack,People also ask,Video preview",1900,10,60,2015-09-22,"1072, 877, 1065, 856, 1058, 878, 891, 903, 860, 1354, 680, 630, 733, 797, 616, 590, 580, 564, 824, 711, 703, 892, 637, 648","632, 730, 636, 726, 663, 756, 884, 750, 749, 787, 754"
337,دعاء تثبيت الحمل,1230,5180,7600,4,7,1100,0.03,0.77,2026-06-03 2:16:56,"AI Overview,Thumbnail,People also ask,Video preview,Image pack",4300,400,1900,2015-10-13,"1673, 1991, 1684, 1655, 1677, 1983, 1938, 1660, 1282, 1658, 1286, 1295, 1039, 1105, 1093, 1076, 1068, 1026, 1098, 1077, 1036, 1129, 1109, 1132","1002, 1069, 1006, 1011, 1068, 1047, 1118, 1077, 1036, 1129, 1109, 1132"
338,دعاء صلاة القيام,1230,3050,8800,5,0,800,0.07,,2026-05-21 22:45:51,"AI Overview,Image pack,People also ask,Video preview",1300,250,1900,2016-06-05,"1847, 211, 49, 47, 49, 52, 50, 52, 49, 644, 2636, 4007, 1713, 196, 46, 44, 45, 49, 47, 49, 46, 603, 2470, 3759","1609, 184, 43, 41, 43, 46, 44, 46, 43, 571, 2341, 3566"
339,دعاء ذبح الاضحية,1210,8750,46300,7,2,700,,,2026-05-21 3:40:19,"AI Overview,Thumbnail,People also ask,Image pack,Video preview",4700,900,6700,2015-10-01,"6054, 24, 10, 8, 8, 9, 7, 8, 8, 7, 9, 101, 7096, 20, 12, 10, 9, 9, 10, 238, 239, 220, 229, 301","6307, 2, 298, 387, 374, 373, 381, 558, 554, 558, 553, 568"
340,دعاء الاختبار الصعب,1210,1750,5800,3,0,1100,,,2026-05-25 23:27:41,"AI Overview,People also ask,Image pack,Video preview",1300,500,1800,2015-12-21,"1166, 420, 337, 1146, 2646, 1462, 2195, 288, 1443, 449, 930, 2252, 2217, 300, 101, 290, 1755, 823, 1784, 792, 1217, 149, 617, 1561","1601, 305, 205, 411, 1249, 1054, 1287, 729, 932, 681, 835"
341,دعاء للرزق قوي جدا,1200,4600,900,1,4,1200,0.03,,2026-05-19 23:52:38,"AI Overview,Image pack,People also ask,Video preview",4600,150,900,2016-01-15,"968, 949, 984, 1266, 1042, 1092, 1327, 997, 1010, 1061, 1094, 1043, 1090, 1071, 1106, 1388, 1165, 1215, 1450, 1119, 1132, 1183, 1217, 1165","1212, 1193, 1229, 1510, 1287, 1337, 1572, 1241, 1254, 1305, 1339, 1288"
342,دعاء بعد الفطور,1200,2760,4050,7,0,500,,,2026-05-04 15:52:38,"AI Overview,People also ask,Video preview",800,250,450,2016-06-06,"184, 65, 6, 15, 22, 28, 36, 65, 182, 4882, 68, 65, 106, 66, 13, 13, 19, 28, 35, 150, 325, 5100, 7, 173","147, 121, 78, 69, 67, 66, 57, 194, 368, 5142, 1, 214"
343,دعاء النسيان,1200,5790,2950,7,0,1100,0.07,0.64,2026-05-28 23:29:51,"AI Overview,Thumbnail,Video preview,Image pack,People also ask,Sitelinks",5300,80,1200,2015-09-15,"3286, 988, 993, 1409, 1449, 2661, 1453, 1172, 2128, 950, 1177, 1194, 1747, 741, 720, 750, 1177, 933, 1428, 869, 1248, 1713, 1009, 982","1337, 803, 752, 795, 1157, 1660, 1099, 845, 1214, 1667, 982, 955"
344,أفضل ١٠٠ دعاء للمتوفي,1200,12000,5800,1,0,1200,0.02,,2026-06-05 16:37:24,"AI Overview,Thumbnail,Image pack,People also ask,Video preview",12000,600,5800,2022-09-08,"2097, 1691, 2144, 1732, 944, 918, 1432, 1464, 1428, 1753, 1431, 1209, 1427, 1192, 1203, 910, 1187, 922, 916, 1215, 1465, 1757, 1097, 1086","1344, 1345, 1510, 1371, 1413, 1431, 1472, 1520, 1497, 1502, 1098, 1087"
345,دعاء ذا النون,1200,1510,1520,7,0,1000,0.03,0.63,2026-05-23 15:40:39,"AI Overview,People also ask,Image pack,Video preview",1100,250,300,2015-09-01,"1649, 1034, 1032, 1090, 1236, 955, 1140, 930, 1163, 1466, 982, 1097, 1262, 787, 926, 1173, 1137, 722, 926, 973, 1029, 1192, 1217, 1108","1125, 1033, 959, 889, 972, 916, 1056, 1011, 1067, 1230, 1255, 1146"
346,دعاء تيسير الزواج,1190,2330,97000,5,1,1200,0.09,1.02,2026-06-03 4:56:04,"AI Overview,Thumbnail,People also ask,Image pack,Video preview",6800,4300,22000,2015-09-01,"1948, 1592, 1607, 1294, 1581, 1298, 1286, 1563, 1253, 2362, 1270, 1262, 1465, 1253, 1268, 1067, 1232, 1056, 1065, 1228, 1067, 1566, 1203, 1159","1270, 1164, 1185, 1077, 1136, 1081, 1132, 1184, 1147, 1320, 1296, 1150"
347,دعاء لعائلتي,1190,3060,4550,9,0,600,0.04,0.5,2026-05-30 2:58:16,"AI Overview,Thumbnail,People also ask,Video preview,Image pack",1700,350,600,2015-10-07,"1269, 706, 705, 581, 589, 645, 643, 675, 653, 1634, 472, 558, 771, 538, 546, 445, 563, 454, 586, 607, 609, 1071, 570, 576","636, 553, 593, 545, 609, 537, 645, 652, 606, 863, 730, 599"
348,ادعية تسهيل الولاده,1170,5000,1600,2,0,1400,0.01,0.92,2026-05-21 2:45:08,"AI Overview,People also ask,Video preview,Image pack",3700,1700,2500,2015-09-05,"1768, 1764, 1739, 1756, 1786, 1747, 1773, 1731, 1453, 1468, 1491, 1498, 1683, 1492, 1491, 1457, 1717, 1444, 1233, 1391, 1351, 1341, 1271, 1381","1389, 1554, 1448, 1402, 1511, 1419, 1376, 1409, 1369, 1358, 1287, 1399"
349,دعاء الوسواس,1160,3350,11800,12,0,400,0.02,,2026-05-21 4:51:19,"AI Overview,People also ask,Image pack,Video preview",1000,500,1000,2015-09-11,"640, 646, 649, 637, 653, 622, 574, 626, 612, 704, 496, 513, 502, 487, 416, 375, 331, 280, 302, 349, 337, 373, 336, 331","335, 347, 348, 329, 309, 317, 309, 334, 324, 360, 327, 323"
350,ادعيه العشر الاواخر,1150,7500,3300,2,0,1400,,,2026-05-20 16:30:33,"AI Overview,People also ask,Image pack,Video preview",4000,2900,7200,2016-06-25,"58, 2, 2, 2, 2, 2, 2, 2, 3, 20802, 20, 70, 55, 5, 2, 2, 2, 2, 924, 901, 904, 12908, 526, 2414","712, 889, 961, 955, 948, 940, 1614, 1628, 1642, 7168, 5660, 1979"
351,دعاء الفرج السريع,1150,6350,6000,3,0,600,0.02,,2026-05-22 16:15:13,"AI Overview,Thumbnail,Video preview,People also ask,Image pack",3500,100,1700,2016-05-27,"881, 1157, 1395, 920, 901, 782, 614, 522, 513, 627, 534, 531, 513, 652, 641, 529, 640, 501, 521, 540, 522, 546, 515, 504","601, 685, 638, 564, 570, 527, 518, 540, 522, 546, 514"
352,دعاء الندبة,1150,4270,9600,3,0,1400,0.02,0.7,2026-06-05 17:25:28,"Video preview,Image pack",12000,1000,3000,2015-09-01,"1483, 1692, 1459, 1341, 1319, 1198, 1414, 1411, 1460, 1509, 1589, 1447, 1483, 1692, 1459, 1341, 1319, 1198, 1414, 1411, 1460, 1509, 1589, 1447","1483, 1692, 1459, 1341, 1319, 1198, 1414, 1411, 1460, 1509, 1589, 1447"
353,ادعية العمرة,1150,1340,71900,7,3,26000,0.01,0.84,2026-06-08 6:00:49,"AI Overview,Thumbnail,Image pack,People also ask,Video preview",31000,49000,54000,2015-09-23,"6484, 19750, 22828, 20178, 22711, 25423, 24336, 29628, 22712, 77893, 11555, 12745, 6804, 20644, 25761, 23638, 25597, 27312, 25873, 30994, 24024, 78813, 10024, 13715","8317, 22918, 28566, 26556, 28514, 30230, 28791, 33912, 26942, 81730, 12941, 16632"
354,أدعية شهر رجب,1150,9600,4600,2,0,100,,,2026-05-16 4:56:07,"Image pack,Video preview,People also ask",500,450,2200,2018-03-26,,
355,دعاء ختم القرآن مكتوب,1140,3580,2200,3,14,900,,0.96,2026-06-02 20:05:58,"Image pack,People also ask,Video preview",5300,56000,103000,2015-09-03,"815, 689, 508, 140, 272, 215, 250, 233, 364, 623, 4316, 1692, 938, 906, 416, 252, 249, 246, 325, 271, 394, 633, 3641, 1643","852, 786, 442, 217, 259, 235, 289, 251, 364, 588, 3571"
356,التشهد,1140,3600,375000,12,3,7000,0.03,0.53,2026-05-28 19:13:05,"People also ask,Video preview,Image pack",37000,9800,34000,2015-09-01,"6416, 5694, 5530, 4517, 5327, 5365, 6475, 6594, 6354, 9193, 9798, 7198, 6864, 6203, 6079, 4980, 5794, 5865, 6915, 7094, 6918, 9566, 10081, 7638","7305, 6634, 6498, 5470, 6267, 6325, 7382, 7532, 7334, 10014, 10563, 8108"
357,دعاء لشخص بالتوفيق في العمل,1140,4250,11600,8,0,500,0.05,,2026-05-20 15:33:17,"AI Overview,People also ask,Image pack,Video preview,Sitelinks",2000,400,1300,2016-01-20,"528, 523, 775, 637, 634, 538, 624, 529, 507, 416, 514, 528, 425, 426, 633, 539, 643, 533, 423, 495, 465, 478, 461, 484","482, 488, 554, 522, 519, 487, 497, 516, 486, 499, 483, 505"
358,دعاء البرق والرعد,1140,11540,41200,9,0,1800,,0.67,2026-06-07 12:04:47,"AI Overview,Thumbnail,People also ask,Video preview,Image pack",11000,1300,3400,2015-09-11,"49, 118, 6804, 4747, 3029, 290, 28, 1714, 210, 3416, 257, 139, 13, 62, 3473, 147, 41, 1705, 8591, 290, 1775, 2447, 3196, 1460","280, 1460, 2700, 1272, 2545, 4101, 2832, 3519, 1892, 2607, 3404, 1554"
359,دعاء لإبعاد الشر والمصائب,1130,2770,18200,23,0,450,0.02,,2026-06-09 7:00:36,"AI Overview,Thumbnail,People also ask,Image pack,Video preview",1100,300,800,2020-03-26,"425, 423, 353, 356, 534, 423, 455, 399, 410, 492, 442, 513, 396, 428, 357, 525, 527, 368, 438, 420, 435, 453, 430, 432","419, 454, 426, 434, 447, 424, 442, 427, 442, 459, 437, 439"
360,دعاء الفرج والتيسير,1130,5880,7600,5,0,900,0.03,,2026-05-20 20:07:18,"AI Overview,People also ask,Video preview,Image pack,Sitelinks",5100,250,1400,2017-06-29,"1397, 1618, 2043, 1676, 1715, 1635, 1657, 1650, 1403, 1700, 1148, 1418, 904, 915, 881, 872, 859, 738, 877, 899, 744, 980, 385, 589","433, 649, 891, 711, 696, 643, 846, 880, 725, 961, 298, 570"
361,دعاء يشرح القلب قصير,1120,2650,9100,5,0,800,0.06,,2026-05-24 6:41:04,"AI Overview,Thumbnail,People also ask,Videos,Image pack,Video preview,Sitelinks",2000,1200,2900,2016-06-11,"1450, 1824, 1515, 1272, 1496, 1259, 1018, 1025, 1015, 1515, 784, 781, 644, 786, 812, 787, 713, 797, 1019, 943, 842, 1079, 938, 793","813, 869, 845, 773, 817, 825, 787, 831, 738, 972, 834, 689"
362,دعاء التوسل,1110,6950,8600,4,0,1000,0.02,0.76,2026-05-22 20:05:46,"Video preview,Image pack",5500,250,1400,2015-09-01,"959, 1024, 773, 614, 1378, 1382, 1677, 1375, 920, 1388, 921, 1387, 1425, 1164, 924, 918, 943, 918, 1122, 919, 614, 791, 1008, 900","1016, 828, 719, 615, 794, 904, 784, 727, 636, 865, 929, 821"
363,دعاء بعد صلاة الضحى,1110,1420,1400,2,0,1100,0.02,,2026-05-28 15:21:31,"AI Overview,People also ask,Image pack,Video preview",1400,400,700,2015-10-14,"1672, 2065, 2668, 2162, 2558, 1579, 1292, 1322, 1168, 1317, 1084, 1093, 1346, 1092, 903, 1086, 1055, 1089, 1184, 1151, 1028, 1085, 1079, 1060","1052, 1109, 1135, 1063, 1062, 898, 1012, 999, 869, 932, 927, 911"
364,دعاء الروضة الشريفة pdf,1100,1200,1000,1,0,1100,0.01,,2026-05-22 8:08:49,"Image pack,People also ask,Sitelinks,Video preview",1200,1000,1000,2023-01-04,"1768, 1197, 1214, 992, 1242, 1366, 1307, 1418, 1257, 1474, 1413, 951, 1153, 1119, 1234, 1028, 1019, 1048, 1019, 1049, 1026, 1024, 1018, 952","1089, 1017, 1019, 1004, 1058, 1087, 1057, 1087, 1062, 1061, 1055, 990"
365,دعاء يغفر الذنوب ولو كانت مثل زبد البحر,1100,1900,250,1,0,1100,0.03,,2026-05-20 3:19:38,"AI Overview,Image pack,People also ask,Video preview",1900,150,250,2015-10-28,"2666, 2238, 1973, 1344, 1327, 1301, 1408, 1303, 1052, 1402, 1322, 1386, 1280, 1297, 1032, 839, 1017, 1103, 916, 964, 1025, 1116, 939, 954","939, 934, 853, 701, 823, 909, 940, 961, 1023, 1114, 937, 952"
366,دعاء للعريس,1100,2300,12100,9,1,600,0.04,1.35,2026-05-20 0:40:27,"AI Overview,People also ask,Image pack,Video preview",1000,150,300,2015-09-10,"817, 979, 553, 545, 558, 799, 630, 801, 292, 195, 812, 639, 800, 997, 622, 450, 542, 622, 562, 700, 229, 144, 708, 545","721, 914, 536, 396, 488, 601, 545, 671, 203, 119, 684, 521"
367,دعاء للرزق في نفس اليوم,1100,4300,600,1,4,1100,0.02,,2026-05-22 14:55:24,"AI Overview,People also ask,Image pack,Video preview",4300,150,600,2022-11-01,"1307, 1287, 1072, 1586, 1620, 1552, 1162, 965, 944, 1959, 864, 1064, 950, 692, 998, 714, 973, 1218, 1242, 1196, 1228, 1384, 1188, 1214","1196, 1197, 1210, 1249, 1289, 1295, 1296, 1279, 1310, 1467, 1271, 1299"
368,صلاة الاستسقاء,1100,1300,9600,1,2,11000,0.02,0.8,2026-05-27 0:26:41,"AI Overview,People also ask,Video preview,Image pack",20000,7600,11000,2015-09-17,"1323, 684, 717, 751, 4031, 45471, 2295, 2108, 745, 757, 1969, 1395, 770, 781, 747, 844, 2746, 74267, 3352, 2577, 34990, 2573, 3393, 2803","1639, 1147, 2247, 2214, 11889, 30078, 13325, 8226, 9306, 3380, 3449, 2860"
369,دعاء تغير الحال,1100,2900,150,1,0,50,,,2026-05-19 22:24:09,"AI Overview,Video preview,Thumbnail,People also ask,Image pack,Videos",80,0,70,2016-01-29,,
370,دعاء التخرج,1100,2690,2850,8,0,600,0.02,,2026-06-07 10:18:34,"AI Overview,Thumbnail,People also ask,Image pack,Sitelinks,Video preview",1300,350,500,2016-01-07,"1320, 173, 223, 229, 150, 153, 412, 340, 328, 117, 472, 3818, 618, 148, 183, 177, 97, 96, 220, 405, 545, 484, 957, 1596","984, 413, 475, 427, 355, 391, 404, 639, 639, 612, 675, 1597"
371,دعاء الشفاء سبع مرات,1100,6400,1100,2,0,1100,0.01,,2026-06-07 22:14:33,"AI Overview,Thumbnail,Image pack,People also ask,Video preview",6400,150,600,2016-05-24,"2678, 2719, 2706, 2789, 3374, 2787, 2293, 2796, 2218, 2325, 1784, 1268, 1241, 1250, 1249, 1179, 1218, 1231, 847, 1195, 853, 921, 701, 677","646, 622, 721, 696, 754, 591, 644, 1047, 706, 774, 554, 530"
372,ياودود ياودود ياذا العرش المجيد يافعال لما تريد أسألك بعزّك,1100,3500,24300,16,0,450,,,2026-05-24 0:16:55,"Image pack,People also ask,Video preview",450,1300,1800,2022-06-28,"1773, 974, 1767, 1412, 2147, 966, 751, 513, 635, 628, 261, 417, 711, 643, 483, 444, 444, 474, 517, 489, 360, 152, 1, 1",
373,دعاء الخادمة الجديدة,1080,1840,6050,20,0,350,0.15,,2026-05-04 2:28:00,"AI Overview,People also ask",500,150,200,2016-03-28,"240, 240, 244, 295, 247, 303, 200, 283, 290, 457, 373, 445, 340, 80, 331, 551, 288, 191, 498, 385, 402, 446, 394, 402","388, 367, 398, 419, 389, 382, 406, 421, 438, 482, 430, 438"
374,ادعيه ليله القدر,1080,10780,336800,7,0,4000,0.01,0.77,2026-05-28 18:15:19,"AI Overview,People also ask,Image pack,Video preview",20000,23000,53000,2016-06-25,"23, 9, 10, 5, 5, 3, 5, 5, 7, 62864, 45, 12, 17, 5, 6, 8, 3, 3, 4, 2262, 2188, 39993, 3720, 9681","3573, 2962, 2988, 2950, 2923, 2871, 4327, 4306, 4284, 13211, 19076, 6765"
375,دعاء المغفرة,1070,3800,4300,4,0,700,0.3,0.64,2026-06-06 5:40:05,"AI Overview,People also ask,Image pack,Video preview",3100,300,1300,2015-09-17,"951, 536, 528, 539, 651, 640, 633, 617, 599, 1715, 508, 530, 696, 530, 530, 517, 520, 615, 635, 607, 576, 1744, 357, 583","599, 581, 603, 586, 533, 669, 698, 662, 631, 1799, 413, 638"
376,دعاء للنوم بسرعة,1070,3800,6700,5,0,200,,,2026-05-25 3:07:36,"AI Overview,Image pack,People also ask,Videos,Video preview",1600,300,1800,2018-10-15,,
377,دعاء الرسول عند النوم,1070,4550,14400,2,2,1000,0.06,,2026-05-21 14:18:20,"AI Overview,Image pack,People also ask,Video preview",4200,450,6000,2019-02-22,"963, 1199, 1207, 1434, 1434, 303, 394, 1110, 1089, 767, 1153, 922, 924, 886, 1024, 1061, 1088, 953, 1224, 1162, 1127, 1089, 1038, 1087","1102, 1090, 1174, 1282, 1286, 956, 1101, 1222, 1185, 1148, 1097, 1146"
378,دعاء الدين,1070,2870,22600,6,1,2600,0.03,0.98,2026-06-07 14:19:48,"Image pack,People also ask,Video preview",5400,1000,4300,2015-09-15,"3073, 2500, 2470, 2090, 2536, 2067, 2055, 2533, 2037, 4781, 2520, 2468, 2475, 2062, 2509, 2544, 2092, 2033, 3124, 2586, 2656, 3115, 2988, 2762","2681, 2813, 2607, 2421, 2549, 2378, 2577, 2649, 2719, 3178, 3051, 2825"
379,دعاء النور,1050,4370,1000,3,0,1000,0.01,0.82,2026-05-25 20:39:09,"Image pack,People also ask,Video preview",4100,300,400,2015-09-02,"739, 901, 747, 632, 962, 1160, 1388, 1383, 941, 1164, 767, 921, 754, 772, 775, 768, 1231, 1742, 1196, 1064, 993, 980, 986, 1012","964, 1023, 968, 965, 1160, 1262, 1111, 1061, 990, 977, 983, 1009"
380,دعاء للميت في قبره,1040,9030,14100,4,4,4500,0.02,0.54,2026-05-30 6:28:58,"AI Overview,People also ask,Image pack,Video preview",21000,68000,355000,2015-09-07,"2130, 2145, 2466, 3095, 3642, 4138, 4140, 4204, 2931, 3167, 3665, 3306, 3448, 3463, 3784, 4413, 4960, 5457, 5458, 5522, 4250, 4485, 4984, 4625","4766, 4782, 5102, 5732, 6279, 6775, 6777, 6840, 5568, 5804, 6302, 5943"
381,دعاء يوم الخميس,1040,12450,4100,7,0,700,0.01,0.67,2026-05-19 20:41:46,"Image pack,AI Overview,People also ask,Video preview",8800,150,900,2015-09-10,"722, 749, 1045, 853, 1277, 1053, 1035, 1258, 815, 479, 702, 726, 541, 753, 727, 727, 1070, 824, 882, 1027, 594, 415, 561, 694","548, 686, 711, 690, 1019, 824, 882, 1027, 594, 415, 561, 694"
382,دعاء حفظ القران,1040,2050,2200,3,0,600,,1.12,2026-05-27 0:07:19,"AI Overview,People also ask,Image pack,Video preview",900,350,700,2015-09-11,"761, 549, 764, 1022, 1182, 633, 746, 503, 388, 528, 436, 886, 322, 395, 310, 819, 856, 449, 498, 310, 600, 525, 302, 459",
383,دعاء بعد صلاة الجمعة,1040,4400,1400,2,0,1000,0.05,,2026-05-29 1:02:05,"AI Overview,Video preview,People also ask,Image pack",4300,50,900,2016-01-29,"229, 232, 353, 290, 289, 418, 235, 351, 265, 287, 783, 1252, 810, 981, 1261, 947, 1217, 973, 911, 898, 813, 793, 751, 791","700, 672, 664, 649, 639, 615, 579, 535, 498, 466, 456, 494"
384,صباح الخير مع دعاء للاحباب,1030,7460,26900,5,0,700,0.09,,2026-05-18 8:37:47,"Image pack,People also ask,AI Overview,Video preview,Thumbnail",5200,250,3300,2021-08-06,"1765, 1752, 1718, 1616, 1619, 1263, 1279, 798, 848, 473, 902, 717, 591, 643, 711, 716, 750, 336, 939, 688, 849, 483, 893, 909","768, 778, 852, 826, 873, 595, 1022, 654, 815, 449, 859, 875"
385,دعاء الزوج الصالح,1030,4140,17500,6,0,900,0.02,,2026-06-06 9:40:08,"AI Overview,Thumbnail,People also ask,Image pack,Video preview",3500,700,2300,2015-09-18,"2513, 766, 770, 624, 758, 767, 1056, 846, 740, 3073, 625, 755, 2101, 754, 750, 618, 619, 616, 851, 881, 858, 1266, 1143, 894","1285, 1009, 825, 807, 841, 841, 895, 885, 863, 1270, 1148, 898"
386,دعاء الحفظ من الشر,1030,5480,9350,17,0,300,0.15,,2026-06-03 5:11:19,"AI Overview,Thumbnail,Image pack,People also ask,Video preview",500,100,400,2015-09-08,"510, 343, 437, 438, 434, 417, 424, 339, 313, 324, 344, 355, 351, 291, 290, 283, 434, 288, 290, 307, 294, 299, 297, 319","313, 321, 319, 309, 333, 307, 309, 307, 294, 300, 298"
387,فإن حبسني حابس,1030,1260,7200,3,0,900,,0.81,2026-05-21 12:45:34,"AI Overview,People also ask,Video preview,Image pack",1000,1500,1500,2015-12-04,"1158, 946, 915, 617, 590, 774, 787, 906, 580, 2960, 440, 671, 738, 764, 903, 606, 623, 773, 782, 1001, 831, 1824, 686, 1154","1025, 772, 1040, 970, 963, 1055, 898, 1084, 1042, 1580, 1266, 1028"
388,دعاء لجدي المتوفي,1030,4920,4730,11,0,800,,,2026-06-05 13:55:02,"AI Overview,Thumbnail,People also ask,Image pack,Video preview",4200,350,600,2015-10-09,"1425, 1188, 1207, 993, 998, 1170, 870, 1095, 1062, 1716, 701, 883, 1023, 875, 864, 835, 642, 634, 661, 747, 715, 917, 951, 742","840, 861, 803, 723, 715, 766, 776, 812, 780, 982, 1016, 807"
389,دعاء الامام الحسين يوم عرفة,1020,5140,26400,9,0,1000,0.04,0.89,2026-06-06 0:52:54,"Video preview,Image pack",4300,600,2700,2015-09-21,"9490, 241, 64, 95, 163, 138, 153, 178, 97, 78, 122, 272, 9947, 219, 146, 147, 184, 149, 147, 365, 249, 216, 254, 415","10239, 375, 305, 300, 318, 273, 253, 504, 394, 363, 402, 564"
390,دعاء الاستجابة,1020,3090,24200,6,4,600,0.01,0.98,2026-05-27 5:47:38,"AI Overview,People also ask,Video preview,Image pack",2800,600,3900,2015-09-18,"778, 779, 973, 680, 799, 764, 697, 696, 724, 1114, 496, 585, 564, 597, 616, 595, 613, 483, 638, 630, 612, 723, 704, 625","596, 625, 630, 566, 609, 623, 624, 650, 632, 743, 724, 645"
391,دعاء التوفيق في الاختبار,1020,3590,6000,2,0,1700,0.03,,2026-05-26 0:50:56,"AI Overview,People also ask,Video preview,Image pack",1900,11000,53000,2015-12-16,"1973, 616, 616, 1327, 2432, 2463, 3042, 874, 2439, 1102, 1606, 3738, 2428, 623, 617, 853, 2011, 1101, 3070, 1162, 1650, 1965, 1453, 1959","1957, 895, 822, 982, 1814, 2315, 2847, 1267, 1798, 2139, 1581, 2131"
392,دعاء الميت يوم الجمعة,1010,5120,101070,11,0,800,0.01,,2026-05-23 8:30:53,"AI Overview,People also ask,Image pack,Video preview",3500,2200,10000,2015-10-08,"698, 846, 1055, 858, 1025, 1049, 880, 1083, 745, 435, 620, 752, 484, 724, 895, 728, 912, 725, 861, 801, 775, 744, 676, 723","739, 777, 811, 794, 823, 778, 822, 797, 770, 740, 673, 719"
393,دعاء النمل,1010,4230,7150,16,0,350,0.06,,2026-05-14 7:23:06,"AI Overview,People also ask,Image pack,Video preview",1000,350,450,2016-01-31,"853, 860, 735, 858, 722, 571, 260, 259, 282, 318, 355, 425, 481, 464, 714, 489, 391, 282, 170, 125, 118, 179, 211, 291","349, 338, 591, 371, 276, 171, 64, 22, 18, 83, 118, 201"
394,مالك الملك,1010,1310,400,2,2,150,0.03,,2026-05-08 5:10:13,"People also ask,Thumbnail",350,2500,4000,2015-09-20,"194, 193, 188, 181, 170, 134, 154, 183, 122, 203, 202, 146, 142, 145, 177, 205, 146, 144, 179, 182, 167, 191, 187, 173","175, 190, 165, 163, 160, 148, 156, 171, 155, 179, 176, 162"
395,دعاء الصباح للرزق,1010,5480,1510,4,0,800,0.07,,2026-06-07 11:39:26,"AI Overview,Thumbnail,Video preview,People also ask,Image pack",3700,150,700,2016-02-15,"788, 962, 980, 962, 976, 783, 930, 770, 561, 278, 618, 586, 470, 560, 745, 962, 971, 970, 1001, 887, 735, 518, 787, 779","727, 830, 977, 964, 940, 784, 809, 726, 563, 361, 625, 626"
396,كيف استخير وانا حائض,1010,6400,4300,5,0,200,,,2026-06-06 11:19:20,"AI Overview,Thumbnail,People also ask",350,350,900,2017-10-31,"252, 461, 386, 206, 213, 251, 252, 250, 201, 133, 300, 250, 206, 259, 308, 253, 205, 159, 162, 166, 156, 126, 209, 189","168, 249, 276, 194, 141, 111, 141, 157, 131, 106, 168, 180"
397,دعاء لامي المتوفية يصلها في قبرها,1010,6350,1400,3,0,1000,,,2026-05-20 17:53:08,"AI Overview,People also ask,Image pack,Video preview,Sitelinks",6300,90,1000,2021-01-08,"2211, 827, 1494, 968, 1225, 1497, 947, 826, 694, 1818, 689, 831, 1175, 816, 841, 944, 959, 936, 1236, 989, 1026, 1307, 1086, 1077","1278, 1110, 1171, 1095, 1068, 1110, 1021, 1007, 1041, 1319, 1096, 1085"
398,دعاء لشخص مريض تحبه بالاسم,1000,2600,22000,1,2,600,0.03,,2026-05-26 0:27:20,"AI Overview,People also ask,Image pack,Sitelinks,Video preview",2400,51000,137000,2021-08-28,"1486, 1184, 824, 445, 943, 932, 658, 298, 557, 242, 453, 440, 445, 456, 367, 556, 790, 779, 818, 677, 793, 666, 578, 623","575, 544, 488, 513, 628, 681, 736, 588, 705, 577, 490, 534"
399,دعاء السنة الجديدة,1000,6260,22100,10,0,700,0.06,1.05,2026-05-23 16:33:22,"AI Overview,Video preview,People also ask,Image pack",4400,40,1100,2015-10-13,"50, 3612, 129, 23, 24, 48, 4718, 1167, 20, 20, 13, 14, 2459, 51, 81, 19, 18, 24, 3850, 1004, 347, 345, 348, 355","2165, 145, 822, 373, 341, 331, 2606, 1187, 538, 531, 524, 519"
400,دعاء للمولود جديد,1000,4520,42300,12,1,250,0.01,,2026-05-26 17:06:21,"AI Overview,People also ask,Image pack,Video preview",300,4600,24000,2017-01-23,"223, 285, 288, 252, 314, 249, 296, 313, 240, 305, 321, 336, 263, 276, 257, 292, 273, 237, 276, 256, 253, 274, 290, 297","276, 282, 269, 261, 269, 267, 268, 257, 254, 275, 291, 298"
401,دعاء اللهم ادخلني مدخل صدق,1000,2600,100,1,0,150,0.04,,2026-06-03 9:23:23,"AI Overview,Thumbnail,Image pack,People also ask",400,0,0,2016-03-06,"217, 199, 328, 321, 572, 978, 500, 183, 586, 97, 258, 559, 317, 104, 166, 150, 142, 157, 221, 82, 65, 18, 31, 8",
402,دعاء للاموات,990,1550,4000,2,1,8200,0.02,0.58,2026-06-08 8:03:47,"AI Overview,Thumbnail,People also ask,Image pack,Video preview",15000,69000,355000,2015-09-03,"9930, 5602, 6619, 6830, 7210, 6830, 7813, 7687, 7146, 10489, 9278, 8257, 8258, 8327, 7897, 7654, 7766, 8164, 8248, 8230, 8019, 8839, 9111, 8407","8584, 8186, 8018, 7888, 8003, 8223, 8381, 8360, 8173, 9047, 9100, 8547"
403,ادعية الانبياء,970,1680,5220,8,0,1000,0.04,0.87,2026-06-06 3:02:07,"Image pack,People also ask,Video preview,Thumbnail",2100,250,1100,2015-09-02,"1688, 861, 749, 709, 829, 667, 683, 786, 681, 3376, 706, 859, 2196, 819, 796, 703, 835, 682, 820, 997, 995, 1439, 1425, 1073","1353, 1302, 1012, 1004, 1047, 990, 1027, 1068, 1066, 1510, 1496"
404,دعاء الرجوع من السفر,970,2070,1750,5,1,2000,0.02,0.55,2026-05-16 23:09:50,"Image pack,People also ask,Video preview",3800,80,100,2015-09-29,"2015, 2518, 2561, 1375, 1345, 2514, 1673, 2497, 1577, 2073, 2384, 1597, 1874, 2347, 3289, 1417, 1455, 2362, 1515, 2113, 1465, 2060, 2120, 1162","1493, 2000, 2504, 839, 1013, 1803, 1120, 1778, 1119, 1576, 1675, 1030"
405,دعاء تسهيل الولادة وفتح الرحم مفاتيح الجنان,970,3600,2600,3,0,700,,,2026-06-06 8:48:30,"AI Overview,People also ask,Image pack,Video preview",2800,350,600,2020-02-08,"1710, 1550, 1583, 1583, 1410, 1168, 1365, 1380, 899, 592, 626, 831, 966, 836, 849, 835, 829, 819, 629, 660, 603, 540, 522, 603","629, 584, 576, 592, 587, 606, 616, 647, 589, 526, 508, 590"
406,دعاء يجعل الزوج خاتم في يد زوجته,950,6200,1400,2,0,800,0.5,,2026-05-28 20:48:39,"AI Overview,People also ask,Image pack,Video preview",5200,350,700,2016-04-22,"2036, 1357, 1344, 1126, 1122, 746, 605, 631, 488, 1095, 606, 611, 1101, 621, 772, 890, 876, 750, 751, 767, 779, 891, 820, 787","902, 769, 767, 725, 706, 648, 673, 677, 692, 804, 735, 702"
407,دعاء لقضاء الحوائج,950,4970,25000,8,0,450,0.04,1.17,2026-05-18 11:43:05,"AI Overview,Image pack,People also ask,Video preview",2100,900,3100,2015-10-18,"600, 617, 706, 502, 414, 499, 370, 482, 396, 509, 390, 405, 493, 517, 595, 530, 420, 432, 446, 466, 439, 459, 456, 466","476, 492, 503, 446, 448, 452, 451, 469, 443, 462, 459, 469"
408,دعاء نهاية رمضان,950,5050,3850,5,0,250,,1.41,2026-05-22 13:25:29,"AI Overview,Video preview,People also ask,Image pack",2200,700,1100,2016-07-05,"374, 25, 10, 3, 3, 3, 6, 3, 3, 20, 1289, 1359, 217, 58, 9, 6, 6, 6, 6, 6, 6, 11, 1339, 957","200, 41, 7, 4, 4, 4, 5, 4, 4, 10, 1070, 834"
409,دعاء نزول المطر,950,2770,35600,3,0,4100,0.01,0.78,2026-05-27 5:27:40,"AI Overview,Thumbnail,People also ask,Video preview,Videos,Image pack,Sitelinks",16000,16000,34000,2015-09-07,"1086, 871, 7352, 3633, 6219, 5630, 1713, 6435, 5645, 10303, 1627, 832, 70, 209, 4558, 1090, 1158, 4854, 14434, 1276, 5821, 6777, 8175, 2986","951, 1976, 3528, 1870, 3945, 9826, 6528, 5221, 5809, 6746, 8190, 2991"
410,دعاء استجابة الدعاء,950,2840,26700,6,3,800,0.03,,2026-06-05 22:18:05,"AI Overview,Thumbnail,People also ask,Image pack,Video preview",2500,700,4000,2015-09-16,"1178, 1153, 1398, 1183, 1189, 1159, 1083, 1024, 909, 1735, 770, 1094, 847, 924, 904, 725, 709, 602, 933, 762, 773, 1002, 684, 946","760, 778, 796, 767, 764, 758, 939, 846, 837, 867, 847, 834"
411,دعاء ختم القرآن الشيعة وإهدائه,950,1200,1850,3,0,450,,,2026-05-19 14:40:34,"People also ask,Video preview,Image pack",700,150,250,2021-07-08,"55, 7, 1, 13, 7, 1, 1, 2, 50, 591, 91, 103, 90, 99, 124, 137, 160, 196, 273, 227, 203, 2773, 0, 956",
412,دعاء المطر لمن تحب,950,3180,2140,4,0,3200,,,2026-06-03 10:10:53,"AI Overview,Thumbnail,People also ask,Video preview,Image pack",4100,17000,34000,2021-11-13,"2204, 2237, 2353, 2322, 2353, 3945, 3346, 4185, 2403, 2541, 4083, 2823, 2539, 2571, 2688, 2656, 2687, 4280, 3681, 4520, 2737, 2876, 4418, 3158","2873, 2906, 3022, 2991, 3022, 4614, 4015, 4854, 3072, 3210, 4752, 3492"
413,دعاء للابناء في الاختبارات,950,1970,3300,5,0,450,0.03,,2026-06-06 5:52:03,"AI Overview,Thumbnail,People also ask,Video preview,Image pack",500,450,600,2016-04-29,"2081, 23, 29, 29, 123, 2604, 184, 47, 2418, 34, 66, 143, 2238, 33, 26, 41, 91, 44, 233, 1900, 46, 300, 413, 402","2452, 336, 322, 337, 365, 1009, 863, 491, 2006, 752, 552, 608"
414,دعاء رفع البلاء,930,3870,5300,5,0,700,0.02,0.85,2026-05-27 11:17:40,"AI Overview,Image pack,People also ask,Video preview",1900,300,1000,2015-11-12,"297, 298, 294, 298, 358, 317, 322, 376, 299, 397, 283, 345, 274, 341, 276, 280, 280, 295, 289, 312, 318, 3523, 2084, 987","731, 355, 385, 382, 351, 269, 215, 312, 319, 3524, 2085, 988"
415,دعاء بعد الاكل,930,4350,6800,3,0,350,,0.94,2026-05-25 4:04:53,"AI Overview,People also ask,Video preview,Image pack",700,600,2200,2015-09-28,"242, 328, 387, 389, 459, 405, 383, 459, 403, 386, 311, 349, 280, 391, 375, 467, 455, 401, 352, 246, 246, 212, 210, 182","161, 180, 197, 212, 269, 248, 241, 245, 242, 253, 195, 168"
416,دعاء علقمة,920,7140,4750,4,0,600,1.2,0.83,2026-05-18 17:36:52,"Video preview,Image pack",5600,400,2600,2015-09-03,"440, 971, 653, 474, 552, 602, 471, 512, 440, 410, 527, 533, 568, 928, 776, 731, 611, 652, 546, 546, 417, 441, 521, 526","581, 963, 805, 732, 623, 660, 554, 552, 423, 446, 526, 530"
417,دعاء نزول المطر في رمضان,910,1510,850,2,0,80,,,2026-05-19 9:27:34,"AI Overview,Thumbnail,People also ask,Videos,Image pack",200,350,400,2020-04-25,,
418,دعاء العمرة لشخص آخر,900,2780,8900,7,0,1700,0.05,,2026-05-21 18:03:27,"AI Overview,People also ask,Video preview,Image pack",3700,600,900,2021-05-17,"332, 1677, 1692, 1185, 1476, 1487, 1498, 1784, 1723, 6078, 663, 433, 436, 1448, 1475, 1217, 1473, 1448, 1448, 1703, 1834, 6407, 709, 475","742, 1572, 1651, 1291, 1446, 1446, 1347, 1582, 1715, 6290, 592, 360"
419,دعاء الأفتتاح,900,4800,1100,1,0,60,,,2026-05-27 11:25:10,"Video preview,People also ask",300,500,5000,2016-07-03,,
420,دعاء الذرية الصالحة,900,2240,15700,16,0,600,0.04,,2026-06-07 13:03:23,"AI Overview,Thumbnail,People also ask,Image pack,Video preview",1200,450,1000,2017-06-18,"1359, 617, 527, 515, 531, 514, 624, 612, 477, 1687, 365, 451, 942, 407, 420, 428, 493, 491, 600, 567, 477, 1049, 270, 521","680, 429, 582, 566, 620, 604, 674, 653, 654, 681, 672, 661"
421,دعاء لحفظ الابناء,900,2840,7000,5,0,700,0.02,0.75,2026-05-16 11:41:56,"AI Overview,Image pack,People also ask,Video preview",2100,400,1300,2015-09-06,"603, 622, 819, 975, 941, 758, 830, 898, 565, 710, 937, 752, 579, 605, 784, 957, 959, 600, 773, 588, 519, 731, 688, 676","630, 634, 675, 781, 778, 673, 691, 741, 679, 667, 682, 671"
422,أكثر شرك المشركين في صرف العبادة لغير الله ومن ذلك دعاء الأموات واصحاب القبور وطلب العون منهم,900,900,350,1,0,900,,,2026-05-20 6:15:02,"AI Overview,Sitelinks,People also ask,Video preview",900,350,350,2021-03-21,"564, 521, 517, 607, 2290, 1401, 681, 636, 614, 756, 609, 660, 691, 648, 644, 734, 2417, 1528, 808, 763, 740, 883, 736, 787","818, 775, 771, 860, 2544, 1655, 935, 889, 867, 1010, 863, 914"
423,دعاء السحر,900,4800,3200,2,0,800,0.2,0.68,2026-05-27 8:35:42,"AI Overview,People also ask,Image pack,Video preview",4100,350,1600,2015-09-07,"416, 360, 329, 403, 409, 325, 428, 449, 396, 4857, 413, 356, 387, 346, 331, 275, 341, 254, 340, 526, 492, 5073, 339, 397","426, 388, 378, 292, 358, 264, 336, 542, 508, 5090, 355, 413"
424,دعاء ابو الدرداء,900,5900,450,2,0,500,0.03,,2026-05-29 1:06:02,"Image pack,People also ask,Video preview,Thumbnail",3000,150,350,2015-10-21,"403, 347, 421, 398, 462, 362, 427, 506, 724, 495, 503, 559, 542, 550, 706, 563, 492, 473, 509, 527, 499, 489, 501, 539","504, 510, 511, 470, 479, 458, 533, 534, 539, 475, 501, 545"
425,دعاء لوالدي,890,1800,16400,11,1,500,0.08,,2026-05-26 18:32:39,"AI Overview,People also ask,Image pack,Video preview",1000,600,1500,2015-12-20,"937, 511, 527, 431, 424, 508, 483, 501, 469, 1348, 315, 404, 611, 399, 494, 398, 481, 392, 505, 529, 505, 701, 704, 519","605, 564, 507, 500, 509, 497, 529, 536, 512, 708, 710, 526"
426,دعاء للميت قصير للواتس,890,3040,1480,4,0,600,,0.48,2026-06-03 9:26:25,"People also ask,Image pack,Video preview",2200,200,700,2015-11-18,"467, 564, 376, 373, 368, 87, 57, 110, 157, 439, 545, 654, 443, 458, 383, 462, 458, 569, 762, 577, 672, 643, 729, 539","631, 585, 452, 379, 591, 456, 707, 530, 611, 591, 669, 486"
427,دعاء لابي بطول العمر,890,3830,2400,6,0,800,0.04,,2026-05-27 7:22:28,"AI Overview,Thumbnail,Video preview,People also ask,Sitelinks,Image pack",3300,350,400,2017-02-20,"2116, 1431, 1714, 1461, 1455, 1154, 1364, 1705, 1416, 3239, 787, 784, 1068, 804, 815, 780, 791, 634, 796, 726, 739, 943, 874, 842","973, 930, 895, 784, 794, 728, 785, 738, 751, 958, 888, 855"
428,دعاء للاذاعة المدرسية,880,4480,33150,23,0,200,0.02,1.62,2026-05-12 2:07:13,"AI Overview,Thumbnail,People also ask,Image pack,Video preview",1300,350,1600,2015-09-07,"8, 7, 287, 437, 432, 193, 434, 236, 58, 8, 532, 233, 7, 8, 101, 447, 349, 236, 103, 184, 127, 156, 161, 259","88, 55, 129, 339, 347, 181, 243, 193, 136, 165, 170, 268"
429,دعاء الطواف حول الكعبة pdf,880,1000,850,2,1,800,0.02,,2026-05-29 9:37:41,"Image pack,People also ask,Sitelinks",900,450,500,2022-09-10,"417, 567, 1572, 493, 519, 476, 571, 499, 401, 1539, 547, 473, 510, 660, 1665, 585, 611, 569, 664, 592, 493, 1632, 640, 566","602, 753, 1758, 678, 704, 662, 757, 685, 586, 1725, 733, 659"
430,دعاء للعروسه,880,2160,4000,6,0,350,0.04,,2026-05-23 10:46:09,"AI Overview,People also ask,Image pack",500,350,700,2015-09-01,"604, 635, 364, 348, 360, 517, 372, 451, 183, 84, 540, 380, 362, 552, 365, 234, 305, 348, 298, 375, 261, 243, 320, 366","438, 497, 405, 288, 293, 321, 288, 368, 257, 239, 316, 361"
431,دعاء جبرائيل,870,6700,16100,7,0,400,0.07,0.89,2026-05-21 13:55:19,"Videos,People also ask,Sitelinks,Image pack",4100,300,2300,2015-09-18,"369, 312, 314, 325, 393, 332, 354, 387, 314, 470, 322, 334, 337, 356, 356, 354, 414, 357, 340, 379, 377, 510, 442, 405","429, 429, 390, 383, 396, 374, 375, 405, 403, 535, 468, 431"
432,دعاء عقد قران,870,1420,4300,5,0,400,,,2026-05-07 18:19:04,"AI Overview,People also ask",500,700,800,2016-02-01,"323, 478, 580, 387, 127, 209, 137, 188, 205, 26, 146, 169, 108, 229, 515, 404, 499, 434, 367, 605, 391, 410, 171, 309",
433,دعاء المنزل,860,2380,2500,7,0,450,0.04,,2026-05-22 21:50:36,"AI Overview,People also ask,Image pack,Video preview,Thumbnail",900,300,450,2015-10-01,"358, 410, 372, 436, 524, 440, 403, 395, 374, 352, 366, 427, 383, 462, 462, 533, 533, 478, 396, 416, 428, 369, 408, 353","433, 436, 448, 455, 594, 524, 470, 475, 473, 471, 413, 441"
434,دعاء قبل اذان المغرب,850,2020,2200,3,0,450,,,2026-05-03 10:48:25,"AI Overview,People also ask,Video preview",1000,400,700,2016-06-09,"262, 167, 118, 92, 76, 106, 108, 163, 167, 3093, 187, 290, 277, 195, 121, 75, 118, 92, 147, 168, 170, 3402, 138, 357","319, 239, 159, 107, 171, 129, 201, 209, 210, 3442, 178, 398"
435,دعاء الوتر كامل pdf,850,1800,1200,2,1,2400,0.03,,2026-05-30 8:05:05,"Image pack,People also ask,Thumbnail",3900,18000,26000,2020-05-14,"831, 845, 841, 990, 1258, 1254, 1549, 1269, 2259, 14272, 967, 957, 812, 833, 957, 939, 899, 770, 880, 1513, 2791, 16567, 526, 1173","1005, 1015, 1169, 1099, 962, 773, 807, 1732, 3020, 16797, 757, 1405, 1238"
436,الدعاء عند رؤية الكعبة,840,940,1600,2,0,2500,0.02,1.27,2026-06-07 17:07:42,"AI Overview,Thumbnail,People also ask,Image pack,Video preview",2700,1400,2000,2015-09-11,"1562, 1863, 1863, 1536, 1865, 2298, 2321, 3368, 2329, 5230, 1252, 1539, 1230, 1902, 2277, 1856, 2238, 2298, 2772, 3606, 2509, 5472, 1432, 1904","1594, 2353, 2745, 2278, 2635, 2679, 3183, 3980, 2883, 5846, 1806, 2278, 1968"
437,دعاء يوم الجمعة قصير,830,4200,11200,5,0,7200,0.05,0.78,2026-06-09 8:56:30,"AI Overview,Thumbnail,Video preview,People also ask,Image pack",23000,40,100,2015-09-11,"5717, 6358, 4937, 6346, 8042, 7754, 7340, 7024, 7808, 6471, 6227, 5352, 6242, 6937, 5384, 6915, 8758, 8439, 7984, 7636, 8483, 7027, 6758, 5805","6767, 7516, 5830, 7485, 9475, 9125, 8628, 8248, 9159, 7583, 7289, 6258"
438,أدعية رمضان من الكتاب والسنة,830,4100,252000,9,0,450,,,2026-05-10 10:34:08,"AI Overview,Video preview,People also ask",1900,15000,35000,2021-03-30,"7, 1, 3, 8, 2, 5, 12, 33, 563, 4123, 5, 0, 3, 4, 10, 6, 9, 7, 18, 75, 2366, 1625, 3, 1283",
439,دعاء للمولود الجديد,830,6070,97000,7,0,1000,0.01,0.89,2026-06-08 6:41:56,"AI Overview,People also ask,Sitelinks,Video preview,Image pack",10000,4100,23000,2015-09-01,"894, 1081, 1061, 1070, 1061, 1092, 1070, 1069, 871, 888, 885, 880, 734, 909, 846, 894, 1094, 894, 1334, 1107, 1084, 1189, 1153, 1131","1084, 1095, 1162, 1161, 1261, 1232, 1222, 1127, 1102, 1204, 1166"
440,دعاء يوم السبت,820,8850,9200,5,0,600,0.03,0.67,2026-05-27 10:06:50,"AI Overview,Image pack,People also ask,Video preview",6800,200,1200,2015-09-20,"638, 583, 715, 692, 837, 860, 677, 848, 543, 555, 558, 680, 459, 586, 702, 575, 656, 798, 587, 703, 609, 606, 584, 583","564, 582, 541, 571, 642, 641, 620, 680, 584, 582, 559, 559"
441,اقسم بالله هذا الدعاء يهلك الظالم,820,2810,41010,10,12,1800,0.1,,2026-05-21 11:02:37,"AI Overview,People also ask,Video preview",5400,600,4400,2021-09-30,"1561, 1559, 1895, 2012, 1977, 1874, 1455, 1484, 1554, 3117, 1434, 1333, 1629, 1508, 1372, 1683, 2055, 1725, 2058, 1926, 2035, 2822, 1668, 1893","2147, 2053, 2183, 2397, 2503, 2242, 2329, 2228, 2337, 3124, 1970, 2196"
442,دعاء رمي الجمرات,820,930,1680,8,0,500,,1.37,2026-05-26 0:51:26,"AI Overview,People also ask,Image pack,Video preview",600,200,200,2015-09-24,"11042, 12, 7, 15, 7, 7, 7, 8, 8, 15, 16, 159, 4735, 7, 10, 7, 7, 8, 10, 344, 334, 346, 349, 426","3217, 2, 134, 353, 369, 372, 376, 656, 672, 689, 707, 751"
443,دعاء يوم الاحد,820,9590,6550,6,0,600,0.01,0.78,2026-06-08 7:53:33,"People also ask,Image pack,Video preview",6700,80,3000,2015-10-04,"688, 559, 695, 683, 794, 706, 694, 683, 535, 531, 532, 699, 543, 483, 585, 557, 565, 800, 566, 647, 594, 600, 556, 613","599, 565, 546, 565, 639, 630, 633, 647, 594, 599, 555"
444,دعاء يوم الاثنين,820,10050,9500,9,0,600,0.03,0.66,2026-06-05 7:09:41,"AI Overview,Thumbnail,Image pack,People also ask,Video preview",7600,200,400,2015-09-28,"609, 619, 618, 769, 763, 757, 1088, 751, 605, 581, 602, 610, 621, 534, 633, 752, 606, 863, 638, 603, 496, 488, 480, 518","528, 500, 549, 650, 651, 757, 717, 642, 535, 528, 519, 557"
445,دعاء يوم الثلاثاء,810,8660,2500,6,0,600,0.02,0.86,2026-05-21 9:31:10,"Image pack,People also ask,Video preview",6700,250,500,2015-09-08,"624, 772, 629, 778, 779, 772, 908, 625, 625, 531, 599, 614, 617, 625, 538, 630, 625, 719, 744, 707, 662, 642, 621, 697","707, 716, 693, 722, 776, 794, 773, 779, 734, 714, 693"
446,دعاء للميت بالجنة,810,7710,20080,2,3,800,0.02,,2026-05-22 17:43:12,"AI Overview,People also ask,Image pack,Video preview",7700,80,80,2020-03-22,"920, 939, 289, 44, 38, 32, 1498, 892, 558, 808, 486, 706, 1182, 1201, 551, 195, 174, 160, 1760, 1154, 820, 1070, 748, 968","1444, 1463, 813, 457, 436, 422, 2022, 1416, 1082, 1332, 1010, 1230"
447,دعاء لامي وابي,810,1980,2800,10,0,500,0.02,0.47,2026-06-02 19:48:53,"AI Overview,Thumbnail,People also ask,Image pack,Video preview",1100,250,350,2015-10-15,"1000, 508, 664, 521, 515, 522, 487, 502, 482, 1469, 276, 400, 709, 422, 468, 363, 432, 423, 430, 461, 449, 694, 748, 566","592, 637, 511, 451, 472, 489, 485, 469, 457, 702"
448,صور دعاء,800,5000,250,1,0,800,0.03,0.21,2026-05-18 17:34:49,"Image pack,People also ask,Video preview",5000,250,250,2015-09-03,"992, 816, 776, 863, 901, 847, 893, 789, 799, 868, 927, 871, 836, 792, 725, 769, 812, 765, 818, 715, 730, 792, 832, 784","770, 707, 654, 700, 737, 694, 739, 648, 661, 716, 755, 711"
449,دعاء يذهب الخوف والقلق والوسواس,800,2400,1200,2,7,700,,,2026-06-07 14:10:11,"AI Overview,Thumbnail,People also ask,Image pack,Video preview",2100,300,600,2021-06-18,"560, 569, 639, 662, 618, 752, 758, 785, 795, 889, 910, 1005, 872, 727, 926, 572, 648, 708, 751, 745, 479, 550, 96, 362",
450,دعاء سنة جديدة,800,6000,2200,2,0,80,,,2026-06-08 12:44:47,"AI Overview,Thumbnail,Video preview,People also ask,Image pack",900,300,1500,2015-10-13,,
451,دعاء يوم الجمعة لشخص تحبه,800,1400,1250,7,0,100,,,2026-06-02 17:25:54,"AI Overview,Thumbnail,People also ask,Image pack,Video preview",250,60,60,2015-10-30,,
452,ماذا يقال عند رؤية الكعبة,800,900,600,1,0,800,0.01,,2026-05-24 3:32:29,"AI Overview,People also ask,Video preview",900,3000,3700,2015-11-01,"744, 529, 640, 533, 645, 782, 792, 1046, 1027, 2255, 427, 403, 397, 538, 666, 653, 784, 778, 808, 1095, 1052, 2248, 357, 456","442, 655, 753, 714, 809, 782, 827, 1120, 1077, 2273, 382, 481"
453,زيارة عاشوراء مكتوبة,800,4490,216000,2,0,6700,0.03,0.89,2026-06-02 9:49:28,"Image pack,Video preview",44000,8500,128000,2015-09-01,"4867, 14675, 9026, 5447, 5772, 5503, 4326, 4887, 3827, 3758, 4116, 4338, 9384, 15621, 8822, 6711, 6167, 5548, 5057, 5427, 4350, 4521, 4699, 4998","8609, 14324, 8350, 6379, 5900, 5300, 4833, 5223, 4164, 4352, 4546, 4858"
454,هل الدعاء وقت الخسوف مستجاب,800,3000,500,1,0,80,,,2026-05-08 4:27:22,"People also ask,Sitelinks",200,300,500,2017-03-09,,
455,دعاء اللهم اهدنا فيمن هديت,800,1400,350,1,0,800,,0.97,2026-05-19 4:47:18,"AI Overview,Image pack,People also ask,Video preview,Thumbnail",1400,100,350,2015-11-16,"377, 247, 244, 241, 286, 290, 326, 262, 391, 3982, 2087, 516, 509, 368, 336, 314, 344, 328, 352, 265, 385, 3981, 2081, 510","502, 361, 330, 308, 338, 322, 346, 259, 379, 3976, 2075, 504"
456,كيفية اداء العمرة,800,1100,198000,2,1,6400,0.06,0.98,2026-06-06 14:56:03,"AI Overview,Thumbnail,People also ask,Videos,Video preview",9100,83000,100000,2015-09-05,"1182, 4338, 5427, 4635, 4858, 5381, 6990, 7537, 7607, 11732, 19405, 3376, 632, 3801, 4904, 4124, 4360, 4895, 6516, 7074, 7156, 11292, 18976, 2956","223, 3402, 4515, 3744, 3990, 4534, 6163, 6730, 6820, 10964, 18656, 2645"
457,دعاء للمريض,800,8880,831000,20,3,22000,0.04,0.72,2026-06-07 16:30:36,"AI Overview,Thumbnail,People also ask,Image pack,Videos,Video preview,Sitelinks",115000,53000,139000,2015-09-01,"26923, 26768, 27903, 26300, 28692, 27974, 28663, 32480, 28288, 27808, 22169, 22135, 19449, 21941, 23748, 21151, 22872, 22586, 22945, 23269, 22827, 22318, 21087, 20008","20012, 20600, 20214, 18358, 19959, 19813, 20231, 20618, 20324, 19963, 18947"
458,دعاء البهاء مكتوب بخط كبير,800,6000,1750,3,0,250,,,2026-05-17 7:52:49,"Video preview,People also ask,Image pack",2000,100,700,2021-04-18,"125, 185, 90, 80, 59, 101, 58, 41, 36, 1948, 15, 26, 92, 19, 17, 17, 31, 18, 20, 29, 772, 1521, 0, 727",
459,دعاء يستشير,800,6600,2000,1,0,800,0.02,0.85,2026-05-22 4:01:50,"Video preview,Image pack",21000,250,1200,2015-10-05,"195, 192, 669, 181, 189, 225, 210, 206, 183, 838, 762, 696, 499, 1110, 1282, 875, 1019, 758, 666, 649, 625, 888, 618, 610","538, 884, 898, 492, 595, 500, 538, 559, 527, 799, 525, 522"
460,دعاء يمحي الذنوب قبل النوم,800,2300,70,1,0,40,,,2026-05-22 2:14:37,"AI Overview,Image pack,People also ask,Video preview",200,350,1200,2016-01-01,,
461,دعاء لحبيبتي بالسعادة,800,2600,0,1,0,30,,,2026-05-27 17:12:54,"AI Overview,Thumbnail,People also ask,Video preview,Image pack",60,250,600,2021-05-05,"51, 23, 57, 40, 54, 88, 16, 0, 3, 15, 4, 6, 18, 13, 34, 37, 22, 51, 26, 34, 29, 14, 15, 8",13
462,اسما الله,800,4300,90,1,24,350,0.03,0.53,2026-05-06 12:45:43,"People also ask,Video preview",1000,4000,18000,2015-09-02,"302, 242, 368, 435, 445, 349, 432, 642, 430, 641, 449, 385, 418, 306, 276, 361, 330, 333, 256, 370, 469, 410, 358, 350","338, 333, 328, 389, 408, 373, 339, 420, 532, 464, 405, 395"
463,دعاء يوم الجمعة المستجاب للأبناء,790,1640,1400,7,0,500,,,2026-05-27 23:35:00,"AI Overview,Image pack,People also ask,Video preview,Sitelinks",1100,150,200,2023-03-10,"442, 270, 240, 437, 349, 255, 352, 319, 313, 191, 147, 188, 280, 110, 217, 321, 288, 572, 738, 870, 1134, 707, 372, 742",
464,دعاء المصائب,770,3280,9850,14,1,200,,0.76,2026-05-30 3:43:24,"AI Overview,Thumbnail,People also ask,Image pack,Video preview",800,150,800,2015-09-03,"303, 252, 246, 250, 306, 246, 244, 203, 159, 164, 246, 294, 182, 210, 171, 171, 232, 157, 201, 173, 186, 218, 199, 223","210, 193, 192, 192, 204, 184, 183, 171, 184, 216, 197, 220"
465,دعاء للميت بعد الدفن,770,2590,11850,9,1,400,0.06,0.8,2026-05-21 5:14:42,"AI Overview,People also ask,Video preview,Image pack",1200,700,1800,2016-03-24,"364, 369, 368, 303, 366, 363, 436, 431, 359, 357, 300, 294, 292, 304, 372, 450, 370, 371, 387, 457, 399, 438, 401, 421","448, 447, 393, 446, 451, 446, 388, 458, 399, 438, 401, 421"
466,دعاء اخر جمعه من رمضان,770,3060,1520,5,0,600,,,2026-05-28 23:32:47,"AI Overview,Image pack,People also ask,Video preview",1300,200,400,2016-07-01,"690, 198, 198, 243, 243, 243, 243, 243, 243, 245, 2533, 2589, 623, 179, 178, 219, 219, 219, 219, 219, 219, 223, 3146, 2843","684, 196, 196, 241, 241, 241, 241, 241, 241, 245, 3436"
467,دعاء للوطن,770,2330,2250,5,0,450,0.04,1.1,2026-05-22 0:46:25,"AI Overview,People also ask,Video preview,Image pack",1500,350,500,2015-09-04,"405, 313, 188, 2652, 566, 399, 347, 251, 662, 654, 325, 346, 308, 236, 141, 1974, 418, 292, 252, 181, 473, 462, 227, 239","210, 159, 94, 1295, 270, 186, 157, 111, 283, 270, 130, 132"
468,دعاء للحبيب,760,3910,14400,13,0,900,0.35,0.6,2026-06-02 5:46:04,"AI Overview,Thumbnail,People also ask,Image pack,Video preview",9100,60,150,2015-09-01,"1871, 1471, 1552, 1257, 1474, 1277, 1243, 1275, 1017, 3541, 854, 977, 1107, 836, 981, 659, 782, 622, 776, 784, 744, 1364, 1304, 848","901, 1010, 832, 799, 784, 783, 812, 793, 753, 1381, 1320, 859"
469,دعاء للزواج,760,5130,72300,9,1,1400,0.03,,2026-05-28 8:59:55,"AI Overview,Thumbnail,People also ask,Image pack,Video preview",6500,4000,10000,2015-09-02,"2418, 1593, 1600, 1331, 1372, 1586, 1352, 1624, 1093, 2483, 1306, 1297, 1768, 1287, 1278, 1050, 1283, 1289, 1317, 1387, 1214, 1449, 1644, 1492","1542, 1693, 1422, 1181, 1242, 1313, 1305, 1404, 1231, 1466, 1661, 1509"
470,دعاء ضياع شي,760,2650,40550,23,0,400,0.1,,2026-06-02 20:32:31,"Featured snippet,People also ask,Image pack,Sitelinks,Video preview",500,0,70,2015-10-31,"479, 429, 492, 451, 474, 374, 366, 453, 374, 456, 497, 459, 413, 450, 383, 373, 354, 370, 392, 379, 361, 389, 408, 390","375, 409, 367, 362, 381, 338, 349, 352, 335, 361, 378, 361"
471,ادعية المسجد النبوي,760,870,14600,6,0,1000,,,2026-06-05 19:21:33,"AI Overview,Thumbnail,People also ask,Video preview,Image pack",1100,1600,1600,2015-10-16,"695, 641, 690, 507, 548, 1129, 1733, 2040, 841, 1416, 975, 548, 225, 534, 1247, 1155, 1036, 508, 1345, 1825, 1477, 1268, 269, 968",
472,دعاء جميل جدا جدا,750,1560,14400,4,4,600,0.02,,2026-05-26 22:03:23,"AI Overview,People also ask,Image pack,Video preview",1200,900,3900,2018-09-23,"477, 401, 532, 508, 502, 602, 489, 531, 492, 1044, 490, 563, 397, 496, 519, 543, 482, 492, 592, 431, 330, 470, 1615, 506","459, 524, 530, 539, 640, 547, 447, 418, 321, 457, 1575, 494"
473,ادعية في المسجد النبوي,750,900,4700,3,0,900,,,2026-05-26 4:04:27,"AI Overview,People also ask,Image pack,Video preview",1000,1300,1300,2016-09-05,"173, 645, 937, 1118, 1517, 1061, 736, 1133, 1343, 730, 343, 371, 477, 1066, 657, 453, 582, 1959, 1452, 1516, 659, 863, 542, 654",
474,دعاء السفر الله اكبر,750,1000,3100,3,0,350,0.02,,2026-05-28 14:41:38,"Image pack,AI Overview,People also ask,Video preview",450,250,1100,2017-09-30,"282, 362, 483, 351, 278, 1092, 347, 550, 384, 345, 232, 214, 530, 993, 679, 677, 158, 198, 107, 158, 131, 139, 151, 139","200, 242, 216, 152, 120, 221, 117, 139, 105, 118, 128, 118"
475,الدعاء بين السجدتين,750,1610,4500,4,0,700,0.1,0.91,2026-05-25 4:03:24,"Video preview,People also ask,Image pack",1200,800,1100,2015-11-26,"683, 682, 682, 686, 853, 683, 1036, 788, 813, 1875, 653, 647, 508, 1072, 643, 536, 784, 621, 653, 744, 693, 1010, 1026, 894","751, 834, 700, 602, 627, 608, 698, 729, 678, 995, 1012, 879"
476,دعاء الحزن,750,2410,11600,4,1,1300,0.06,0.53,2026-05-26 12:34:48,"AI Overview,People also ask,Image pack,Video preview",4000,400,2200,2015-09-06,"1981, 1994, 2029, 2021, 2045, 1737, 1701, 2006, 1660, 2051, 1691, 1705, 1284, 1617, 1238, 1255, 1250, 1074, 1217, 1271, 1279, 1291, 1285, 1308","1201, 1192, 1147, 1156, 1184, 1181, 1183, 1268, 1227, 1365, 1255, 1284"
477,دعاء رجب ممثلة,750,5200,400,2,0,50,,,2026-05-19 15:59:02,"People also ask,Knowledge panel,Videos",200,10,200,2019-06-21,"14, 3, 3, 4, 1, 2, 3, 10, 3, 5, 9, 6, 3, 26, 37, 7, 16, 18, 29, 376, 10, 7, 13, 0",8
478,دعاء للزوج بالرزق والتوفيق,750,2760,5850,7,0,700,0.6,,2026-05-22 8:41:28,"AI Overview,People also ask,Video preview,Image pack,Sitelinks",2300,250,900,2016-09-20,"2046, 1603, 1382, 1157, 1111, 1075, 737, 1084, 882, 2149, 624, 631, 912, 618, 582, 516, 479, 457, 441, 843, 585, 1777, 230, 196","514, 422, 456, 465, 525, 574, 541, 843, 585, 1776, 181, 172"
479,دعاء لي,750,2100,1050,2,0,450,0.02,,2026-05-07 11:38:57,"AI Overview,People also ask",1500,150,450,2015-10-24,"438, 293, 438, 351, 355, 369, 352, 427, 354, 1409, 232, 349, 395, 361, 359, 347, 345, 337, 535, 464, 360, 1491, 175, 475","424, 439, 385, 402, 377, 349, 563, 414, 326, 1454, 141, 441"
480,دعاء اول يوم رمضان,740,4790,12800,12,0,1400,0.02,0.89,2026-05-27 2:47:01,"AI Overview,People also ask,Video preview,Image pack",6100,300,700,2016-06-05,"432, 519, 526, 497, 490, 481, 475, 471, 475, 5084, 3729, 1083, 857, 795, 789, 782, 776, 770, 763, 758, 759, 5778, 2497, 1393","968, 964, 966, 957, 954, 951, 949, 947, 951, 4810, 2776, 1454"
481,منزل مبارك,740,1720,10400,4,0,4600,0.1,0.45,2026-06-02 4:42:01,"AI Overview,Thumbnail,People also ask,Image pack,Video preview",5800,700,800,2015-09-07,"5301, 5521, 5050, 4215, 4496, 4597, 4313, 4949, 4705, 5130, 4309, 4253, 5055, 5283, 4849, 4060, 4343, 4452, 4187, 4816, 4588, 5013, 4218, 4170","4964, 5196, 4774, 4003, 4286, 4399, 4141, 4767, 4545, 4969, 4184, 4139"
482,ادعية تفريج الهم,740,2140,10000,9,1,300,0.03,1.02,2026-05-05 5:45:03,"AI Overview,People also ask,Video preview",500,450,1000,2015-09-07,"456, 374, 455, 315, 381, 375, 369, 373, 308, 474, 300, 366, 293, 371, 369, 297, 300, 236, 315, 287, 276, 316, 302, 287","276, 292, 299, 300, 283, 271, 269, 267, 257, 294, 281, 267"
483,دعاء بعد سورة البقرة لقضاء الحوائج,730,2450,2100,2,10,700,,,2026-06-05 13:20:45,"AI Overview,Thumbnail,People also ask,Image pack,Video preview,Sitelinks",2200,350,800,2020-01-10,"461, 472, 478, 479, 481, 583, 400, 391, 478, 265, 390, 474, 476, 733, 756, 688, 766, 792, 780, 742, 705, 683, 636, 655","644, 641, 628, 622, 638, 622, 558, 535, 509, 489, 450, 471"
484,أدعية العمرة كاملة,730,850,85000,5,1,6300,0.09,0.69,2026-06-07 20:49:27,"AI Overview,Thumbnail,Image pack,People also ask,Video preview",8600,12000,14000,2016-04-05,"1293, 4528, 5094, 3488, 4314, 5813, 6173, 6462, 6187, 22599, 2866, 2310, 1543, 5265, 6024, 2831, 5448, 4536, 6014, 5860, 6924, 26401, 2481, 1818","915, 4499, 4495, 1537, 5273, 3755, 5884, 5707, 6774, 26253, 2334, 1673"
485,دعاء عن العلم,730,3850,6500,8,0,250,,1.1,2026-05-09 10:56:18,"AI Overview,People also ask,Image pack,Video preview",1300,200,900,2015-09-05,"59, 42, 720, 813, 697, 295, 341, 359, 78, 67, 480, 204, 35, 23, 136, 485, 384, 214, 127, 384, 293, 352, 294, 374","176, 144, 384, 641, 711, 454, 403, 393, 300, 360, 301, 382"
486,دعاء للام بالصحة والعافية,720,1490,2500,4,0,700,0.03,,2026-05-27 20:57:55,"AI Overview,People also ask,Image pack,Video preview,Thumbnail",1400,300,800,2016-02-16,"1536, 988, 797, 891, 1031, 1008, 787, 758, 618, 1464, 480, 575, 848, 815, 805, 663, 983, 518, 433, 494, 441, 781, 662, 549","599, 587, 541, 505, 573, 525, 514, 511, 456, 807, 684"
487,دعاء الملتزم,720,840,850,3,0,500,0.02,0.82,2026-05-23 4:06:15,"AI Overview,People also ask,Image pack,Video preview,Thumbnail",600,300,300,2015-10-28,"467, 699, 693, 464, 456, 453, 373, 381, 312, 1291, 679, 1487, 376, 571, 463, 311, 368, 260, 306, 455, 421, 602, 622, 518","398, 452, 543, 475, 496, 485, 441, 465, 431, 612, 632, 528"
488,دعاء التوبة من الشهوات,720,4230,2800,6,0,700,3.5,,2026-05-22 6:04:17,"AI Overview,People also ask,Image pack,Video preview",4100,300,700,2020-09-24,"1363, 1415, 1741, 1268, 1617, 1679, 1451, 1423, 1319, 1274, 937, 1135, 1293, 931, 930, 881, 1027, 908, 930, 200, 156, 256, 48, 144",
489,دعاء ليلة القدر لنفسي,710,4140,1600,2,0,700,,,2026-05-26 8:27:04,"AI Overview,People also ask,Image pack,Sitelinks,Video preview",4100,90,800,2017-06-21,"25, 6, 3, 2, 1, 1, 2, 1, 2, 9107, 10, 3, 5, 2, 2, 2, 2, 1, 2, 843, 906, 1953, 4721, 989","935, 883, 855, 1013, 908, 928, 1007, 1003, 1066, 2112, 4880, 1149"
490,دعاء رؤية الهلال,710,1280,3450,6,2,1300,0.04,0.87,2026-05-22 6:59:33,"AI Overview,Thumbnail,People also ask,Image pack,Video preview",3500,400,500,2015-09-14,"1810, 1257, 542, 828, 782, 857, 1569, 2196, 2730, 1702, 1187, 2026, 1693, 666, 519, 544, 976, 980, 1258, 1879, 2338, 1563, 1113, 1777","1574, 976, 809, 682, 1059, 1080, 1191, 1678, 1851, 2353, 1270, 1449"
491,دعاء للعائلة,710,1640,1100,2,0,700,0.04,0.41,2026-05-27 11:17:34,"AI Overview,Image pack,People also ask,Video preview",1600,250,600,2015-09-13,"1405, 919, 925, 643, 779, 811, 785, 811, 623, 2135, 599, 606, 837, 631, 752, 491, 489, 474, 620, 677, 603, 932, 888, 812","704, 806, 649, 553, 574, 582, 602, 659, 590, 915, 875, 803"
492,لبيك اللهم عمرة,710,860,6600,4,0,6000,0.05,0.6,2026-06-08 2:50:15,"AI Overview,Thumbnail,People also ask,Video preview,Image pack",7800,1300,1300,2015-09-12,"2796, 5602, 5808, 3967, 4150, 5989, 4762, 5819, 5266, 22930, 3204, 3606, 2444, 5304, 5495, 3656, 4310, 4345, 4934, 5884, 5621, 23825, 2878, 4112","2801, 5652, 5926, 4109, 4843, 4709, 5579, 6575, 6314, 24523, 3580, 4819"
493,دعاء قبل الإفطار للرزق,700,1500,500,1,0,700,1.9,,2026-05-16 23:07:22,"AI Overview,Image pack,People also ask,Video preview",1500,250,500,2022-07-01,"85, 30, 13, 12, 12, 16, 16, 28, 50, 9039, 51, 22, 28, 14, 6, 4, 4, 4, 4, 16, 28, 5926, 1845, 22","34, 14, 5, 4, 5, 45, 11, 18, 27, 5934, 1276, 19"
494,زيارة النبي مفاتيح الجنان,700,850,24300,5,0,3900,0.06,,2026-05-08 2:02:08,"People also ask,Video preview",5300,4500,5500,2016-05-05,"3447, 6197, 6232, 3519, 1817, 4171, 1853, 5254, 2268, 839, 2814, 1571, 2683, 9398, 9355, 2748, 1833, 3511, 2331, 5816, 2555, 1295, 3400, 2120","3322, 10392, 10258, 3212, 2370, 4065, 3037, 6551, 3295, 2043, 4155, 2882"
495,دعاء للتوتر,700,1200,70,1,6,60,0.05,,2026-05-29 13:41:18,"AI Overview,Thumbnail,Video preview,People also ask,Image pack",200,30,80,2017-04-13,,
496,دعاء ليله الاسراء والمعراج,700,5200,90,1,0,90,,,2026-05-19 13:06:57,"AI Overview,Thumbnail,Image pack,People also ask,Videos,Video preview",2900,80,1800,2016-05-03,"3, 1, 3, 2, 1, 2, 2, 1764, 18, 9, 2, 3, 1, 3, 3, 1, 2, 1, 4, 227, 597, 201, 51, 50","49, 45, 42, 47, 49, 49, 49, 234, 602, 206, 56, 55"
497,دعاء في الحرم مستجاب,700,700,700,1,0,700,0.03,,2026-06-09 9:21:05,"AI Overview,Thumbnail,People also ask,Image pack,Video preview",700,700,700,2019-02-28,"493, 731, 741, 622, 763, 845, 838, 1087, 818, 1629, 280, 466, 354, 550, 655, 514, 540, 712, 861, 836, 750, 1166, 516, 596","527, 631, 744, 648, 638, 805, 850, 855, 787, 1014, 747, 634"
498,دعاء توفيق الامتحان,700,7900,350,1,0,40,,,2026-05-11 2:48:26,"Featured snippet,People also ask,Sitelinks,Image pack,Video preview",1800,10,20,2018-12-23,,
499,السفر لزيارة القبور محرم ومنها زيارة قبر الرسول صلى الله عليه وسلم,700,800,3900,1,0,450,,,2026-05-16 23:09:21,"People also ask,Video preview",450,150,150,2022-01-02,"1, 1, 1, 1, 1, 1, 1, 23, 1, 27, 2858, 2181, 497, 1, 1, 1, 1, 1, 1, 15, 1, 31, 2598, 3552","809, 1, 1, 1, 1, 1, 1, 24, 1, 50, 4233, 5787"
500,دعاء الرسول صلى الله عليه وسلم,700,1900,60,1,1,90,,,2026-05-28 10:11:41,"AI Overview,Thumbnail,People also ask,Video preview,Sitelinks,Image pack",450,20,90,2015-10-02,,
501,دعاء قضاء الحاجه,700,6900,7000,1,0,600,0.01,0.65,2026-05-20 15:27:26,"AI Overview,Thumbnail,Video preview,People also ask,Image pack,Sitelinks",8600,300,3300,2015-09-05,"618, 554, 722, 956, 783, 785, 726, 780, 595, 720, 513, 624, 599, 611, 794, 741, 675, 665, 696, 669, 540, 534, 595, 625","625, 636, 641, 626, 611, 622, 616, 616, 593, 644, 609, 639"
502,دعاء الحفظ شيعة,700,900,750,2,0,500,,,2026-06-02 6:04:41,"Image pack,Video preview",600,150,450,2017-06-04,"392, 404, 448, 450, 570, 453, 454, 464, 309, 326, 469, 452, 448, 450, 479, 472, 594, 370, 886, 599, 576, 602, 586, 612","629, 641, 640, 652, 682, 653, 702, 697, 674, 700, 685, 711"
503,دعاء المريض لنفسه,700,1800,1200,1,1,700,,0.89,2026-06-06 7:13:17,"AI Overview,Thumbnail,People also ask,Video preview,Image pack,Sitelinks",1800,400,1200,2015-10-10,"873, 870, 864, 785, 780, 747, 767, 741, 638, 862, 722, 829, 703, 683, 684, 553, 667, 615, 722, 680, 625, 648, 626, 616","660, 620, 587, 552, 572, 770, 670, 662, 609, 631, 610, 600"
504,دعاء ختم القران مكتوب للشعراوي,700,2350,600,2,0,600,,0.87,2026-05-16 13:20:44,"AI Overview,People also ask,Image pack,Video preview",1900,70,400,2017-06-01,"1916, 444, 379, 389, 376, 347, 339, 330, 324, 355, 452, 2575, 1794, 327, 269, 285, 277, 254, 251, 247, 246, 280, 382, 2508","1731, 268, 213, 231, 227, 206, 206, 204, 205, 242, 345, 2474"
505,اجمل دعاء في العالم نادر جدا,700,1600,170,2,0,200,,,2026-05-21 14:02:15,"AI Overview,People also ask,Image pack",900,70,150,2015-10-23,,
506,دعاء التعار,700,1200,800,1,0,700,0.04,0.58,2026-05-21 3:58:26,"AI Overview,Image pack,People also ask,Video preview",1200,350,800,2015-09-01,"549, 590, 1520, 1013, 1203, 938, 1030, 938, 714, 281, 744, 538, 392, 422, 686, 1016, 857, 879, 875, 797, 679, 692, 606, 602","491, 496, 720, 795, 871, 933, 866, 797, 679, 692, 606, 601"
507,دعاء للمولوده,690,5850,15550,7,0,450,0.07,,2026-05-05 15:18:37,"AI Overview,People also ask",600,5200,24000,2015-09-20,"515, 506, 523, 514, 536, 521, 520, 518, 422, 446, 435, 528, 415, 509, 519, 501, 510, 488, 434, 449, 416, 418, 434, 506","469, 471, 464, 449, 455, 438, 426, 433, 400, 402, 418, 491"
508,دعاء للميت مؤثر جدا,690,5660,77100,5,3,5500,0.02,,2026-06-03 3:22:32,"AI Overview,People also ask,Image pack,Video preview",27000,68000,355000,2016-06-16,"2545, 2113, 2101, 2098, 2112, 3135, 2535, 2137, 1624, 8770, 5963, 5923, 5955, 6072, 6060, 5898, 5967, 4864, 5012, 5003, 4442, 5091, 5176, 5085","4607, 4155, 4317, 3945, 4199, 4070, 4093, 4086, 3514, 4198, 4286, 4219"
509,دعاء للمريض يوم الجمعة,680,1470,3250,10,0,400,0.04,,2026-05-25 3:58:33,"AI Overview,Thumbnail,Video preview,People also ask,Image pack,Sitelinks",800,250,350,2019-04-26,"291, 411, 501, 531, 546, 531, 533, 675, 444, 243, 372, 378, 244, 308, 475, 456, 444, 450, 388, 401, 409, 373, 317, 348","411, 385, 425, 428, 418, 404, 425, 400, 409, 372, 317"
510,دعاء الوظيفه,680,1240,4400,6,0,300,0.2,,2026-05-17 23:08:07,"AI Overview,People also ask,Image pack,Video preview",350,250,1000,2018-05-28,"751, 341, 422, 348, 360, 371, 281, 292, 251, 834, 275, 271, 641, 271, 259, 225, 215, 175, 186, 174, 157, 758, 118, 215","543, 225, 203, 190, 184, 148, 192, 155, 144, 744, 105, 202"
511,دعاء الركوع,680,1480,2600,4,2,600,0.06,0.78,2026-06-03 6:12:57,"AI Overview,People also ask,Image pack,Video preview",900,200,700,2015-09-08,"277, 275, 223, 311, 313, 326, 339, 333, 393, 3146, 311, 303, 218, 226, 221, 396, 399, 308, 394, 368, 411, 3596, 114, 286","220, 232, 255, 446, 458, 336, 449, 403, 446, 3632, 16, 321"
512,دعاء الاستغفار,680,2420,18100,5,0,2600,0.02,0.71,2026-06-07 19:21:36,"AI Overview,Thumbnail,People also ask,Video preview,Image pack",18000,250,2800,2015-09-05,"2439, 2430, 2448, 2409, 2941, 2442, 2330, 2916, 2384, 3669, 2429, 2436, 2315, 2422, 2434, 2437, 2851, 2322, 2936, 2691, 2594, 3124, 2972, 2687","2679, 2653, 2722, 2527, 2837, 2762, 2790, 2794, 2694, 3225, 3073, 2789"
513,دعاء الصلاه,680,3560,2070,4,0,350,0.02,,2026-06-05 23:42:06,"AI Overview,Thumbnail,Image pack,People also ask,Video preview",900,80,300,2015-10-07,"413, 354, 368, 363, 431, 370, 389, 383, 365, 550, 232, 305, 289, 316, 301, 297, 292, 312, 376, 325, 321, 408, 421, 317","313, 330, 317, 309, 326, 317, 336, 325, 320, 407, 420, 316"
514,دعاء يشرح القلب ويزيل الهم,670,1610,4600,5,5,500,0.08,,2026-05-26 12:01:14,"AI Overview,People also ask,Image pack,Video preview",1200,350,500,2015-11-13,"799, 644, 823, 571, 625, 622, 631, 512, 456, 999, 558, 570, 357, 465, 540, 372, 524, 532, 569, 535, 497, 648, 619, 578","548, 540, 558, 514, 553, 553, 550, 546, 508, 659, 630, 589"
515,دعاء العيد,670,4200,120,3,0,500,0.01,0.49,2026-05-28 5:38:32,"AI Overview,People also ask,Video preview,Image pack",2700,10,10,2015-09-08,"1227, 32, 23, 24, 23, 33, 31, 47, 60, 4227, 341, 111, 1074, 25, 33, 34, 28, 24, 46, 259, 270, 3352, 774, 11","1095, 94, 252, 229, 202, 189, 202, 331, 332, 1153, 1460, 741"
516,دعاء الهداية,670,3180,12600,11,0,350,0.03,0.69,2026-05-18 10:46:10,"AI Overview,People also ask,Image pack",2100,200,1100,2015-09-11,"667, 457, 459, 460, 549, 542, 515, 533, 509, 840, 321, 341, 424, 350, 344, 290, 286, 282, 338, 346, 338, 435, 426, 393","365, 404, 334, 297, 300, 304, 311, 343, 335, 433, 424, 391"
517,تحصين النفس اليومي,670,900,1200,2,0,900,0.09,,2026-05-23 8:12:06,"Image pack,People also ask,Video preview,Sitelinks",1400,800,1000,2016-08-04,"506, 516, 516, 496, 1530, 740, 551, 1205, 958, 311, 696, 741, 830, 762, 1325, 1573, 790, 814, 626, 1279, 1033, 385, 770, 816","905, 837, 1400, 1648, 865, 889, 700, 1354, 1108, 460, 845, 891"
518,دعاء لِلْمَيِّتِ وقت نزول المطر تويتر,660,1210,790,8,0,150,,,2026-05-16 15:31:17,"AI Overview,Thumbnail,People also ask,Image pack",400,50,100,2022-02-18,,
519,دعاء للطفل الميت,660,1180,3600,7,0,400,,0.98,2026-05-20 5:55:09,"AI Overview,People also ask,Video preview,Image pack",700,350,500,2015-09-01,"414, 346, 311, 330, 273, 340, 338, 414, 323, 618, 449, 350, 351, 345, 351, 420, 330, 347, 346, 400, 475, 414, 426, 382","388, 381, 375, 336, 357, 390, 393, 404, 480, 415, 430, 387"
520,دعاء رمضان,660,4250,139000,4,0,10000,0.03,0.65,2026-06-02 6:21:55,"People also ask,Image pack,Video preview",43000,11000,27000,2015-09-27,"1589, 96, 84, 83, 98, 96, 129, 1767, 23497, 142499, 1597, 162, 129, 86, 84, 83, 85, 98, 1587, 4274, 63883, 54504, 71, 99","51, 43, 37, 31, 27, 23, 19, 16, 26979, 145289, 10, 9"
521,دعاء لاختي المتوفية,660,3090,3900,10,0,500,0.02,,2026-05-23 13:20:08,"AI Overview,People also ask,Image pack,Video preview",2500,250,500,2016-02-10,"898, 710, 720, 706, 612, 596, 556, 585, 473, 864, 583, 590, 623, 454, 545, 431, 452, 456, 597, 493, 475, 534, 550, 625","557, 606, 544, 535, 518, 497, 536, 493, 475, 534, 550, 625"
522,دعاء العمرة,650,850,157000,3,2,28000,0.04,0.9,2026-06-07 19:44:11,"AI Overview,Thumbnail,People also ask,Video preview,Image pack",35000,49000,54000,2015-09-20,"6996, 22830, 22857, 18349, 20125, 23741, 22085, 27597, 22853, 96135, 13470, 15082, 6957, 23729, 27012, 20175, 22823, 26122, 24875, 30382, 26253, 101471, 13560, 19079","9757, 26580, 30423, 22968, 25588, 28908, 27677, 33202, 29089, 104324, 16430, 21966"
523,دعاء لغزة,650,14050,57950,13,0,200,,,2026-05-12 3:57:11,"AI Overview,Thumbnail,Video preview,People also ask,Image pack",3500,250,5300,2018-10-27,"989, 380, 346, 187, 704, 298, 357, 254, 25, 1005, 1070, 328, 190, 791, 395, 271, 47, 11, 38, 14, 24, 8, 5, 3",
524,دعاء النصر,650,2010,1750,6,0,300,0.02,0.97,2026-05-02 3:26:44,"AI Overview,People also ask,Video preview",1300,90,200,2015-09-10,"363, 369, 298, 449, 448, 441, 814, 505, 344, 436, 342, 419, 272, 266, 254, 258, 342, 288, 358, 284, 252, 327, 353, 385","329, 321, 283, 279, 386, 302, 344, 283, 251, 326, 352, 384"
525,خلفيات دعاء,640,1300,150,3,0,600,0.03,0.23,2026-05-12 17:03:26,"Image pack,Thumbnail,Video preview",1200,0,10,2015-09-02,"895, 882, 829, 797, 780, 775, 781, 637, 635, 952, 649, 631, 636, 658, 648, 629, 635, 521, 531, 500, 529, 720, 604, 601","573, 569, 524, 538, 581, 558, 540, 499, 528, 719, 603, 600"
526,دعاء البركة,640,1700,1400,6,0,200,0.05,,2026-05-26 22:36:22,"AI Overview,People also ask,Image pack,Video preview",500,250,250,2015-10-13,"415, 285, 281, 291, 296, 262, 252, 223, 170, 365, 174, 191, 248, 212, 239, 235, 212, 182, 192, 189, 191, 216, 229, 227","211, 230, 194, 189, 195, 182, 187, 177, 180, 206, 219, 218, 203"
527,دعاء القلق والتوتر,640,2150,14550,11,10,700,0.05,,2026-06-08 9:49:59,"AI Overview,Thumbnail,Image pack,People also ask,Video preview",1200,50,70,2015-11-17,"653, 727, 961, 957, 966, 967, 949, 746, 728, 733, 941, 735, 655, 656, 748, 734, 732, 648, 724, 681, 650, 650, 683, 694","670, 685, 710, 724, 729, 722, 733, 701, 671, 670, 704, 715"
528,دعاء للجنين,620,1820,9700,8,0,450,0.02,,2026-05-09 23:20:32,"AI Overview,People also ask,Image pack",700,500,1200,2015-09-07,"869, 488, 606, 402, 473, 397, 371, 558, 425, 862, 452, 571, 695, 426, 374, 345, 361, 346, 351, 400, 403, 509, 519, 488","470, 472, 396, 359, 368, 352, 361, 389, 395, 501, 512, 483"
529,دعاء للوالدين المتوفين يوم الجمعة,610,1950,700,2,0,600,0.07,,2026-06-02 7:14:58,"Video preview,Image pack",1900,250,700,2020-02-21,"1224, 996, 1250, 777, 1030, 1021, 995, 1217, 774, 1001, 550, 784, 522, 667, 674, 548, 669, 545, 801, 645, 577, 640, 629, 711","778, 697, 689, 688, 671, 652, 725, 655, 586, 650, 638, 721"
530,الدعاء المستجاب,610,1790,41000,3,2,2600,0.02,0.84,2026-06-02 22:52:51,"AI Overview,Thumbnail,Image pack,People also ask,Video preview",14000,600,900,2015-09-01,"3127, 2805, 3053, 2353, 2106, 2388, 2174, 2185, 2242, 2390, 3130, 2954, 3120, 2798, 3046, 2346, 2100, 2382, 2169, 2180, 2237, 2385, 3125, 2950","3116, 2794, 3043, 2343, 2097, 2379, 2166, 2178, 2235, 2383, 3123, 2948"
531,دعاء زيارة المريض,610,1250,950,4,0,600,0.05,0.73,2026-05-20 20:45:31,"AI Overview,People also ask,Image pack,Video preview",1200,200,300,2015-09-10,"526, 627, 652, 744, 945, 740, 730, 707, 576, 638, 943, 660, 536, 593, 531, 606, 728, 705, 742, 588, 471, 613, 704, 533","434, 534, 540, 584, 580, 658, 646, 659, 621, 641, 646, 641"
532,دعاء مستجاب يوم الجمعة لقضاء الحاجة,610,1250,700,2,0,600,0.02,,2026-06-01 5:48:18,"AI Overview,Thumbnail,People also ask,Image pack,Video preview",1200,200,350,2021-01-28,"674, 709, 811, 568, 710, 548, 526, 560, 437, 307, 258, 395, 169, 311, 310, 477, 612, 814, 859, 797, 773, 840, 669, 718","638, 595, 626, 646, 666, 609, 701, 680, 651, 724, 552, 605"
533,دعاء قبول العمرة,610,1000,1600,4,0,200,1.2,,2026-05-18 7:30:05,"AI Overview,People also ask,Video preview,Image pack",300,350,400,2016-05-14,,
534,دعاء كثرة التفكير,610,1450,250,3,0,100,,,2026-05-22 7:57:16,"AI Overview,Thumbnail,Video preview,Image pack,People also ask",250,20,70,2016-11-05,,
535,يامن تحل به عقد المكاره,610,3720,7800,7,0,400,0.03,,2026-04-30 21:18:39,"People also ask,Video preview",1600,150,1000,2015-10-06,"314, 209, 259, 297, 331, 261, 256, 313, 206, 260, 315, 387, 331, 351, 294, 343, 483, 566, 457, 457, 385, 431, 425, 445","516, 428, 406, 397, 370, 415, 388, 392, 320, 367, 362, 383"
536,دعاء لنزول الدورة,610,4740,900,3,0,20,,,2026-05-06 5:26:54,"AI Overview,Video preview,Thumbnail,People also ask",30,150,200,2020-04-18,,
537,تعزيه,610,1480,21500,4,1,7500,,0.78,2026-06-09 5:08:16,"AI Overview,Thumbnail,People also ask,Image pack,Video preview",17000,4400,6100,2015-09-02,"7924, 7864, 8191, 7349, 7403, 7175, 7383, 7619, 7567, 7389, 7016, 7444, 7919, 7860, 8187, 7346, 7400, 7172, 7381, 7617, 7565, 7388, 7015, 7443","7918, 7859, 8186, 7345, 7400, 7172, 7380, 7617, 7565, 7387, 7015, 7442"
538,دعاء التوبة من مشاهدة المحرمات,600,2810,3400,4,2,500,,,2026-05-20 20:50:23,"AI Overview,People also ask,Image pack",2000,250,800,2019-04-14,"397, 500, 337, 337, 405, 418, 417, 425, 413, 527, 518, 526, 403, 414, 503, 493, 596, 473, 504, 519, 506, 519, 508, 550","553, 574, 563, 558, 566, 564, 571, 587, 574, 587, 576, 618"
539,دعاء شهر شعبان,600,3750,1150,4,0,300,,,2026-05-18 20:31:49,"AI Overview,Video preview,People also ask,Image pack",2500,0,30,2016-05-10,"5, 5, 10, 5, 5, 5, 20, 1359, 2298, 41, 5, 5, 5, 5, 6, 5, 5, 5, 17, 424, 1403, 1500, 378, 217","254, 247, 215, 275, 256, 235, 253, 467, 1446, 1543, 422, 261"
540,دعاء لامي وابي المتوفين,600,1600,100,1,0,600,0.06,,2026-05-17 15:56:47,"AI Overview,People also ask,Image pack,Video preview,Thumbnail",1600,90,100,2016-03-26,"826, 576, 663, 481, 661, 639, 536, 644, 540, 1239, 447, 559, 606, 562, 640, 534, 553, 538, 657, 621, 576, 713, 729, 611","665, 657, 629, 594, 655, 619, 637, 658, 612, 750, 766, 647"
541,دعاء خروج المنزل,600,3800,1300,1,1,2600,0.04,0.57,2026-05-26 8:30:45,"AI Overview,People also ask,Video preview,Image pack",2900,2400,18000,2015-10-01,"1615, 1940, 2405, 2879, 3003, 2315, 2457, 2485, 2056, 1707, 2439, 2466, 1676, 2433, 2525, 2695, 3049, 2859, 2518, 2479, 2341, 3555, 2152, 2309","2523, 2220, 2383, 2621, 3756, 2994, 2654, 2638, 2490, 3780, 2288, 2455"
542,دعاء التوبة من العادة سرية,600,8880,32200,9,0,400,,,2026-06-06 3:30:23,"AI Overview,Thumbnail,People also ask,Image pack",1800,200,900,2020-05-17,"421, 445, 429, 417, 341, 354, 362, 366, 285, 519, 455, 536, 339, 456, 462, 440, 357, 230, 372, 349, 356, 374, 380, 404","367, 372, 371, 373, 368, 373, 385, 391, 395, 416, 420, 446"
543,من ثمرات المحافظة على دعاء الخروج من المنزل:,600,600,400,2,0,450,0.09,,2026-05-28 12:05:49,"AI Overview,Video preview",450,200,200,2021-10-24,"5, 5, 27, 814, 4102, 36, 10, 5, 5, 5, 5, 5, 5, 5, 5, 152, 3294, 158, 83, 473, 441, 584, 449, 457","381, 543, 598, 850, 2904, 772, 480, 557, 525, 669, 533, 541"
544,دعاء تيسر الامور,600,5000,50,1,0,30,,,2026-06-01 17:48:26,"AI Overview,Thumbnail,Image pack,People also ask,Video preview",80,1700,4400,2015-09-13,"53, 42, 92, 83, 88, 37, 77, 64, 27, 45, 81, 92, 22, 26, 26, 28, 3, 16, 11, 21, 12, 22, 52, 30",
545,دعاء الحرب والخوف,600,7100,350,1,0,200,,,2026-05-18 19:00:35,"AI Overview,Thumbnail,Video preview,Image pack,People also ask",2500,150,700,2019-05-20,,
546,دعاء الاستحفاظ,600,600,400,2,0,600,,,2026-05-22 21:10:12,"Image pack,People also ask,Video preview,Sitelinks",600,200,200,2015-09-02,"524, 731, 592, 596, 592, 741, 604, 602, 556, 516, 742, 604, 574, 617, 690, 724, 707, 528, 453, 558, 518, 531, 509, 539","578, 652, 633, 608, 567, 562, 560, 594, 554, 567, 545, 575"
547,دعاء للحامل,600,1900,300,1,0,600,0.02,0.83,2026-05-22 6:15:40,"AI Overview,People also ask,Video preview,Image pack",1900,70,300,2015-09-07,"938, 801, 813, 817, 955, 786, 686, 843, 564, 1148, 593, 783, 726, 590, 565, 585, 740, 435, 603, 589, 546, 675, 642, 619","620, 626, 587, 571, 601, 567, 578, 586, 542, 671, 639, 615"
548,أدعية الطواف حول الكعبة,600,800,1800,1,0,2700,0.02,1.37,2026-05-28 3:26:34,"AI Overview,People also ask,Image pack,Video preview",3100,51000,52000,2015-09-14,"2268, 1918, 2307, 1971, 2364, 1938, 1840, 3409, 2562, 8074, 1527, 1295, 2005, 1309, 1926, 2343, 3002, 1949, 2331, 3749, 2699, 8258, 1462, 1436","1925, 1288, 1935, 2307, 2776, 1608, 2021, 3360, 2350, 7914, 1130, 1114"
549,دعاء الضيق والهم,600,4100,4400,2,1,1000,0.02,0.66,2026-06-02 23:12:51,"AI Overview,Thumbnail,People also ask,Image pack,Video preview",1900,3900,6100,2015-10-06,"2014, 1652, 2074, 1654, 1646, 854, 723, 840, 743, 583, 715, 599, 477, 480, 559, 794, 1611, 1316, 1092, 1251, 1216, 1450, 1218, 1281","1287, 1311, 1376, 1328, 1305, 1213, 1211, 1309, 1274, 1509, 1276"
550,دعاء بعد صلاة الفجر بأربعين ألف حسنة,600,1000,300,1,0,600,0.03,,2026-06-07 8:41:24,"AI Overview,Thumbnail,Image pack,People also ask,Video preview",1000,200,300,2021-05-03,"217, 181, 149, 118, 153, 149, 193, 134, 90, 152, 97, 122, 76, 1165, 1168, 992, 864, 1017, 1398, 155, 1, 1, 0, 2",
551,دعاء مجرب لجلب الرزق بسرعة البرق مكرر 100 مرة,600,4000,800,1,3,600,0.02,,2026-06-06 9:33:52,"AI Overview,Thumbnail,People also ask,Video preview,Image pack",4000,250,800,2021-12-24,"487, 409, 420, 425, 538, 433, 422, 351, 285, 655, 420, 521, 436, 429, 432, 432, 513, 777, 649, 642, 614, 666, 683, 623","641, 651, 628, 623, 643, 656, 642, 636, 608, 661, 677, 617, 636"
552,دعاء يوم الجمعة عند الشيعة,600,3640,6300,5,0,200,,,2026-05-04 16:14:13,"People also ask,Video preview",400,300,1200,2020-01-31,,
553,دعاء صباحي,600,2410,12700,3,0,1300,0.02,0.76,2026-06-07 5:14:26,"People also ask,Video preview,Image pack,Thumbnail",4100,200,250,2015-09-03,"1023, 1046, 1517, 1522, 1564, 1557, 1591, 1566, 1274, 815, 1316, 1290, 1067, 1064, 1084, 1524, 1517, 1496, 1256, 1399, 1288, 1195, 1164, 1243","1149, 1087, 1155, 1296, 1421, 1281, 1282, 1343, 1229, 1138, 1106, 1186"
554,دعاء رمضان مكتوب طويل,580,4950,1700,2,0,500,0.03,,2026-05-28 15:14:38,"AI Overview,Image pack,People also ask,Video preview,Thumbnail,Sitelinks",4600,200,700,2020-05-01,"24, 8, 8, 18, 10, 19, 19, 82, 1498, 11393, 58, 36, 37, 11, 12, 10, 19, 21, 19, 801, 942, 2769, 1378, 907","883, 899, 938, 958, 998, 979, 1014, 1117, 1259, 3085, 1695, 1224"
555,دعاء الضحى,580,1250,10950,7,0,1400,0.03,,2026-06-06 5:03:14,"Image pack,People also ask,Video preview,Videos",2400,800,1400,2015-10-05,"1742, 1429, 1816, 1796, 1802, 1770, 1749, 1377, 1165, 1366, 1421, 1456, 1685, 1313, 1535, 1525, 1534, 1160, 1211, 1236, 1146, 1214, 1201, 1245","1282, 1217, 1253, 1304, 1293, 1262, 1257, 1262, 1170, 1240, 1226, 1271"
556,دعاء الشفاء,580,3540,1432000,12,2,10000,0.02,0.63,2026-05-28 11:39:37,"AI Overview,People also ask,Image pack,Video preview,Thumbnail",133000,52000,140000,2015-09-02,"13347, 12173, 11371, 10418, 11589, 11094, 12111, 13629, 12064, 15582, 10567, 10573, 10872, 10196, 9743, 9275, 10140, 10136, 10406, 11006, 10183, 11415, 9217, 9617","9901, 9855, 9638, 9244, 9781, 9788, 10033, 10172, 9800, 10239, 9864, 9537"
557,دعاء طلب الحاجة,580,4700,5500,9,0,450,0.01,,2026-05-27 8:10:04,"AI Overview,Thumbnail,Video preview,Image pack,People also ask",4000,150,400,2015-10-15,"801, 639, 639, 611, 608, 594, 565, 691, 553, 751, 414, 488, 462, 487, 627, 450, 419, 425, 456, 453, 413, 473, 489, 482","469, 537, 477, 431, 425, 418, 458, 448, 409, 469, 486, 479"
558,دعاء دخول شهر شعبان,570,3600,240,4,0,100,,,2026-05-16 12:55:55,"People also ask,Image pack,Video preview",500,60,60,2016-05-06,,
559,دعاء الكروان,570,3150,1660,6,1,500,0.02,0.55,2026-05-15 2:35:49,"People also ask,Thumbnail,Knowledge panel",2400,100,500,2015-09-12,"620, 606, 477, 407, 389, 388, 332, 659, 379, 333, 374, 378, 375, 643, 627, 492, 502, 383, 492, 488, 443, 457, 444, 482","508, 576, 487, 422, 365, 422, 407, 482, 437, 452, 438, 476"
560,دعاء للام والاب,560,810,460,6,0,500,0.04,0.51,2026-05-14 14:00:14,"AI Overview,People also ask,Image pack",700,30,30,2015-09-22,"1331, 620, 637, 518, 630, 600, 499, 522, 504, 1684, 253, 404, 621, 413, 493, 323, 388, 398, 416, 434, 425, 705, 732, 562","550, 631, 412, 320, 411, 408, 398, 417, 408, 688, 715, 545"
561,لبيك اللهم عمرة فإن حبسني حابس فمحلي حيث حبستني,560,670,5000,4,0,1300,,,2026-06-06 12:07:58,"AI Overview,Thumbnail,People also ask,Image pack,Video preview",1600,2400,2400,2015-10-29,"787, 1096, 1014, 1028, 1257, 1309, 1049, 1062, 796, 4683, 635, 760, 347, 960, 1169, 956, 1090, 1355, 1373, 900, 1077, 4960, 556, 791","340, 1099, 1360, 997, 1143, 1489, 1480, 757, 960, 4841, 439, 676"
562,اللهم مع نزول المطر,560,1700,800,3,0,350,,,2026-05-30 5:19:08,"Image pack,People also ask",400,350,350,2018-09-05,"95, 288, 1592, 259, 901, 529, 119, 1191, 1043, 1709, 228, 119, 14, 77, 676, 102, 50, 179, 1050, 685, 358, 610, 495, 289","247, 360, 690, 263, 307, 383, 528, 694, 362, 618, 501, 293"
563,دعاء للزوجة والاولاد,550,750,300,2,0,250,0.05,0.9,2026-05-03 0:45:32,"AI Overview,People also ask",350,100,150,2015-09-28,"581, 207, 215, 177, 254, 257, 213, 254, 166, 604, 168, 214, 406, 178, 264, 212, 203, 204, 267, 229, 211, 294, 285, 230","318, 257, 251, 221, 224, 234, 227, 226, 208, 292, 282, 227"
564,دعاء العام الجديد,550,4190,2500,3,0,500,0.05,1.13,2026-06-06 13:51:35,"AI Overview,Thumbnail,Image pack,People also ask,Video preview",3700,100,700,2015-10-07,"42, 2954, 323, 46, 44, 47, 2593, 604, 46, 29, 25, 18, 2438, 33, 179, 35, 23, 20, 2085, 580, 351, 343, 340, 354","2281, 529, 318, 401, 360, 364, 1315, 642, 578, 577, 576, 575"
565,دعاء لصديقي,550,1500,850,4,0,350,0.15,,2026-05-09 22:35:42,"AI Overview,People also ask,Image pack,Video preview",900,150,200,2015-11-05,"482, 396, 473, 383, 384, 397, 302, 394, 313, 1236, 192, 259, 349, 393, 395, 268, 314, 316, 328, 424, 331, 744, 133, 351","410, 388, 378, 344, 379, 401, 416, 418, 422, 357, 392, 432"
566,دعاء لحبيبتي,540,2000,7350,15,0,800,,0.8,2026-05-29 1:12:21,"AI Overview,People also ask,Image pack,Video preview",2600,0,0,2015-09-10,"1252, 812, 1055, 822, 829, 830, 806, 812, 780, 2358, 672, 711, 749, 694, 794, 688, 683, 647, 789, 736, 743, 1470, 635, 817","722, 751, 729, 902, 779, 798, 870, 858, 835, 1123, 962, 811"
567,حزب البحر,540,7380,54000,5,0,2400,0.02,1.2,2026-06-08 9:57:20,"People also ask,Image pack,Video preview",40000,800,23000,2015-09-16,"2453, 2090, 3931, 4737, 3775, 3717, 3748, 3029, 2430, 2967, 2921, 2982, 2842, 2358, 2325, 2330, 2939, 2298, 2455, 2366, 1873, 1967, 1699, 1673","1560, 1376, 1526, 1531, 1754, 1780, 1684, 1551, 1195, 1233, 1053, 1003"
568,اعوذ بوجه الله العظيم,540,610,3000,4,0,2900,,0.63,2026-05-30 5:12:03,"Image pack,People also ask,Video preview",3100,600,700,2015-12-16,"1496, 1901, 1929, 3960, 2849, 2524, 2391, 1890, 2489, 3644, 2943, 3002, 2882, 3531, 3218, 3216, 2921, 2524, 2392, 1890, 2490, 3644, 2944, 3002","2882, 3531, 3218, 3216, 2921, 2525, 2392, 1890, 2490, 3644, 2944, 3002"
569,ادعية مستجابة,540,2210,86350,7,4,3200,0.01,0.79,2026-06-03 3:21:45,"AI Overview,Thumbnail,Image pack,People also ask,Video preview",19000,40000,114000,2015-09-01,"4946, 3157, 3677, 3097, 2961, 3061, 2893, 3260, 2965, 3452, 5010, 4314, 4375, 2789, 3244, 2729, 2605, 2689, 2538, 2856, 2594, 3016, 4369, 3756","3803, 2420, 2810, 2360, 2249, 2318, 2183, 2452, 2222, 2579, 3729, 3199"
570,دعاء للاخوان,540,970,2000,5,0,350,0.05,0.5,2026-05-28 9:32:06,"AI Overview,People also ask,Image pack,Video preview",450,250,400,2015-09-23,"1070, 382, 385, 304, 386, 381, 364, 370, 276, 1084, 188, 299, 575, 292, 377, 244, 285, 232, 287, 380, 345, 672, 279, 459","432, 229, 483, 399, 392, 362, 414, 447, 451, 431, 438"
571,دعاء المسافر مستجاب,540,1630,1050,3,0,350,0.03,0.89,2026-06-05 21:57:04,"AI Overview,Thumbnail,People also ask,Image pack,Video preview",1100,100,350,2015-09-14,"604, 685, 611, 417, 417, 494, 399, 491, 399, 498, 333, 295, 325, 490, 488, 329, 306, 393, 327, 382, 289, 326, 343, 296","362, 438, 466, 303, 296, 315, 304, 343, 259, 292, 308, 265"
572,دعاء ٥ رمضان,540,4170,2080,7,0,100,,,2026-05-13 14:04:43,"People also ask,Image pack,Thumbnail,Video preview",400,70,70,2017-05-31,,
573,الدعاء عند الركن اليماني,540,640,500,2,0,150,,,2026-05-20 18:35:49,"AI Overview,People also ask,Image pack,Video preview",200,250,250,2016-01-20,"120, 143, 142, 118, 117, 149, 142, 176, 142, 405, 115, 219, 121, 178, 180, 120, 143, 164, 177, 200, 194, 240, 223, 193","183, 197, 217, 198, 198, 211, 213, 228, 223, 269, 252"
574,دعاء سجود الشكر,540,600,450,2,2,500,0.04,0.84,2026-05-18 0:12:33,"AI Overview,People also ask,Image pack",500,200,200,2015-09-16,"649, 506, 510, 509, 497, 486, 661, 640, 428, 862, 464, 566, 565, 429, 427, 422, 437, 385, 435, 490, 452, 590, 673, 737","571, 497, 498, 318, 342, 470, 499, 478, 441, 576, 662, 725"
575,دعاء السعادة وراحة البال,540,1360,1600,4,0,400,0.05,,2026-05-27 0:16:22,"AI Overview,People also ask,Video preview,Image pack",1100,300,500,2015-11-21,"482, 477, 395, 447, 557, 492, 557, 558, 562, 1114, 413, 395, 355, 404, 397, 338, 329, 327, 401, 372, 345, 458, 415, 376","413, 394, 350, 338, 359, 360, 351, 357, 331, 443, 401, 362"
576,دعاء اخر ليلة من رمضان,530,2100,1900,4,0,300,,,2026-06-05 14:33:07,"AI Overview,Thumbnail,People also ask,Video preview,Image pack",1000,250,600,2017-06-23,"141, 194, 181, 203, 166, 191, 159, 164, 164, 128, 780, 1030, 155, 208, 195, 216, 180, 205, 173, 178, 178, 142, 794, 1044","169, 222, 209, 230, 194, 219, 187, 192, 192, 156, 808, 1058"
577,دعاء الفجر قصير,530,3640,950,2,0,500,0.03,,2026-06-05 3:51:08,"AI Overview,People also ask,Image pack,Video preview",3600,100,600,2016-11-21,"585, 696, 587, 603, 735, 744, 752, 738, 606, 610, 494, 503, 509, 863, 770, 743, 573, 577, 592, 477, 357, 330, 261, 275","581, 657, 770, 613, 534, 667, 575, 470, 324, 327, 259, 273"
578,دعاء الاستخارة للعمل,530,2050,3100,2,1,900,0.04,0.68,2026-06-07 5:09:19,"AI Overview,Thumbnail,People also ask,Image pack,Video preview",4000,1600,3100,2015-09-05,"923, 1108, 1694, 1153, 1174, 1133, 1182, 932, 679, 683, 929, 842, 633, 1003, 996, 982, 751, 735, 1002, 905, 817, 902, 842, 929","905, 902, 1071, 940, 949, 895, 891, 907, 820, 904, 841"
579,دعاء على شخص قهرني,530,2400,10000,6,3,200,,,2026-05-16 7:23:24,"Featured snippet,People also ask,Image pack,Video preview",600,1300,5400,2016-08-17,"113, 111, 106, 86, 87, 70, 88, 73, 85, 199, 104, 91, 130, 104, 103, 102, 165, 161, 261, 233, 235, 274, 278, 239","233, 224, 208, 206, 209, 207, 225, 211, 216, 253, 260, 219"
580,دعاء الاستوداع,530,930,550,7,0,400,0.03,0.58,2026-05-07 12:41:49,People also ask,600,60,80,2015-09-08,"490, 472, 517, 658, 490, 478, 427, 428, 360, 350, 415, 418, 360, 360, 425, 427, 415, 353, 348, 362, 359, 380, 353, 372","380, 375, 398, 431, 387, 355, 357, 362, 359, 380, 353, 372, 380"
581,دعاء الخروج من المدينة المنورة,520,520,600,3,0,350,,,2026-05-18 8:12:53,"AI Overview,People also ask,Image pack",350,200,200,2015-09-25,"351, 240, 306, 274, 364, 513, 469, 553, 429, 467, 253, 240, 278, 189, 338, 220, 314, 340, 552, 528, 374, 313, 21, 225",
582,دعاء قبل المذاكره,520,640,26400,3,1,4800,,0.73,2026-05-30 4:56:50,"AI Overview,Image pack,People also ask,Video preview",9200,3900,9300,2015-09-05,"5055, 1005, 1002, 5525, 7924, 6094, 9064, 2189, 7192, 1856, 5118, 8709, 4329, 1452, 1346, 2664, 6525, 3683, 5893, 5048, 7228, 5115, 5711, 7522","5384, 2913, 3086, 4714, 7805, 7783, 10049, 5481, 7661, 5549, 6144, 7956"
583,دعاء شهر رجب مكتوب,520,1780,3750,3,0,150,,,2026-05-17 5:31:26,"People also ask,Image pack,Video preview",1000,450,2300,2016-04-07,,
584,دعاء لفاعل الخير,520,1350,1780,7,0,200,0.04,,2026-06-06 4:01:02,"AI Overview,People also ask,Video preview,Image pack",600,50,80,2015-12-15,,
585,دعاء الحرم,520,630,14600,9,0,700,0.03,,2026-05-22 21:02:38,"AI Overview,Image pack,People also ask,Video preview",700,3000,3000,2015-12-05,"347, 463, 466, 378, 451, 634, 494, 626, 600, 3124, 289, 441, 336, 518, 638, 429, 414, 476, 471, 668, 683, 2446, 448, 667","503, 585, 710, 569, 538, 608, 585, 743, 730, 1472, 939, 620"
586,دعاء القبول,510,1380,4900,7,0,200,,,2026-05-28 22:06:30,"AI Overview,People also ask,Image pack,Video preview",1000,200,700,2017-03-17,,
587,دعاء جبل احد,510,520,510,2,0,500,0.03,,2026-06-03 8:06:40,"AI Overview,Thumbnail,Image pack,People also ask,Video preview",500,10,10,2016-05-01,"258, 189, 243, 304, 323, 418, 503, 509, 489, 1128, 577, 332, 246, 348, 419, 503, 500, 549, 592, 637, 541, 818, 488, 203","275, 329, 399, 460, 469, 555, 636, 655, 583, 1066, 507, 231"
588,اللهم اني عبدك ابن عبدك,510,640,8700,6,0,5000,0.02,0.76,2026-06-06 3:11:16,"Image pack,People also ask,Video preview",5400,1100,1500,2015-09-02,"4977, 4388, 4623, 4358, 4631, 4587, 4760, 4360, 4838, 5078, 4863, 5372, 5267, 4678, 4912, 4648, 4921, 4876, 5050, 4650, 5128, 5367, 5153, 5661","5556, 4968, 5202, 4938, 5211, 5166, 5339, 4940, 5418, 5657, 5442, 5951"
589,دعاء عند نزول المطر لقضاء الحوائج عند أهل البيت,510,1760,2000,2,0,500,,,2026-05-14 17:07:58,"AI Overview,People also ask,Image pack,Video preview",1700,200,1200,2021-08-26,"16, 37, 287, 143, 373, 288, 50, 513, 646, 807, 67, 31, 4, 17, 318, 18, 3, 299, 2161, 247, 113, 1410, 495, 0",635
590,دعاء الصفا والمروة في كل شوط,510,580,21500,6,0,9300,0.01,,2026-06-06 11:07:05,"AI Overview,Thumbnail,People also ask,Image pack,Video preview",10000,9700,9900,2016-01-22,"9280, 9366, 10866, 8415, 9997, 10218, 9995, 11725, 10507, 37311, 6700, 6626, 8713, 10500, 9577, 5393, 9002, 9579, 10280, 8989, 6169, 23405, 2815, 2393","3102, 5291, 6384, 4624, 7626, 8424, 7926, 8152, 5652, 24387, 400, 340"
591,دعاء الصباح للاطفال,510,1860,940,2,0,500,0.02,0.57,2026-05-27 22:26:00,"Image pack,Video preview,People also ask",1800,40,900,2016-10-09,"49, 62, 1188, 1728, 833, 563, 662, 455, 302, 195, 541, 300, 69, 109, 455, 1994, 1019, 570, 568, 473, 278, 247, 337, 236","59, 66, 618, 1867, 865, 382, 453, 395, 202, 175, 271, 173"
592,دعاء نوي الصيام,510,10080,140,2,0,20,,,2026-05-09 7:00:28,"AI Overview,Thumbnail,People also ask,Image pack",150,0,80,2016-06-05,,
593,دعاء المولود الجديد أنثى,510,3040,800,3,1,500,0.02,,2026-06-02 16:28:58,"AI Overview,Thumbnail,People also ask,Image pack,Video preview",2800,200,250,2020-03-20,"849, 1022, 644, 851, 846, 667, 647, 696, 573, 605, 605, 604, 514, 601, 595, 594, 669, 454, 495, 471, 469, 489, 556, 456","436, 481, 429, 478, 536, 534, 510, 491, 488, 509, 575, 476"
594,دعاء الاستفتاح في الصلاة,510,3470,38840,10,3,4400,0.02,0.92,2026-06-08 9:46:47,"People also ask,Video preview,Knowledge panel,Image pack",12000,4800,11000,2015-09-01,"4155, 3730, 3196, 3221, 3724, 4225, 4370, 4512, 4596, 5045, 5123, 4879, 4333, 3907, 3374, 3398, 3901, 4403, 4547, 4690, 4774, 5222, 5301, 5056","4510, 4085, 3551, 3576, 4079, 4580, 4725, 4867, 4951, 5400, 5478, 5234"
595,دعاء الوتر لنفسي,510,610,400,2,0,500,0.03,,2026-05-18 22:34:46,"AI Overview,People also ask,Image pack,Video preview",600,200,200,2021-03-16,"850, 765, 752, 768, 883, 1102, 1110, 1069, 799, 2484, 394, 318, 367, 349, 428, 552, 554, 589, 751, 562, 230, 1449, 166, 141","120, 102, 90, 288, 407, 625, 835, 574, 217, 1462, 24, 20"
596,دعاء جميل وقصير,510,910,6200,2,0,2100,0.03,0.51,2026-05-20 12:43:06,"AI Overview,People also ask,Video preview,Image pack",6100,4900,14000,2015-09-18,"2307, 2892, 2946, 2349, 2322, 2321, 1951, 2898, 1988, 4387, 1982, 2006, 1565, 1979, 2332, 1906, 1894, 1889, 2365, 2708, 1968, 2831, 2222, 2413","2108, 2203, 2383, 2329, 2404, 2352, 2707, 2516, 2341, 2852, 2524, 2329"
597,دعاء الم الضرس,510,2520,2550,12,0,250,0.2,,2026-05-07 20:29:27,"AI Overview,People also ask,Video preview",500,80,250,2015-09-18,"311, 313, 302, 260, 298, 312, 298, 322, 288, 370, 288, 305, 308, 264, 255, 253, 254, 211, 241, 241, 229, 260, 256, 257","261, 264, 251, 234, 259, 253, 260, 257, 244, 275, 271"
598,دعاء للحاج,500,2950,2100,3,0,200,,,2026-05-22 12:08:09,"AI Overview,Thumbnail,People also ask,Sitelinks,Image pack",1200,200,700,2015-09-20,"2886, 15, 9, 6, 6, 6, 7, 6, 6, 7, 6, 266, 1758, 6, 7, 7, 5, 6, 5, 6, 5, 5, 52, 245","1640, 159, 192, 107, 98, 99, 149, 151, 149, 151, 151, 230"
599,رب اجعلني مقيم الصلاة ومن ذريتي,500,1300,4250,4,0,1400,0.02,0.67,2026-06-02 17:04:41,"AI Overview,Thumbnail,Image pack,People also ask,Video preview",3500,1100,1500,2015-09-21,"1627, 1319, 1088, 956, 1013, 1184, 998, 1437, 1297, 1676, 1875, 1888, 1636, 1333, 1095, 963, 1016, 1189, 992, 1432, 1310, 1690, 1888, 1901","1648, 1343, 1104, 971, 1025, 1198, 1000, 1442, 1320, 1702, 1901, 1914"
600,دعاء تيسير الأمور الصعبة لشخص,500,3300,2100,1,0,600,0.06,,2026-06-08 11:07:16,"AI Overview,Thumbnail,Image pack,People also ask,Video preview,Sitelinks",2700,1100,16000,2022-07-14,"773, 785, 928, 815, 935, 921, 913, 912, 777, 806, 792, 659, 766, 664, 629, 636, 649, 528, 545, 569, 493, 555, 512, 548","524, 549, 603, 542, 631, 570, 538, 570, 493, 556, 513, 549"
601,دعاء الغيبة,500,1650,550,3,0,150,,,2026-05-22 14:38:48,"AI Overview,Thumbnail,People also ask,Image pack,Video preview",600,100,250,2015-10-13,,
602,دعاء المجلس,500,800,4000,1,0,2800,0.07,0.68,2026-06-08 11:47:45,"AI Overview,Thumbnail,People also ask,Image pack,Video preview,Sitelinks",6100,1100,1200,2015-09-03,"2983, 2938, 2916, 2926, 2941, 2974, 2993, 2956, 2452, 3017, 2969, 2965, 2917, 3035, 3029, 2787, 2625, 2682, 2846, 2737, 2618, 2897, 2846, 2835","2789, 2779, 2769, 2775, 2906, 2865, 2804, 2782, 2668, 2940, 2890, 2879"
603,تهنئة مولود ذكر,500,2620,13500,4,0,14000,0.15,0.67,2026-06-09 3:48:14,"AI Overview,Thumbnail,People also ask,Image pack,Video preview",30000,4800,5300,2015-10-10,"9783, 10761, 10608, 11470, 12201, 12565, 10641, 12678, 11697, 12282, 12249, 12461, 11956, 12934, 12781, 13643, 14374, 14738, 12814, 14851, 13870, 14455, 14422, 14634","14129, 15107, 14954, 15816, 16547, 16911, 14987, 17023, 16042, 16628, 16595, 16807"
604,دعاء للرزق الوفير أقسم بالله مجربة,500,1900,150,1,3,500,,,2026-05-18 14:39:29,"AI Overview,Image pack,People also ask,Video preview",1900,60,150,2020-07-29,"802, 606, 507, 916, 866, 687, 573, 524, 390, 783, 254, 353, 269, 364, 281, 386, 404, 490, 645, 620, 665, 849, 134, 530",
605,دعاء نية العمرة عن شخص متوفى,500,600,1200,1,0,2000,0.5,,2026-05-22 3:46:45,"AI Overview,People also ask,Image pack,Video preview",2400,200,250,2021-10-26,"892, 2168, 2109, 2105, 2255, 2267, 2256, 2661, 2572, 6217, 1211, 660, 816, 1785, 1785, 1514, 1755, 1808, 1801, 2296, 2307, 5904, 345, 293","249, 872, 1086, 849, 1347, 1443, 1323, 2168, 2158, 5768, 134"
606,دعاء استوداع النفس,500,860,330,4,0,500,0.2,,2026-06-03 7:38:53,"Image pack,People also ask,AI Overview",800,30,30,2015-09-07,"501, 550, 569, 550, 695, 545, 555, 505, 462, 393, 546, 504, 473, 484, 492, 528, 520, 447, 483, 471, 459, 467, 464, 458","470, 497, 476, 451, 488, 447, 464, 455, 443, 452, 444, 441"
607,دعاء كسوف الشمس,500,700,200,1,0,500,,,2026-05-22 21:16:20,"AI Overview,Image pack,People also ask,Video preview",700,80,200,2019-02-09,"1024, 58, 211, 331, 1421, 104, 3174, 66, 3, 4, 7, 106, 977, 55, 201, 315, 1355, 99, 3025, 63, 3, 4, 7, 101","930, 53, 191, 300, 1289, 94, 2876, 59, 3, 3, 7, 95"
608,دعاء الهم والحزن والضيق والتعب والغم أهل البيت,500,1820,1050,4,0,500,0.1,,2026-05-29 7:21:35,"AI Overview,People also ask,Image pack,Video preview,Sitelinks",1700,800,2600,2020-12-11,"631, 534, 535, 541, 731, 767, 668, 624, 542, 755, 747, 753, 625, 653, 514, 591, 553, 382, 400, 335, 325, 336, 342, 343","440, 391, 403, 413, 403, 362, 353, 330, 331, 361, 341, 343"
609,دعاء في المطر,500,1100,3500,1,1,1000,0.02,,2026-05-19 19:37:04,"AI Overview,People also ask,Image pack,Video preview",2500,14000,21000,2015-10-18,"188, 340, 2388, 581, 1277, 851, 383, 1766, 2045, 4781, 600, 350, 5, 279, 1615, 234, 16, 635, 2777, 527, 1210, 3653, 1280, 1057","2, 422, 1394, 224, 345, 1322, 1246, 1641, 1237, 3481, 1487"
610,دعاء لمريض السرطان,490,1280,950,3,9,450,,,2026-05-06 21:08:54,"AI Overview,People also ask",1000,150,150,2015-09-13,"655, 539, 548, 544, 648, 609, 417, 425, 416, 595, 387, 536, 493, 446, 399, 428, 503, 410, 514, 464, 461, 504, 488, 469","476, 436, 451, 455, 499, 449, 450, 457, 455, 498, 483, 464"
611,دعاء الاستوداع للابناء,490,780,2300,4,0,350,0.03,,2026-06-06 10:06:55,"AI Overview,Thumbnail,Image pack,People also ask,Video preview",450,400,600,2016-05-07,"430, 424, 333, 504, 500, 512, 484, 490, 429, 419, 434, 451, 450, 433, 351, 626, 413, 270, 230, 292, 271, 258, 212, 320","267, 282, 261, 285, 306, 249, 254, 274, 251, 240, 193, 302"
612,دعاء التوبة من العادة,490,2110,4800,5,0,400,,,2026-05-04 5:40:20,"AI Overview,People also ask",6400,100,1000,2020-06-01,"309, 408, 223, 729, 421, 426, 571, 213, 373, 584, 604, 321, 241, 355, 111, 676, 369, 373, 519, 161, 321, 532, 552, 269","188, 303, 58, 624, 316, 321, 466, 108, 268, 479, 499, 216"
613,دعاء للنوم بسرعة مجرب,490,4430,8400,5,0,350,0.03,,2026-05-05 2:18:11,"AI Overview,People also ask,Video preview",1500,300,1300,2019-06-14,"370, 500, 610, 465, 429, 292, 291, 356, 355, 358, 550, 362, 367, 493, 429, 418, 433, 315, 322, 316, 307, 309, 353, 351","299, 292, 346, 322, 341, 314, 342, 329, 320, 322, 366, 364"
614,كيفية أداء العمرة والأدعية المستحبة,480,690,19700,5,4,5000,0.02,,2026-05-27 21:23:06,"AI Overview,Thumbnail,People also ask,Video preview,Sitelinks",5800,83000,101000,2023-09-05,"3391, 3716, 3715, 4024, 3810, 4146, 4245, 4335, 4400, 5323, 4361, 4590, 4525, 4801, 4752, 5014, 4757, 5051, 5110, 5162, 5190, 6079, 5083, 5281","5185, 5431, 5355, 5591, 5308, 5577, 5614, 5643, 5650, 6518, 5503, 5682"
615,دعاء التوفيق للابناء,480,1910,350,3,0,20,,,2026-05-18 17:10:17,"AI Overview,Thumbnail,Video preview,People also ask,Image pack,Sitelinks",40,40,60,2015-09-05,"52, 19, 67, 43, 45, 46, 11, 7, 46, 10, 5, 35, 24, 13, 33, 22, 41, 11, 28, 2, 3, 6, 5, 7",
616,دعاء الجنه,480,1130,4350,14,0,150,0.05,,2026-05-16 23:47:54,"AI Overview,People also ask,Video preview,Image pack",250,150,300,2015-10-26,,
617,دعاء لجدتي بالشفاء,480,1360,1750,7,0,350,,,2026-06-01 6:04:14,"AI Overview,Thumbnail,People also ask,Video preview,Image pack",900,250,250,2016-11-20,"525, 545, 450, 436, 445, 509, 470, 521, 413, 533, 423, 402, 370, 335, 351, 340, 318, 309, 319, 319, 302, 323, 302, 306","326, 359, 329, 296, 324, 332, 330, 330, 316, 334, 316, 320"
618,دعاء القبول في الوظيفة,480,2180,6600,11,0,100,,,2026-06-07 17:26:34,"AI Overview,Thumbnail,People also ask,Image pack,Video preview",150,250,600,2016-11-10,,
619,دعاء اللهم احفظ بلادنا,470,670,850,5,0,200,0.05,,2026-05-20 5:50:49,"AI Overview,People also ask,Image pack,Video preview",600,0,0,2015-09-05,"214, 111, 141, 3032, 326, 264, 542, 227, 598, 246, 137, 137, 209, 42, 40, 901, 114, 81, 214, 117, 268, 214, 148, 106","106, 80, 85, 653, 166, 126, 220, 120, 276, 220, 152, 109"
620,دعاء بعد قراءة القرآن,470,2040,1800,5,17,300,,,2026-06-09 9:33:46,"AI Overview,Thumbnail,People also ask,Image pack,Video preview",1400,150,500,2016-06-24,"369, 385, 315, 337, 404, 426, 429, 388, 349, 1085, 91, 173, 162, 185, 203, 251, 277, 190, 211, 254, 599, 456, 44, 354",
621,دعاء للاحباب,460,1090,2400,3,0,350,0.04,0.62,2026-05-24 3:38:45,"AI Overview,Image pack,People also ask,Video preview",900,450,800,2015-09-08,"512, 368, 453, 365, 457, 457, 352, 411, 289, 1019, 288, 300, 392, 308, 360, 236, 236, 238, 302, 374, 314, 601, 313, 364","393, 293, 329, 283, 255, 272, 357, 367, 358, 421, 404, 353"
622,دعاء عند الكعبة,460,490,5950,6,0,700,0.02,,2026-05-29 7:35:02,"AI Overview,People also ask,Image pack,Video preview,Thumbnail",800,500,500,2015-11-07,"467, 692, 598, 557, 584, 683, 709, 1058, 713, 1597, 356, 466, 325, 708, 710, 602, 584, 593, 678, 1107, 768, 1667, 425, 577","404, 790, 776, 638, 611, 628, 734, 1174, 836, 1735, 494, 646"
623,دعاء لاخي بالسعاده والرزق تويتر,460,1450,200,4,0,150,,,2026-05-16 13:57:25,"AI Overview,Thumbnail,People also ask,Image pack",350,450,500,2021-04-10,,
624,دعاء جميل,460,2500,7600,3,1,5500,0.02,0.55,2026-05-27 23:13:01,"AI Overview,Image pack,People also ask,Videos,Video preview",27000,200,200,2015-09-01,"6661, 5758, 6420, 5176, 6056, 5934, 5638, 5809, 5439, 11310, 4895, 5327, 4681, 5192, 5471, 4853, 4427, 4670, 5499, 5314, 5186, 11333, 4621, 6644","5892, 6160, 6144, 5508, 4782, 5368, 5790, 5916, 5765, 11891, 5159, 7163"
625,دعاء الشفاء لابي,460,1350,30,3,0,30,,,2026-06-06 11:22:18,"AI Overview,People also ask,Video preview,Image pack",1200,0,0,2016-07-16,,
626,دعاء لمن تحب,460,1500,10700,9,0,1000,0.03,0.7,2026-06-08 13:29:44,"Featured snippet,People also ask,Image pack,Video preview,Thumbnail",2300,1200,2100,2015-09-11,"2113, 1426, 1444, 1130, 1153, 1158, 1127, 1134, 946, 3280, 771, 938, 1267, 945, 963, 790, 792, 629, 787, 1050, 1016, 2148, 772, 1137","1378, 939, 856, 936, 907, 903, 1007, 1094, 980, 1933, 1306, 952"
627,وداع شهر رمضان,450,2300,220,2,0,450,0.08,0.53,2026-05-04 10:24:46,"AI Overview,Thumbnail,Video preview,People also ask",1100,100,350,2015-09-16,"344, 194, 179, 176, 173, 170, 167, 164, 162, 171, 1829, 934, 426, 328, 309, 309, 310, 310, 311, 312, 313, 319, 1309, 824","478, 390, 376, 377, 379, 380, 382, 384, 386, 393, 1336, 860"
628,دعاء القلق,450,2400,300,1,6,450,0.05,0.78,2026-05-07 3:50:31,"AI Overview,People also ask,Video preview",2400,150,300,2015-09-20,"776, 785, 760, 603, 609, 524, 597, 525, 537, 532, 598, 598, 524, 525, 517, 526, 440, 352, 358, 371, 356, 410, 378, 405","387, 368, 436, 390, 382, 354, 376, 358, 343, 398, 364, 392"
629,دعاء شراء شي جديد,450,600,950,2,18,250,,,2026-05-21 4:47:22,"AI Overview,People also ask,Image pack",350,200,500,2015-11-06,"283, 290, 264, 287, 328, 326, 303, 271, 218, 348, 273, 259, 214, 200, 281, 307, 334, 172, 236, 205, 164, 217, 111, 159",
630,دعاء دخول المقبرة,450,1200,1300,1,0,900,0.06,,2026-05-27 16:33:35,"AI Overview,Thumbnail,Video preview,People also ask,Image pack,Sitelinks",1900,2200,2600,2015-10-13,"1368, 1060, 1081, 932, 1093, 1124, 999, 1291, 1220, 1464, 945, 979, 947, 832, 957, 927, 897, 955, 999, 997, 974, 971, 958, 937","951, 995, 948, 887, 948, 936, 1030, 1013, 989, 986, 973, 952"
631,دعاء المنزل الجديد للصديق,450,950,600,2,10,250,0.02,,2026-05-22 9:59:55,"AI Overview,People also ask,Image pack",600,150,300,2021-03-19,"334, 250, 312, 240, 279, 379, 297, 338, 256, 284, 246, 340, 352, 429, 287, 193, 276, 182, 181, 212, 185, 184, 169, 183","210, 206, 187, 170, 191, 187, 208, 222, 195, 193, 179, 193"
632,دعاء استفتاح قيام الليل مكتوب,450,1500,20,1,0,20,,,2026-05-20 11:08:05,"AI Overview,Thumbnail,People also ask,Image pack,Sitelinks",100,250,900,2021-04-10,,
633,دعاء لمرضى السرطان,450,1010,300,2,6,450,,0.91,2026-05-17 15:15:24,"AI Overview,People also ask,Image pack,Video preview",1200,300,300,2015-10-16,"457, 490, 458, 416, 514, 447, 447, 438, 507, 501, 534, 499, 450, 483, 451, 409, 507, 440, 440, 431, 500, 494, 526, 492","443, 476, 444, 402, 500, 433, 433, 425, 493, 487, 519, 485"
634,دعاء الرزق بالعمل,450,600,2000,2,10,400,0.03,0.87,2026-05-27 5:13:14,"AI Overview,People also ask,Video preview",3100,8300,38000,2015-10-26,"1277, 1298, 1337, 1065, 841, 721, 719, 730, 581, 718, 393, 400, 468, 389, 318, 319, 312, 323, 496, 429, 393, 396, 418, 456","469, 556, 470, 438, 419, 394, 425, 419, 384, 387, 408, 445"
635,دعاء السمات مكتوب,450,2400,1250,4,0,150,,1.1,2026-05-26 10:45:42,"Video preview,Image pack",900,90,300,2015-09-04,,
636,جمعة مباركة دعاء,450,6400,250,1,0,800,0.05,0.59,2026-06-08 13:37:28,"Image pack,People also ask,Video preview,Thumbnail",11000,4300,23000,2015-09-04,"854, 899, 1371, 906, 1019, 1656, 1032, 1113, 674, 414, 926, 1118, 601, 697, 1068, 1052, 1302, 834, 651, 734, 568, 610, 641, 625","460, 539, 536, 533, 478, 363, 396, 373, 354, 327, 307, 313"
637,دعاء مساء,450,1150,3100,2,0,350,0.02,,2026-05-25 3:19:19,"AI Overview,People also ask,Image pack,Video preview",900,100,200,2016-05-06,"326, 398, 402, 396, 397, 400, 398, 410, 319, 255, 331, 342, 324, 329, 331, 327, 375, 369, 390, 384, 307, 247, 307, 318","337, 331, 352, 387, 370, 356, 360, 358, 331, 338, 307, 318"
638,دعاء قبل الصلاة,450,2100,350,2,0,350,,,2026-05-14 13:06:37,"AI Overview,People also ask,Image pack",1600,100,200,2015-12-18,"304, 282, 287, 268, 289, 309, 318, 312, 347, 420, 390, 288, 333, 329, 341, 312, 331, 350, 358, 357, 393, 465, 407, 331","378, 369, 378, 357, 375, 393, 402, 400, 432, 498, 458, 381"
639,دعاء النصيب,450,2200,200,1,0,450,0.03,,2026-05-13 4:27:01,"AI Overview,People also ask,Image pack,Video preview",2200,10,200,2016-06-13,"334, 223, 187, 801, 423, 502, 467, 470, 394, 1098, 525, 526, 991, 523, 619, 514, 343, 262, 269, 377, 360, 470, 440, 373","448, 418, 375, 432, 385, 401, 387, 389, 373, 482, 453, 386"
640,دعاء لصلاح الأبناء من القرآن,450,1360,220,2,0,400,,,2026-05-08 3:20:18,"AI Overview,People also ask,Video preview",1300,20,150,2021-04-22,"489, 335, 367, 434, 410, 337, 152, 77, 105, 708, 270, 291, 256, 246, 231, 349, 217, 251, 290, 483, 596, 739, 295, 517",
641,ادعيه ليله النصف من شعبان,450,14010,8200,2,0,150,,,2026-05-24 0:44:17,"Image pack,People also ask,Video preview",1700,20,2500,2019-04-20,,
642,دعاء الكسوف والخسوف,450,1600,200,1,0,80,,,2026-05-21 16:50:23,"AI Overview,Video preview,Thumbnail,Image pack,People also ask,Videos",600,250,700,2015-09-28,,
643,الثناء على الله قبل الدعاء,450,650,8100,2,1,2000,0.02,,2026-05-28 18:08:06,"AI Overview,Video preview,People also ask,Videos,Image pack",3800,3500,5600,2016-06-04,"5214, 1280, 1280, 1264, 1309, 1530, 1501, 1258, 1045, 6481, 1245, 1522, 5231, 1469, 1266, 1235, 1475, 1222, 1256, 1118, 908, 6510, 782, 1600","5170, 1459, 1208, 1163, 1410, 1085, 1162, 1044, 832, 6435, 708, 1527"
644,دعاء للعروسين,440,1420,5000,7,0,350,0.06,1.04,2026-05-16 12:58:27,"AI Overview,People also ask,Image pack",1700,300,500,2015-09-21,"600, 611, 501, 416, 422, 511, 422, 519, 220, 145, 609, 506, 419, 509, 413, 336, 412, 417, 341, 338, 116, 271, 351, 411","453, 471, 397, 332, 339, 343, 328, 354, 322, 301, 342, 400, 440"
645,دعاء عن الصلاة,440,1550,12000,15,0,150,0.04,1.41,2026-05-24 5:27:24,"AI Overview,Thumbnail,People also ask,Image pack,Videos",350,350,800,2015-09-14,"100, 82, 239, 347, 342, 211, 225, 189, 87, 135, 193, 129, 80, 69, 85, 226, 222, 175, 118, 128, 156, 167, 125, 176","93, 76, 100, 181, 210, 170, 143, 128, 155, 166, 124, 176"
646,دعاء الجوشن الكبير مكتوب مفاتيح الجنان,440,1350,1800,2,0,400,,,2026-05-20 15:59:42,"People also ask,Video preview,Image pack",1100,350,900,2016-06-08,"103, 62, 36, 37, 46, 28, 35, 66, 45, 2723, 61, 66, 119, 103, 66, 64, 85, 83, 130, 128, 119, 3526, 23, 120","205, 200, 168, 166, 192, 205, 272, 263, 257, 3666, 48, 266"
647,جمعة مباركة,440,4820,143000,6,0,28000,0.04,0.25,2026-06-02 9:54:07,"Image pack,People also ask,Video preview,Thumbnail",398000,3800,22000,2015-09-03,"28388, 33460, 43429, 35984, 35785, 41936, 30094, 36780, 28491, 17294, 26341, 32641, 18292, 28128, 31036, 27032, 32377, 26591, 25520, 31863, 28864, 27796, 24331, 24369","25314, 25740, 26955, 26438, 27016, 27247, 27220, 26579, 26543, 25704, 22618, 22766"
648,دعاء الخوف والقلق,440,1710,12300,7,10,1300,0.03,1.25,2026-05-19 10:28:31,"AI Overview,Image pack,People also ask,Video preview",6500,2700,3100,2015-09-03,"1306, 1290, 1334, 1343, 1619, 1321, 1327, 1298, 1266, 1113, 1338, 2005, 1125, 1133, 1305, 1304, 1304, 1289, 1309, 1283, 1221, 1369, 1286, 1514","1358, 1276, 1351, 1269, 1319, 1322, 1288, 1283, 1221, 1369, 1286, 1514"
649,الدعاء باسماء الله الحسنى,440,970,890,5,0,500,0.03,1.23,2026-06-05 10:02:57,"Image pack,People also ask,AI Overview,Thumbnail,Video preview",1000,100,250,2015-09-17,"1793, 410, 415, 414, 397, 340, 321, 366, 371, 974, 318, 390, 1019, 390, 533, 383, 390, 372, 403, 527, 570, 731, 446, 497","905, 431, 605, 455, 494, 524, 541, 530, 536, 678, 649, 559"
650,دعاء الصدقة,430,800,1500,3,0,250,0.1,,2026-05-25 3:39:23,"AI Overview,Thumbnail,People also ask,Sitelinks,Image pack,Video preview",1000,200,300,2015-11-04,"319, 273, 227, 271, 280, 275, 279, 276, 260, 746, 150, 223, 261, 234, 199, 235, 276, 197, 302, 262, 254, 691, 78, 261","319, 248, 252, 283, 307, 193, 345, 277, 268, 705, 80"
651,دعاء الرياح والغبار,430,580,2470,3,0,400,0.15,0.51,2026-06-09 9:20:30,"AI Overview,Thumbnail,People also ask,Image pack,Video preview",700,500,500,2015-09-08,"145, 151, 780, 131, 127, 69, 81, 69, 187, 255, 1013, 1370, 90, 127, 1280, 112, 27, 24, 110, 149, 199, 1022, 494, 508","200, 139, 370, 109, 175, 92, 95, 130, 174, 900, 437, 452"
652,دعاء للشهيد,420,4270,2800,5,0,300,,1.07,2026-05-20 14:23:44,"AI Overview,People also ask,Video preview,Image pack",3000,50,250,2015-09-09,"328, 333, 273, 330, 415, 331, 600, 406, 265, 490, 212, 258, 159, 257, 402, 262, 472, 199, 318, 293, 271, 309, 279, 305","284, 281, 269, 279, 355, 295, 331, 295, 273, 311, 280, 307"
653,دعاء السنة الهجرية الجديدة,420,2920,3840,4,0,350,0.01,,2026-05-30 5:40:21,"AI Overview,Image pack,People also ask",2600,350,1200,2015-10-05,"40, 3763, 8, 8, 8, 7, 34, 16, 7, 7, 7, 7, 3059, 32, 10, 7, 8, 9, 25, 184, 130, 306, 190, 262","586, 1839, 1311, 285, 189, 195, 277, 214, 160, 336, 220, 292"
654,دعاء قبل النوم يغفر الذنوب,420,1180,5700,6,4,1300,0.04,,2026-05-30 3:37:29,"AI Overview,Image pack,People also ask,Video preview,Sitelinks",3600,150,900,2015-10-26,"1100, 1396, 2035, 1579, 1465, 1435, 1518, 1591, 1030, 1063, 1095, 1292, 1334, 1009, 1295, 1465, 1569, 1292, 1538, 1592, 1129, 1135, 1027, 1257","1031, 1062, 1398, 1118, 1268, 1121, 1331, 1440, 957, 1034, 901, 1157"
655,صور دعاء للميت,410,1060,390,5,0,300,0.03,0.12,2026-05-05 0:04:32,"People also ask,Thumbnail",800,30,50,2015-09-18,"345, 468, 351, 372, 469, 341, 348, 348, 300, 302, 306, 308, 297, 244, 292, 291, 304, 253, 295, 326, 278, 287, 300, 318","330, 296, 291, 318, 331, 291, 293, 326, 278, 287, 300, 318"
656,دعاء للعرسان,410,1950,950,2,0,250,0.08,1.04,2026-05-23 2:09:42,"AI Overview,People also ask,Image pack",700,400,700,2016-03-12,"379, 453, 315, 208, 255, 316, 256, 312, 167, 89, 377, 316, 307, 395, 261, 213, 214, 253, 251, 293, 137, 62, 347, 263","281, 390, 245, 210, 188, 253, 240, 271, 123, 48, 334, 250"
657,دعاء لابني المريض,410,4890,13400,9,0,250,0.05,,2026-05-21 20:40:20,"AI Overview,People also ask,Image pack,Video preview",1200,90,1700,2015-09-26,"264, 270, 267, 276, 270, 330, 341, 404, 337, 411, 265, 341, 278, 273, 225, 265, 255, 251, 260, 246, 206, 243, 209, 220","210, 216, 207, 192, 220, 228, 234, 245, 218, 243, 213, 224"
658,دعاء طرد الوزغ من المنزل,410,1240,550,2,0,400,0.2,,2026-05-17 9:01:09,"AI Overview,People also ask,Image pack,Video preview",1200,80,250,2019-05-26,"1441, 1471, 944, 832, 549, 365, 201, 104, 104, 242, 668, 670, 795, 836, 828, 665, 441, 154, 103, 88, 74, 123, 234, 363","431, 504, 426, 293, 171, 56, 15, 12, 11, 9, 131, 254"
659,دعاء الصحة والعافية,410,1900,1700,7,0,300,0.05,,2026-05-29 2:48:11,"AI Overview,People also ask,Image pack,Video preview",1100,100,500,2015-11-24,"553, 258, 310, 265, 318, 298, 308, 298, 243, 652, 257, 293, 454, 233, 281, 273, 263, 210, 268, 274, 217, 603, 217, 249","420, 202, 253, 244, 239, 194, 254, 261, 205, 591, 207, 239"
660,تهنئة عقد قران,410,1220,2750,2,0,2900,,0.67,2026-06-08 10:44:23,"AI Overview,Thumbnail,People also ask,Image pack,Video preview",12000,1700,2000,2015-09-19,"2864, 2825, 2570, 2274, 2619, 2661, 2805, 3452, 2956, 2866, 2161, 2186, 3137, 3098, 2843, 2548, 2893, 2934, 3078, 3725, 3229, 3139, 2435, 2459","3410, 3372, 3116, 2821, 3166, 3208, 3351, 3999, 3503, 3413, 2708, 2732"
661,دعاء للمسجون,410,1770,5500,14,0,200,,,2026-05-18 21:42:43,"AI Overview,People also ask,Image pack,Video preview",800,200,400,2015-09-18,,
662,حلال المشاكل,410,1910,4900,2,0,1500,0.02,0.82,2026-05-13 20:24:13,"People also ask,Video preview,Image pack",2100,1800,2500,2015-09-01,"815, 615, 838, 934, 1060, 919, 914, 1157, 764, 601, 1240, 1914, 1209, 1603, 1257, 1570, 2034, 1426, 1550, 1482, 1384, 1320, 1347, 1598","1522, 1458, 1341, 1395, 1620, 1468, 1647, 1482, 1385, 1321, 1347, 1598"
663,دعاء الشوط الرابع في الطواف,400,400,190,2,0,200,0.03,,2026-06-07 19:10:26,"AI Overview,Thumbnail,Image pack,People also ask",200,90,90,2021-03-09,"127, 109, 133, 148, 160, 193, 205, 301, 177, 574, 130, 100, 170, 160, 177, 170, 185, 173, 224, 259, 278, 343, 114, 0",153
664,دعاء التوبة من الكبائر,400,2100,400,1,0,400,0.06,,2026-05-05 16:01:52,"AI Overview,People also ask,Video preview",2100,150,400,2015-11-01,"583, 395, 479, 489, 590, 604, 499, 579, 469, 489, 498, 499, 585, 501, 345, 280, 342, 262, 333, 322, 337, 388, 391, 396","387, 357, 335, 274, 292, 291, 280, 279, 299, 347, 353"
665,دعاء نزول المنزل,400,410,500,2,0,200,0.04,,2026-06-03 10:35:27,"AI Overview,Thumbnail,People also ask,Image pack,Video preview",250,3300,6100,2015-10-16,,
666,دعاء نزول الراتب,400,1140,660,4,0,250,,,2026-05-06 15:26:34,"AI Overview,People also ask,Video preview",500,80,200,2016-02-28,"214, 212, 212, 266, 221, 220, 218, 217, 215, 259, 177, 218, 216, 267, 265, 252, 257, 269, 259, 270, 262, 278, 238, 246","258, 254, 256, 270, 258, 267, 262, 276, 267, 283, 242, 250"
667,دعاء سهم الليل مكتوب,400,1100,700,2,0,250,,,2026-06-05 6:54:01,"Image pack,Video preview",400,150,350,2016-01-05,"10, 7, 7, 10, 31, 38, 35, 17, 7, 361, 377, 244, 140, 184, 238, 167, 218, 217, 310, 263, 231, 270, 222, 204","167, 178, 158, 143, 141, 134, 130, 106, 98, 137, 105, 90"
668,دعاء العام الهجري الجديد,400,2350,1400,2,0,350,,,2026-06-05 15:33:40,"AI Overview,Image pack,People also ask,Video preview",2200,300,1100,2015-10-13,"33, 6390, 41, 15, 8, 7, 55, 24, 6, 7, 6, 6, 3578, 32, 17, 8, 8, 7, 24, 249, 156, 135, 149, 223","722, 1828, 1006, 321, 341, 230, 319, 286, 192, 171, 185"
669,دعاء علقمه,400,1650,3300,2,0,300,1.2,0.88,2026-05-23 9:34:09,"People also ask,Image pack",1300,200,700,2015-10-15,"215, 475, 319, 214, 317, 326, 317, 317, 221, 260, 260, 318, 427, 732, 350, 261, 264, 262, 272, 209, 209, 239, 200, 219","267, 359, 327, 299, 336, 329, 332, 241, 213, 249, 208"
670,دعاء المغرب,400,1730,550,2,0,400,0.03,,2026-05-23 0:33:24,"AI Overview,People also ask,Video preview,Image pack",1700,40,150,2015-10-20,"588, 603, 486, 474, 728, 725, 608, 733, 461, 735, 379, 444, 432, 424, 435, 391, 409, 412, 402, 451, 313, 459, 368, 384","372, 398, 411, 416, 367, 413, 456, 441, 424, 481, 444, 426"
671,دعاء المطر لعائلتي,400,800,200,1,0,400,,,2026-06-05 6:00:55,"AI Overview,Thumbnail,People also ask,Image pack",800,150,200,2021-11-13,"88, 216, 1347, 396, 737, 503, 175, 1107, 745, 859, 142, 114, 7, 58, 736, 117, 24, 275, 1351, 823, 461, 625, 408, 232","92, 79, 277, 47, 212, 453, 357, 323, 234, 346, 174"
672,دعاء حسن الخاتمه,400,1700,250,1,0,50,,,2026-05-17 18:46:36,"AI Overview,Thumbnail,People also ask,Video preview,Image pack",150,200,350,2015-12-02,,
673,قل اللهم مالك الملك,400,700,400,2,0,3100,0.06,0.75,2026-06-01 7:14:57,"Image pack,People also ask,Video preview",7300,1500,2400,2015-09-01,"1153, 942, 985, 947, 1445, 1319, 1981, 1068, 2043, 1969, 1600, 1311, 1254, 1675, 5449, 10084, 3610, 2965, 2417, 1606, 2321, 2390, 2232, 1585","1302, 1302, 1522, 2099, 2045, 1516, 1638, 1324, 1612, 1847, 1822, 1221"
674,دعاء تحصين النفس والاولاد,400,850,500,2,0,150,,,2026-05-18 12:29:32,"Image pack,People also ask,Video preview",350,200,250,2017-05-18,,
675,دعاء الذرية والحمل,400,1200,1200,5,0,300,,,2026-06-07 19:24:28,"AI Overview,Thumbnail,People also ask,Image pack",700,100,150,2020-01-22,"885, 304, 419, 222, 305, 375, 288, 355, 211, 918, 60, 231, 179, 241, 293, 263, 250, 175, 275, 232, 269, 563, 85, 287",
676,دعاء ليله النصف من شعبان,400,9500,3300,1,0,150,,,2026-05-15 21:20:00,"People also ask,Image pack,Video preview",3400,450,1100,2016-05-21,"1, 1, 1, 0, 1, 1, 1, 1, 2560, 4, 1, 0, 1, 1, 1, 1, 2, 1, 1, 57, 1102, 555, 60, 73","79, 71, 70, 68, 68, 66, 64, 95, 666, 357, 126, 108"
677,اللهم اني اشكو اليك ضعفي,400,1440,7850,5,7,2000,0.15,,2026-05-27 14:21:19,"Image pack,People also ask,Video preview",2900,1100,1900,2015-09-04,"3339, 3383, 3443, 2795, 3472, 2277, 2739, 2843, 2249, 3478, 2383, 1986, 1922, 1872, 1891, 1891, 2275, 1804, 1883, 1962, 1813, 2009, 1838, 1727","1795, 1942, 1842, 1669, 2085, 1715, 1815, 1866, 1716, 1913, 1743"
678,دعاء يستجيب الله له في لمح البصر,400,2600,400,1,0,400,0.01,,2026-05-16 17:46:55,"AI Overview,People also ask,Image pack",2600,150,400,2016-05-13,"291, 284, 278, 368, 296, 302, 320, 312, 311, 330, 351, 360, 374, 368, 365, 457, 386, 394, 414, 408, 409, 430, 454, 465","481, 478, 476, 571, 503, 513, 535, 532, 536, 560, 586, 600"
679,دعاء سيدنا موسى,400,6610,850,2,0,400,0.03,,2026-05-18 10:49:09,"AI Overview,People also ask,Image pack,Video preview",6600,150,800,2016-01-15,"284, 548, 282, 223, 348, 330, 297, 293, 286, 534, 342, 289, 335, 592, 350, 354, 351, 352, 418, 374, 394, 422, 394, 406","400, 487, 464, 409, 418, 421, 432, 431, 452, 480, 451, 463"
680,دعاء لعمي المتوفي,400,1420,1750,6,0,350,,,2026-05-17 14:07:32,"AI Overview,People also ask,Image pack,Video preview",1300,40,350,2016-01-19,"496, 434, 436, 361, 424, 354, 312, 404, 367, 535, 286, 365, 340, 289, 367, 359, 295, 293, 293, 303, 300, 359, 354, 344","337, 333, 329, 296, 290, 292, 292, 300, 298, 356, 352, 342"
681,عبارات تهنئة للبيت الجديد,400,1200,2700,2,2,300,0.1,,2026-06-08 3:15:33,"AI Overview,Thumbnail,People also ask,Image pack",700,2000,2300,2016-04-08,"788, 821, 803, 544, 627, 632, 623, 536, 453, 195, 152, 149, 151, 297, 452, 370, 375, 369, 309, 336, 339, 339, 283, 338","331, 384, 417, 337, 367, 370, 311, 337, 341, 341, 285, 339"
682,دعاء الاستفتاح في الصلاة واجب,400,1600,500,3,0,250,0.01,,2026-06-06 13:16:40,"AI Overview,Thumbnail,People also ask,Image pack,Video preview",1300,150,300,2016-03-30,"214, 204, 241, 208, 245, 235, 223, 241, 269, 408, 264, 270, 202, 215, 288, 250, 215, 200, 201, 192, 196, 234, 210, 200","172, 193, 194, 172, 198, 189, 195, 179, 182, 221, 196"
683,دعاء الكعبة,400,400,100,1,0,800,0.03,,2026-05-28 10:40:36,"AI Overview,Video preview,People also ask,Image pack",900,500,600,2015-09-26,"785, 601, 620, 621, 784, 934, 1175, 1187, 941, 2121, 438, 499, 623, 616, 766, 760, 787, 918, 953, 1108, 851, 2019, 281, 420","555, 584, 733, 709, 728, 869, 919, 1102, 846, 2015, 277, 416"
684,اللهم ان حبسني حابس فمحلي حيث حبستني,400,450,500,1,0,600,0.02,,2026-06-03 1:31:29,"AI Overview,Thumbnail,People also ask,Image pack,Video preview",700,2400,2400,2016-06-22,"475, 242, 582, 384, 555, 459, 461, 585, 498, 3131, 333, 439, 191, 647, 459, 236, 201, 381, 316, 472, 405, 3465, 196, 423","122, 896, 300, 93, 38, 374, 284, 528, 464, 3524, 256, 484"
685,دعاء عن الصدقة قصير جدا,400,1250,600,2,0,200,0.5,,2026-05-10 11:03:54,"AI Overview,People also ask,Image pack",500,100,200,2020-04-10,,
686,دعوه المظلوم,400,1600,450,1,1,150,0.02,1.28,2026-05-16 17:18:12,"AI Overview,Thumbnail,People also ask,Image pack,Sitelinks,Video preview",450,100,500,2015-09-30,,
687,دعاء للدراسه,400,9200,2400,1,0,150,,,2026-05-17 9:47:12,"AI Overview,People also ask,Image pack,Video preview",2300,250,2700,2015-10-23,"272, 101, 344, 397, 413, 302, 149, 171, 232, 209, 147, 138, 151, 51, 141, 279, 264, 119, 236, 179, 143, 139, 67, 114",
688,دعاء لولدي بالتوفيق,400,1500,250,1,0,50,,,2026-05-28 21:46:09,"AI Overview,People also ask,Image pack,Videos,Video preview",60,50,70,2017-03-23,,
689,دعاء اذا فقدت شي,400,500,70,1,0,20,,,2026-05-22 17:13:48,"AI Overview,Thumbnail,People also ask,Image pack,Video preview,Sitelinks",30,450,2000,2015-09-11,,
690,دعاء ياودود كامل pdf,400,3500,500,2,0,200,0.03,,2026-05-09 0:23:52,"Image pack,People also ask,Video preview",700,150,250,2021-04-12,"678, 228, 392, 328, 537, 436, 365, 343, 321, 974, 242, 476, 295, 317, 355, 145, 317, 52, 68, 173, 261, 72, 34, 9",39
691,دعاء اخر جمعه في شعبان,390,1040,300,3,0,80,,,2026-05-15 9:27:55,"AI Overview,People also ask,Image pack,Video preview",350,10,20,2016-06-03,,
692,دعاء الجمال اليوسفي,390,3800,3740,7,0,200,,,2026-06-01 6:19:45,"AI Overview,Image pack,People also ask,Video preview",1300,30,90,2021-07-10,"786, 338, 302, 298, 283, 235, 298, 363, 294, 558, 234, 190, 306, 189, 184, 149, 189, 153, 242, 257, 238, 321, 160, 234","219, 205, 248, 196, 218, 225, 250, 234, 227, 243, 238, 217"
693,دعاء لِلمريضُ بالشفاء العاجل,390,1980,16100,4,2,5400,0.01,,2026-06-02 21:21:52,"AI Overview,People also ask,Video preview,Image pack",12000,53000,149000,2023-03-03,"10, 4, 6, 20, 4, 181, 428, 663, 663, 12592, 4984, 6000, 5636, 806, 5305, 8906, 4428, 5386, 5351, 5383, 5379, 6575, 5788, 5795","5778, 5653, 5816, 5894, 5781, 5752, 5763, 5781, 5785, 6982, 6198, 6207"
694,دعاء المساء قصير,380,1060,2450,5,0,400,0.09,,2026-05-20 15:27:33,"AI Overview,People also ask,Image pack",700,350,1500,2015-11-15,"451, 682, 474, 583, 713, 813, 709, 695, 585, 251, 569, 482, 379, 442, 267, 271, 271, 513, 530, 428, 383, 359, 347, 373","393, 367, 411, 401, 429, 446, 457, 425, 380, 356, 344, 370"
695,حالات واتس دعاء جميل,380,2370,1250,8,0,150,,,2026-05-18 15:03:58,"Image pack,People also ask",700,50,150,2020-09-27,"100, 56, 36, 25, 32, 13, 23, 39, 76, 59, 34, 62, 63, 149, 225, 236, 198, 154, 127, 77, 81, 58, 95, 72",
696,كتاب أدعية العمرة pdf,380,1080,122800,11,0,4100,0.15,,2026-05-29 0:26:41,"People also ask,Image pack",5400,8600,11000,2020-10-06,"1582, 3150, 3771, 3857, 4825, 5807, 5673, 7046, 4684, 19232, 2163, 3170, 1678, 3939, 3981, 3240, 3176, 3833, 3924, 4879, 4709, 7064, 5538, 4401","4139, 4624, 4892, 4804, 4964, 5238, 5109, 5469, 5299, 7653, 6128, 4991"
697,دعاء الحمل بولد,380,1380,3900,10,0,150,,,2026-05-20 5:02:35,"AI Overview,People also ask,Image pack",450,200,400,2015-09-28,,
698,دعاء المشلول,380,2950,1650,3,0,200,0.04,0.87,2026-06-07 12:10:48,Video preview,2500,200,700,2015-09-05,"165, 165, 326, 215, 173, 124, 132, 116, 108, 194, 173, 183, 135, 165, 314, 151, 169, 176, 213, 183, 166, 144, 159, 168","186, 252, 169, 185, 179, 198, 160, 164, 128, 162, 159, 161"
699,دعاء الحمد والثناء,380,490,5700,4,1,300,0.06,,2026-06-02 11:10:07,"AI Overview,Thumbnail,People also ask,Image pack,Video preview",350,900,1400,2015-10-20,"1241, 161, 165, 191, 237, 244, 245, 239, 238, 982, 227, 218, 982, 203, 291, 233, 155, 125, 125, 199, 207, 347, 398, 560","568, 755, 236, 230, 184, 176, 187, 192, 200, 335, 384, 540"
700,دعاء لخالي المتوفي,380,2000,1360,6,0,300,,,2026-05-30 6:48:14,"AI Overview,Thumbnail,People also ask,Image pack,Video preview",1500,100,450,2015-10-14,"353, 350, 349, 299, 353, 354, 353, 342, 268, 510, 276, 347, 266, 289, 406, 348, 284, 216, 302, 281, 266, 313, 288, 282","282, 278, 282, 273, 284, 281, 276, 272, 258, 307, 282, 276"
701,دعاء ايوب عليه السلام,370,2700,700,2,0,200,0.03,,2026-05-17 7:24:23,"People also ask,Image pack",250,0,500,2015-10-16,,
702,صباح يوم الجمعة,370,2500,500,2,0,500,0.1,0.28,2026-06-07 20:16:14,"Image pack,People also ask",2100,30,150,2015-09-03,"477, 624, 879, 605, 852, 873, 745, 885, 678, 195, 464, 612, 334, 613, 480, 448, 734, 469, 484, 475, 467, 452, 409, 473","494, 492, 501, 523, 548, 540, 528, 474, 466, 451, 409, 472"
703,دعاء الصبر والفرج,370,1960,3600,6,0,250,0.04,,2026-05-12 12:38:35,"People also ask,Video preview,Image pack",700,200,600,2015-11-03,"372, 386, 395, 388, 311, 374, 339, 343, 274, 351, 265, 280, 215, 292, 292, 304, 199, 197, 256, 243, 232, 252, 236, 240","237, 250, 257, 253, 242, 251, 254, 243, 232, 253, 237, 241"
704,دعاء البركة في المال,370,2100,1150,5,0,100,,,2026-06-05 13:58:45,"AI Overview,Thumbnail,People also ask,Image pack",1000,200,250,2015-12-08,,
705,الدعاء باسم الله الاعظم,360,800,1660,4,0,500,0.03,0.85,2026-05-29 3:19:56,"AI Overview,People also ask,Image pack,Video preview",1200,350,350,2015-09-30,"951, 604, 638, 431, 513, 492, 409, 432, 345, 1092, 347, 427, 931, 411, 343, 436, 539, 381, 468, 436, 374, 955, 461, 435","895, 444, 414, 433, 512, 404, 449, 436, 374, 956, 461, 435"
706,دعاء العوض,360,1020,100,3,0,150,0.02,,2026-05-10 22:07:01,"AI Overview,Thumbnail,People also ask,Image pack,Video preview",700,60,60,2016-01-14,"191, 228, 248, 213, 213, 154, 210, 223, 227, 297, 151, 166, 185, 155, 162, 158, 159, 128, 166, 167, 160, 185, 172, 152","156, 160, 158, 151, 143, 143, 158, 156, 151, 175, 164, 145, 150"
707,دعاء ليله ٢٧,360,470,670,4,0,150,,,2026-05-13 14:26:45,"AI Overview,Thumbnail,People also ask,Image pack",150,200,200,2020-05-18,,
708,دعاء تفريج الكرب,360,1200,7300,3,3,1200,0.02,0.7,2026-06-07 11:23:20,"AI Overview,Thumbnail,People also ask,Image pack,Video preview",4500,600,1300,2015-09-01,"2060, 2115, 2116, 2123, 1703, 1402, 1418, 1148, 1120, 1664, 1124, 1380, 894, 1355, 1369, 1107, 1053, 904, 1438, 1270, 1246, 1392, 1282, 1310","1304, 1241, 1272, 1280, 1203, 1118, 1232, 1271, 1247, 1393, 1283, 1310"
709,أعوذ بكلمات الله التامات من شر ما خلق,360,1110,9900,4,0,2200,0.02,0.55,2026-05-20 20:26:25,"AI Overview,Thumbnail,Image pack,Video preview",5800,800,2400,2015-09-04,"2515, 2709, 2064, 1605, 2064, 2243, 1984, 1784, 2267, 2355, 1757, 2055, 2560, 2754, 2109, 1650, 2109, 2288, 2029, 1829, 2312, 2400, 1802, 2100","2605, 2799, 2154, 1695, 2154, 2333, 2074, 1874, 2358, 2445, 1847, 2146"
710,دعاء الوالدين,360,720,4100,2,0,1300,0.03,0.58,2026-05-23 11:39:49,"AI Overview,Thumbnail,People also ask,Video preview,Image pack",3000,3600,7700,2015-09-04,"2380, 1272, 1580, 1544, 1554, 1537, 1539, 1544, 1231, 3729, 1015, 1212, 1413, 1035, 1236, 1187, 1200, 1021, 1257, 1200, 948, 3396, 973, 1209","1492, 1105, 1268, 1194, 1192, 1036, 1264, 1202, 950, 3397, 974, 1210"
711,دعاء نزع الخوف من القلب,360,1380,3900,5,3,200,0.04,,2026-05-20 3:04:47,"AI Overview,Thumbnail,Image pack,People also ask,Video preview",800,900,2000,2020-01-24,,
712,دعاء السفر سيارة,350,1040,34100,4,0,3800,0.01,,2026-06-05 4:12:42,"AI Overview,Thumbnail,Image pack,People also ask,Video preview",5200,22000,30000,2021-09-21,"5121, 5115, 3918, 2842, 2738, 3305, 2684, 3306, 2199, 2690, 2194, 1790, 2665, 3696, 3658, 2226, 2655, 6881, 5813, 4346, 3791, 3742, 3753, 3075","4289, 5975, 5149, 3545, 3650, 3786, 1951, 1718, 1147, 1365, 1447, 950"
713,دعاء البرد الشديد,350,600,190,2,0,150,,,2026-06-02 12:26:25,"People also ask,Image pack,Videos",200,90,90,2015-12-06,"0, 2, 2, 0, 1, 9, 1838, 435, 229, 0, 0, 0, 0, 3, 6, 2, 0, 4, 885, 736, 0, 4, 6, 2",
714,دعاء حزب البحر مكتوب pdf,350,4000,1900,1,0,350,,,2026-05-10 1:16:39,"Image pack,People also ask",4000,250,1900,2021-11-13,"893, 618, 1547, 1477, 818, 1027, 1134, 924, 689, 827, 526, 567, 380, 306, 203, 237, 365, 50, 374, 316, 240, 333, 409, 316",
715,ادعية قبل المذاكرة,350,2500,35300,4,1,1100,0.02,1.02,2026-05-28 6:06:04,"AI Overview,People also ask,Image pack,Video preview",3400,4400,10000,2015-09-06,"959, 813, 856, 1206, 1619, 1274, 1735, 888, 1160, 644, 1094, 1444, 878, 694, 722, 979, 1377, 980, 1741, 985, 1176, 719, 999, 1230","943, 748, 793, 1020, 1370, 1116, 1593, 990, 1158, 871, 891, 1166"
716,دعاء الغضب بين الزوجين,350,810,10,2,0,,0.5,,2026-05-13 5:41:31,"People also ask,Sitelinks",10,0,0,2015-10-02,,
717,الخوف من حدوث شيء سيء,350,1700,300,1,0,10,,,2026-06-03 21:52:31,"AI Overview,Thumbnail,People also ask,Videos",60,30,60,2020-01-24,,
718,دعاء شامل لكل شي,350,790,12400,7,4,600,0.02,,2026-06-07 10:38:14,"AI Overview,Thumbnail,Image pack,People also ask,Video preview",800,4400,6300,2015-10-09,"735, 544, 298, 148, 358, 532, 487, 591, 528, 2146, 340, 230, 406, 532, 665, 436, 357, 508, 657, 457, 452, 1226, 1016, 481","570, 565, 562, 462, 450, 512, 558, 467, 461, 1249, 1034, 489"
719,دعاء للثبات على الصلاة,350,1400,40,1,0,10,,,2026-05-17 20:57:03,"AI Overview,Thumbnail,Video preview,People also ask,Image pack",150,100,200,2020-01-29,,
720,دعاء لراحة البال والطمأنينة لشخص,350,1250,500,2,0,100,,,2026-05-15 21:36:13,"AI Overview,People also ask,Image pack",500,200,350,2022-08-07,,
721,دعاء الحرز,350,500,30,1,0,350,0.04,,2026-05-23 8:52:46,"AI Overview,Image pack,People also ask,Video preview",500,30,30,2015-09-25,"865, 685, 536, 352, 430, 433, 433, 374, 251, 359, 373, 369, 379, 308, 316, 379, 306, 247, 371, 386, 321, 360, 364, 397","398, 357, 372, 367, 367, 345, 349, 388, 322, 362, 365"
722,متى يقال دعاء الاستخارة,350,890,9250,5,2,150,0.02,,2026-05-27 19:14:41,"AI Overview,Thumbnail,People also ask,Video preview,Image pack",500,150,2400,2016-06-18,"118, 206, 183, 159, 185, 158, 149, 160, 123, 126, 182, 190, 166, 200, 211, 155, 162, 157, 172, 167, 156, 157, 154, 167","210, 208, 220, 189, 194, 181, 177, 178, 167, 169, 165"
723,ادعية من القران,350,700,1800,1,3,1400,,0.91,2026-05-21 16:04:57,"Video preview,People also ask,Image pack",4900,300,600,2015-09-08,"1938, 1719, 1118, 931, 949, 946, 923, 1068, 1427, 1321, 1965, 1873, 1955, 1757, 1158, 968, 983, 982, 959, 1105, 1473, 1357, 1999, 1907","1989, 1792, 1195, 1007, 1021, 1021, 998, 1143, 1510, 1394, 2033, 1942"
724,دعاء ربي اني لما انزلت الي من خير فقير,350,450,150,1,0,350,0.04,,2026-05-21 7:32:45,"AI Overview,Image pack,People also ask,Video preview",450,150,150,2015-11-14,"321, 334, 267, 429, 513, 350, 277, 195, 209, 434, 247, 207, 252, 306, 365, 288, 466, 320, 443, 374, 400, 454, 430, 387","377, 400, 393, 396, 420, 380, 372, 357, 384, 437, 414, 371"
725,دعاء قضاء الدين ابن باز,350,450,300,1,0,350,0.05,,2026-05-26 21:44:35,"AI Overview,People also ask,Video preview,Image pack",450,250,300,2018-11-18,"536, 305, 364, 430, 524, 409, 377, 463, 349, 809, 391, 415, 494, 407, 375, 312, 255, 237, 300, 302, 300, 364, 347, 309","307, 320, 301, 300, 305, 284, 300, 298, 295, 359, 342, 305"
726,دعاء قيام الليل لقضاء الحاجة,350,4300,300,1,0,350,0.03,,2026-05-22 13:25:23,"AI Overview,People also ask,Image pack,Video preview",4300,150,300,2017-07-14,"481, 586, 671, 673, 705, 867, 683, 686, 481, 938, 272, 326, 231, 335, 325, 334, 416, 343, 508, 391, 310, 549, 263, 415","383, 429, 460, 437, 471, 409, 606, 458, 449, 480, 457, 447"
727,دعاء الصلاة,350,900,300,1,1,600,0.02,0.61,2026-05-20 16:31:11,"AI Overview,Thumbnail,Image pack,People also ask,Video preview",3200,50,200,2015-10-20,"714, 580, 656, 615, 726, 681, 679, 676, 702, 1117, 458, 613, 564, 603, 563, 561, 541, 557, 666, 618, 657, 894, 735, 532","478, 498, 493, 440, 506, 486, 510, 502, 544, 783, 625, 425"
728,دعاء الرعد,350,1220,23800,5,0,3200,0.04,0.62,2026-06-09 5:04:39,"AI Overview,Thumbnail,People also ask,Image pack,Video preview",26000,2400,4600,2015-09-01,"568, 884, 10336, 7242, 4756, 3447, 109, 4708, 1977, 6192, 2201, 1009, 24, 114, 4622, 923, 84, 4014, 13116, 918, 2192, 4505, 6326, 2749","11, 968, 3663, 1306, 2795, 7432, 2885, 4619, 2449, 4726, 6519, 2916"
729,دعاء قص الشعر,350,2500,300,1,0,350,0.08,,2026-06-09 9:46:35,"AI Overview,Thumbnail,Image pack,People also ask,Video preview",2500,50,300,2016-03-06,"240, 248, 371, 259, 299, 255, 307, 376, 303, 389, 314, 381, 315, 325, 387, 321, 367, 292, 323, 369, 273, 394, 346, 357","339, 342, 368, 356, 366, 355, 364, 382, 359, 374, 393, 404"
730,دعاء الوظيفة والرزق,350,480,1650,5,0,80,,,2026-05-16 10:52:31,"AI Overview,People also ask,Image pack,Video preview",150,350,400,2015-11-02,"533, 180, 174, 127, 175, 128, 99, 201, 176, 604, 243, 257, 249, 132, 68, 60, 59, 77, 49, 29, 67, 102, 63, 14",61
731,دعاء السجين بالفرج,350,1100,30,1,0,30,,,2026-05-07 17:19:42,"AI Overview,Thumbnail,People also ask",40,200,400,2019-08-08,,
732,دعاء قيام الليل للرزق,350,2300,250,1,0,350,0.02,,2026-05-12 18:59:04,"AI Overview,People also ask,Image pack,Video preview",2300,0,250,2016-01-30,"363, 378, 474, 472, 586, 697, 591, 483, 388, 577, 214, 217, 205, 308, 261, 305, 303, 472, 400, 386, 350, 350, 338, 286","297, 316, 343, 378, 398, 445, 416, 401, 365, 365, 353, 301"
733,دعاء السديس كامل,350,400,70,1,0,100,,,2026-05-09 16:56:52,"Video preview,People also ask,Image pack",150,0,30,2016-04-26,,
734,دعاء الاستسقاء,350,400,200,1,0,1100,0.01,1.09,2026-05-18 21:29:01,"AI Overview,Image pack,People also ask,Video preview",1300,7300,9600,2015-09-05,"123, 118, 205, 147, 397, 4326, 320, 260, 172, 213, 172, 172, 175, 266, 212, 92, 264, 8226, 442, 1292, 761, 587, 598, 556","526, 560, 530, 585, 977, 3359, 1422, 1339, 809, 635, 646, 603"
735,دعاء الحلم المزعج,350,970,1900,7,0,200,,,2026-05-08 10:21:45,"Featured snippet,People also ask,Image pack,Video preview",350,200,300,2016-11-13,,
736,دعاء عند قبر الرسول,350,400,900,1,0,700,0.02,,2026-05-29 3:01:44,"AI Overview,People also ask,Image pack,Video preview",900,1000,1000,2015-11-16,"616, 540, 739, 561, 543, 668, 665, 828, 801, 1200, 616, 416, 520, 659, 675, 548, 635, 793, 810, 947, 922, 1244, 727, 513","646, 761, 802, 685, 759, 904, 910, 1048, 1023, 1346, 828, 614"
737,دعاء يوم الجمعه لشخص,340,670,2220,11,0,200,,,2026-05-17 14:30:19,"AI Overview,Thumbnail,People also ask,Image pack",200,250,300,2020-01-10,,
738,دعاء لطفل مريض,340,1440,4300,6,0,100,,,2026-05-10 23:32:21,"AI Overview,Thumbnail,People also ask,Image pack,Sitelinks",450,150,800,2015-10-12,,
739,دعاء ساعة استجابة يوم الجمعة تويتر,340,400,290,3,0,150,,,2026-05-16 15:59:29,"AI Overview,Thumbnail,People also ask",150,90,90,2020-04-10,,
740,دعاء المصيبة,340,610,1700,7,0,300,0.04,0.95,2026-05-16 10:58:49,"AI Overview,People also ask,Image pack,Video preview",500,150,300,2015-09-07,"400, 497, 513, 418, 503, 480, 414, 317, 310, 322, 315, 425, 310, 347, 299, 275, 277, 237, 311, 284, 274, 348, 270, 294","272, 281, 284, 291, 306, 294, 294, 288, 277, 352, 273, 298"
741,دعاء لحافظ القرآن,340,980,810,4,0,250,,1.18,2026-05-26 3:23:33,"AI Overview,People also ask,Video preview,Image pack",700,250,250,2015-11-10,"260, 198, 217, 246, 461, 252, 320, 348, 352, 359, 253, 798, 159, 181, 175, 217, 213, 152, 248, 131, 228, 114, 66, 130",
742,صور ادعيه يوم الجمعه,340,2100,700,2,0,100,,,2026-05-05 23:04:27,"People also ask,Video preview",600,150,400,2015-10-23,,
743,دعاء نهاية المجلس,340,4250,3600,3,0,100,,,2026-05-17 12:48:10,"AI Overview,Thumbnail,People also ask,Image pack",500,100,1100,2015-09-15,,
744,دعاء التوتر,330,1180,1200,3,9,450,0.02,,2026-04-30 9:58:45,"AI Overview,People also ask",1100,80,100,2015-09-15,"554, 715, 903, 742, 907, 898, 904, 581, 563, 535, 595, 582, 412, 495, 495, 504, 494, 411, 496, 349, 413, 380, 463, 452","430, 421, 399, 491, 420, 415, 494, 446, 445, 439, 439, 435"
745,دعاء الضيق والاكتئاب,330,2330,6500,9,0,450,0.01,0.44,2026-05-06 15:18:17,"AI Overview,People also ask",1600,50,350,2015-10-13,"463, 468, 394, 387, 380, 479, 457, 449, 456, 549, 444, 538, 444, 559, 569, 557, 448, 390, 392, 406, 366, 444, 319, 413","389, 396, 429, 424, 376, 402, 431, 443, 403, 481, 356, 450"
746,دعاء نية الصيام,330,1490,4000,3,0,500,,0.79,2026-06-07 13:37:58,"AI Overview,Thumbnail,People also ask,Video preview,Image pack",10000,10,70,2016-01-11,"241, 194, 25, 26, 36, 85, 103, 239, 4928, 1567, 129, 127, 191, 129, 20, 20, 35, 83, 128, 448, 4229, 688, 10, 381","537, 413, 370, 319, 302, 314, 344, 548, 894, 1261, 805, 562"
747,دعاء ابراهيم عليه السلام,330,1030,550,3,0,150,,,2026-05-13 5:54:07,"AI Overview,Thumbnail,People also ask,Image pack,Video preview",250,70,200,2016-01-15,,
748,خسوف القمر,330,1400,7800,2,1,14000,0.01,0.72,2026-06-03 4:38:03,"AI Overview,Thumbnail,People also ask,Video preview,Image pack",49000,5100,18000,2015-09-02,"242, 1282, 1380, 11342, 1644, 1456, 3861, 13109, 5146, 25647, 1618, 250, 1278, 1356, 3149, 127294, 2720, 1590, 1423, 10001, 7206, 4271, 1899, 3641","2092, 16760, 5460, 16627, 8602, 4422, 2792, 11325, 8421, 5391, 2933"
749,دعاء للابناء بالصور,320,1290,550,3,0,300,0.03,,2026-06-01 5:03:56,"Image pack,People also ask,Video preview",1200,50,150,2015-10-27,"1255, 570, 815, 656, 640, 723, 641, 613, 505, 699, 278, 411, 655, 348, 444, 359, 285, 152, 188, 224, 207, 291, 234, 196","378, 286, 249, 168, 190, 278, 223, 225, 208, 292, 235, 197"
750,دعاء عدم النسيان,320,2150,900,3,0,200,0.03,,2026-05-05 6:16:53,"AI Overview,People also ask,Video preview",1000,900,6000,2017-02-27,"602, 68, 115, 415, 535, 530, 513, 188, 606, 150, 290, 420, 343, 101, 58, 137, 282, 167, 300, 154, 419, 49, 175, 293","296, 70, 56, 142, 239, 271, 271, 156, 360, 147, 180, 266"
751,دعاء السديس,320,920,1600,6,0,350,0.03,0.78,2026-05-11 23:37:11,"Video preview,People also ask,Image pack",400,40,70,2015-09-09,"249, 184, 135, 94, 196, 248, 263, 295, 303, 2545, 159, 163, 236, 156, 101, 100, 129, 184, 161, 465, 483, 1980, 123, 403","401, 344, 199, 207, 259, 276, 251, 403, 408, 778, 664, 401"
752,دعاء لاهل فلسطين,310,12050,3350,2,0,20,,,2026-05-13 5:52:39,"AI Overview,Video preview,Thumbnail,People also ask,Image pack",300,250,500,2015-10-07,"451, 131, 156, 125, 306, 116, 44, 60, 6, 294, 239, 8, 13, 87, 61, 39, 4, 10, 31, 5, 5, 7, 3, 5",
753,دعاء الرزق بمولود,310,520,650,3,0,200,0.05,1.14,2026-05-04 6:45:21,"AI Overview,People also ask",350,150,250,2015-09-08,"279, 229, 242, 238, 282, 236, 217, 263, 177, 355, 178, 177, 197, 205, 164, 170, 171, 170, 213, 206, 160, 254, 198, 186","186, 186, 169, 175, 174, 184, 201, 189, 170, 206, 209, 166"
754,دعاء انتهاء العمره,310,360,400,2,0,250,0.05,,2026-05-11 12:33:56,"AI Overview,People also ask,Image pack,Video preview",250,5000,5100,2020-01-10,"31, 173, 206, 157, 156, 194, 177, 223, 191, 844, 127, 123, 55, 209, 245, 165, 193, 203, 196, 211, 188, 858, 77, 146","67, 221, 273, 172, 214, 224, 214, 228, 205, 875, 95, 164"
755,دعاء للاخ السند,310,2020,1000,2,0,300,0.08,,2026-05-12 0:38:37,"AI Overview,People also ask,Image pack,Video preview",2000,10,300,2021-11-05,"678, 463, 390, 318, 464, 467, 474, 481, 365, 807, 203, 255, 231, 311, 304, 253, 303, 245, 319, 295, 280, 373, 285, 263","307, 299, 277, 250, 246, 277, 269, 269, 256, 348, 263, 240"
756,دعاء الفرج مكتوب,310,2950,3300,2,0,600,0.02,1.1,2026-06-03 3:06:18,"Image pack,People also ask,Video preview,Thumbnail",4600,3100,14000,2015-09-03,"406, 643, 427, 434, 526, 449, 647, 642, 645, 769, 349, 525, 644, 964, 652, 409, 433, 439, 463, 484, 498, 603, 746, 576","506, 538, 523, 469, 488, 449, 489, 489, 502, 607, 750, 580"
757,دعاء قبل المغرب,300,660,5200,6,0,400,0.02,,2026-05-06 12:08:05,"AI Overview,People also ask",1000,400,700,2016-03-25,"381, 318, 208, 204, 258, 211, 258, 307, 320, 1980, 227, 337, 342, 272, 207, 177, 172, 210, 220, 303, 304, 1978, 90, 367","308, 234, 194, 166, 140, 224, 220, 322, 323, 1997, 94"
758,دعاء بداية اليوم,300,1100,350,1,0,300,0.1,,2026-05-21 4:28:06,"AI Overview,People also ask,Image pack,Video preview",1100,100,350,2015-12-01,"211, 216, 269, 339, 351, 285, 278, 341, 270, 150, 336, 284, 227, 279, 341, 344, 342, 286, 284, 342, 278, 221, 298, 291","248, 283, 346, 334, 339, 296, 318, 349, 307, 255, 296, 315"
759,دعاء ياسر الدوسري مكتوب pdf,300,650,50,3,0,100,,,2026-06-01 21:56:23,"Video preview,Image pack",250,30,30,2022-04-02,,
760,دعاء الجوشن الصغير مكتوب,300,2000,20,1,0,70,,,2026-05-30 4:43:32,"AI Overview,Video preview",250,40,150,2015-09-12,"74, 73, 39, 60, 91, 60, 90, 90, 72, 310, 73, 60, 47, 47, 73, 73, 52, 71, 82, 85, 87, 132, 159, 155","65, 67, 60, 69, 70, 62, 75, 83, 86, 131, 158"
761,دعاء مستجاب في نفس اللحظة,300,1000,150,1,1,300,0.03,0.79,2026-06-07 18:31:34,"AI Overview,Thumbnail,People also ask,Image pack",1000,70,150,2016-02-11,"877, 865, 882, 699, 696, 642, 535, 699, 466, 899, 315, 325, 308, 322, 341, 258, 251, 318, 307, 269, 266, 345, 362, 299","282, 392, 328, 302, 285, 303, 288, 262, 259, 335, 352, 291"
762,دعاء لتيسير الامور,300,1650,23400,2,1,1200,0.04,0.91,2026-06-07 10:16:29,"AI Overview,People also ask,Image pack,Video preview",8700,450,1000,2015-10-05,"1647, 1397, 1718, 1652, 1704, 1682, 1682, 1679, 1592, 1381, 1141, 1388, 1093, 1128, 1392, 1116, 1133, 1073, 1131, 1160, 1113, 1175, 1141, 1157","1168, 1191, 1338, 1169, 1225, 1141, 1155, 1202, 1156, 1217, 1183, 1200"
763,عبارات تهنئة زواج للعريس,300,1000,6300,1,1,4300,0.08,,2026-06-08 13:10:18,"AI Overview,Thumbnail,People also ask,Image pack,Video preview",13000,350,450,2015-11-05,"3576, 6281, 2730, 2716, 2692, 3815, 3810, 5006, 2874, 2876, 3141, 3569, 4343, 7048, 3497, 3483, 3459, 4583, 4577, 5773, 3641, 3643, 3908, 4336","5110, 7815, 4264, 4250, 4226, 5350, 5344, 6540, 4408, 4410, 4675, 5103"
764,دعاء الستر والخوف,300,1300,600,2,0,250,0.01,,2026-06-05 3:21:31,"AI Overview,Thumbnail,People also ask,Image pack,Video preview",1100,100,300,2015-09-24,"139, 138, 142, 182, 206, 235, 194, 188, 228, 172, 167, 174, 189, 187, 192, 231, 256, 285, 244, 238, 278, 222, 216, 223","238, 237, 241, 281, 305, 334, 293, 287, 328, 271, 266, 273"
765,دعاء اليوم الرابع من رمضان,300,3450,1100,3,0,200,,0.56,2026-06-06 2:45:44,"AI Overview,People also ask,Image pack",2700,80,350,2016-06-08,,
766,دعاء لصديق عزيز في ظهر الغيب,300,710,450,2,0,300,0.15,,2026-05-05 20:03:47,"AI Overview,People also ask",700,60,150,2021-06-25,"544, 304, 310, 305, 304, 304, 271, 347, 287, 1019, 182, 237, 275, 308, 302, 252, 255, 246, 243, 342, 256, 1044, 96, 255","291, 386, 351, 269, 270, 260, 267, 371, 286, 1074, 126, 285"
767,دعاء التوبة من الزنا,300,2600,600,1,0,300,0.06,,2026-06-06 13:55:34,"AI Overview,Thumbnail,People also ask,Image pack",2600,150,600,2015-09-08,"404, 309, 427, 475, 469, 460, 427, 397, 403, 452, 369, 377, 321, 347, 277, 346, 361, 237, 289, 273, 279, 289, 290, 271","277, 284, 289, 296, 309, 291, 292, 281, 288, 297, 298, 279"
768,دعاء دخول المدينه المنوره,300,350,10,1,0,100,,,2026-05-17 21:59:07,"AI Overview,Thumbnail,Image pack,People also ask",100,1300,1300,2016-06-20,,
769,دعاء يوم الجمعة تويتر,300,400,950,2,0,200,,,2026-06-02 6:42:59,"AI Overview,Thumbnail,People also ask",300,3800,4300,2015-11-13,,
770,عند الخروج من الخلاء,300,450,100,1,0,60,,,2026-05-18 2:41:21,"AI Overview,People also ask,Video preview,Image pack",60,100,100,2016-02-06,,
771,هل يجوز الدعاء من الجوال,300,2100,80,1,6,10,,,2026-05-13 8:08:50,"AI Overview,Video preview,People also ask,Sitelinks",10,0,0,2015-09-24,"633, 54, 33, 28, 46, 72, 36, 42, 53, 534, 26, 40, 37, 6, 5, 0, 0, 9, 3, 1, 1, 84, 0, 0",29
772,اللهم احفظ بلادنا من كل سوء,300,700,0,2,0,150,,,2026-05-13 4:26:14,"AI Overview,Thumbnail,Image pack,People also ask,Video preview",450,10,10,2016-10-19,,
773,ادعيه الطواف,300,350,500,1,0,5000,0.04,,2026-06-02 11:22:26,"AI Overview,Thumbnail,Video preview,Image pack,People also ask",5200,42000,44000,2015-09-28,"7840, 2122, 3167, 2313, 3448, 4350, 2754, 3573, 3762, 4710, 9775, 8742, 8495, 2298, 3428, 2502, 3728, 4701, 2975, 3858, 4060, 5080, 10538, 9420","9149, 2474, 3689, 2691, 4008, 5052, 3196, 4142, 4358, 5450, 11301, 10099"
774,دعاء الثلث الأخير من الليل للفرج,300,1600,2300,2,0,150,,,2026-05-14 13:08:16,"AI Overview,Thumbnail,Video preview,People also ask,Image pack",400,200,1100,2022-02-26,,
775,دعاء السحور,300,2700,1500,4,0,150,,,2026-05-12 18:48:54,"AI Overview,Image pack,People also ask,Video preview",1400,30,300,2016-06-06,,
776,دعاء لأولادي ربنا يحفظهم,300,800,120,2,0,150,0.04,,2026-06-05 0:33:51,"AI Overview,Thumbnail,Image pack,People also ask,Video preview,Sitelinks",600,0,20,2020-12-04,,
777,دعاء الرحمه,300,1250,900,3,0,150,,,2026-05-16 1:00:09,"AI Overview,People also ask,Image pack",400,150,300,2015-12-22,,
778,دعاء لامي المتوفية يوم الجمعة,300,1720,4400,8,0,150,0.03,,2026-05-17 1:41:57,"AI Overview,Thumbnail,People also ask,Video preview,Image pack",1300,250,600,2020-04-03,,
779,دعاء اختبار,300,300,150,1,2,1200,0.02,,2026-05-28 3:58:54,"AI Overview,People also ask,Image pack,Videos,Sitelinks,Video preview",1700,4300,6100,2015-10-18,"2130, 247, 248, 1023, 2173, 3521, 2174, 523, 3498, 350, 1020, 1874, 2035, 207, 204, 420, 1379, 598, 2214, 961, 2870, 693, 1137, 1528","1977, 673, 696, 845, 1422, 1453, 1945, 1207, 2145, 1360, 1311, 1613"
780,دعاء العيد الفطر,300,2620,1610,5,0,200,,,2026-05-09 3:47:12,"AI Overview,People also ask,Image pack",1100,100,400,2016-07-06,"123, 0, 3, 2, 1, 4, 0, 0, 1, 1840, 30, 1, 2, 4, 9, 4, 5, 5, 6, 20, 10, 2062, 4, 648",
781,دعاء لطفلي,300,800,300,1,0,40,,,2026-05-11 7:04:57,"AI Overview,Thumbnail,People also ask,Image pack",150,100,300,2018-02-17,,
782,دعاء الفرح,300,1560,300,2,0,300,0.02,0.7,2026-05-13 11:20:02,"AI Overview,People also ask,Image pack",1500,70,150,2015-09-13,"355, 435, 368, 365, 431, 368, 438, 367, 356, 438, 346, 355, 287, 353, 296, 278, 276, 221, 232, 265, 246, 273, 279, 289","257, 255, 244, 227, 245, 250, 246, 258, 240, 268, 275, 285"
783,دعاء الابتلاء,300,1400,400,1,0,300,0.02,1.03,2026-06-03 9:05:14,"AI Overview,Thumbnail,People also ask,Image pack",1400,100,400,2015-10-22,"259, 320, 325, 319, 392, 318, 316, 315, 311, 304, 310, 326, 308, 322, 315, 265, 263, 253, 255, 262, 212, 254, 324, 310","303, 320, 327, 297, 313, 284, 318, 314, 334, 428, 332, 316"
784,ادعية الفرج,300,1900,3500,1,0,350,0.03,0.68,2026-06-08 6:21:59,"AI Overview,Thumbnail,Image pack,People also ask,Video preview",1600,600,3800,2015-09-01,"487, 481, 485, 399, 488, 398, 405, 413, 396, 491, 333, 413, 329, 399, 396, 326, 394, 322, 325, 340, 340, 393, 380, 360","340, 347, 354, 350, 361, 318, 309, 325, 325, 376, 363, 344"
785,دعاء الحيرة في امر,300,1100,380,4,0,90,,,2026-05-21 13:05:45,"AI Overview,Video preview,Thumbnail,People also ask,Image pack,Videos",250,10,40,2015-11-18,,
786,صباحيات دعاء,300,3200,40,1,0,400,0.05,,2026-05-08 4:15:29,"People also ask,Video preview",1400,600,800,2015-11-19,"467, 573, 613, 574, 586, 462, 463, 397, 263, 146, 410, 431, 378, 367, 450, 425, 344, 416, 433, 373, 350, 352, 335, 401","444, 402, 408, 422, 416, 417, 401, 373, 350, 352, 335, 401"
787,دعاء لهداية الابناء,300,1560,900,4,0,250,0.08,,2026-05-23 7:55:47,"AI Overview,People also ask,Image pack,Video preview",1000,100,250,2016-01-28,"315, 248, 250, 316, 259, 236, 205, 223, 186, 397, 200, 165, 270, 201, 253, 293, 344, 271, 241, 250, 236, 299, 241, 251","293, 261, 300, 301, 340, 312, 302, 301, 307, 285, 296, 310"
788,دعاء الرعد والبرق,290,1450,7000,2,0,1200,,0.56,2026-06-04 10:59:26,"AI Overview,Thumbnail,People also ask,Image pack,Video preview",16000,1200,3300,2015-10-17,"57, 91, 5388, 3411, 1485, 1933, 23, 1414, 197, 2739, 885, 133, 10, 47, 2004, 133, 26, 1656, 5797, 238, 669, 1569, 2593, 865","4, 150, 1704, 413, 1061, 2772, 920, 1194, 778, 1664, 2677, 939"
789,دعاء عن بر الوالدين,290,700,2600,7,0,100,0.06,1.33,2026-05-06 19:30:06,"AI Overview,People also ask,Video preview",350,90,200,2015-09-01,"31, 30, 180, 414, 271, 151, 258, 130, 42, 55, 223, 143, 29, 24, 46, 259, 208, 162, 70, 109, 116, 170, 100, 200","76, 45, 79, 195, 208, 143, 138, 116, 123, 180, 106, 212"
790,دعاء ليلة ٢٧,290,850,610,4,0,150,,,2026-06-06 11:40:10,"AI Overview,Thumbnail,People also ask,Image pack,Video preview",200,200,200,2020-04-30,,
791,دعاء التوسل مكتوب,290,1010,700,3,0,250,0.07,0.94,2026-05-22 4:41:17,Video preview,700,100,250,2015-09-01,"348, 224, 200, 199, 200, 204, 248, 243, 265, 221, 333, 329, 358, 234, 210, 208, 209, 214, 258, 252, 274, 231, 343, 339","368, 244, 220, 218, 219, 224, 268, 262, 284, 241, 352, 349"
792,دعاء لطفل ميت,290,1590,3800,5,0,200,,,2026-05-18 4:15:52,"AI Overview,People also ask,Video preview,Image pack",600,200,800,2015-12-09,"241, 239, 202, 240, 183, 216, 181, 237, 163, 230, 199, 158, 166, 193, 167, 296, 201, 198, 170, 200, 236, 206, 220, 208","202, 202, 199, 221, 213, 215, 218, 212, 249, 219, 232, 220"
793,دعاء لاختبار القدرات,290,290,450,3,0,100,,,2026-05-23 20:22:19,"AI Overview,People also ask,Video preview",100,100,100,2016-02-23,,
794,كلام حلو لشخص مريض تويتر,290,950,270,2,0,350,,,2026-05-30 4:29:45,"AI Overview,Thumbnail,People also ask,Image pack",900,10,10,2018-07-05,"343, 333, 381, 432, 489, 407, 521, 440, 393, 186, 339, 419, 223, 281, 356, 420, 532, 444, 439, 392, 318, 227, 369, 542","336, 391, 463, 515, 573, 436, 474, 426, 371, 243, 421, 567"
795,دعاء لأخذ الحق من شخص,280,510,12750,8,0,300,0.03,,2026-05-14 22:34:37,"AI Overview,People also ask,Image pack",1600,350,1700,2022-10-11,"1093, 587, 610, 595, 905, 801, 773, 584, 565, 931, 446, 556, 433, 436, 277, 356, 324, 290, 237, 201, 192, 297, 203, 153","205, 181, 227, 134, 169, 153, 166, 124, 104, 237, 128, 93"
796,لا اله الا انت سبحانك اني كنت من الظالمين,280,770,7200,3,1,7500,0.04,0.48,2026-06-01 7:00:54,"AI Overview,Thumbnail,People also ask,Image pack,Videos,Video preview",32000,1600,3200,2015-09-01,"6771, 8195, 8009, 7886, 7571, 7907, 7610, 6801, 7275, 7695, 7822, 7989, 6667, 8091, 7905, 7782, 7467, 7804, 7506, 6697, 7172, 7591, 7718, 7885","6563, 7987, 7801, 7678, 7363, 7700, 7402, 6593, 7068, 7487, 7614, 7781"
797,دعاء يوم عرفة,280,4190,209800,16,0,10000,0.01,0.83,2026-05-27 18:16:06,"AI Overview,People also ask,Image pack,Video preview",45000,3100,7700,2015-09-07,"55550, 50206, 22942, 7145, 465, 445, 409, 1511, 853, 503, 399, 452, 47740, 43218, 19782, 6171, 402, 385, 355, 1314, 743, 439, 348, 395","41851, 37950, 17399, 5436, 355, 341, 314, 1165, 660, 391, 310, 353"
798,دعاء العين والحسد مكتوبة,280,2450,1500,2,0,250,0.03,,2026-05-06 6:24:50,"AI Overview,People also ask",2300,90,700,2020-04-06,"287, 291, 244, 313, 256, 307, 264, 258, 261, 305, 319, 310, 315, 256, 255, 255, 259, 251, 259, 262, 258, 265, 260, 276","291, 279, 275, 281, 255, 259, 239, 247, 245, 250, 246, 262"
799,دعاء عشر ذي الحجه,270,1600,8600,4,0,450,,1.37,2026-05-07 0:30:55,"AI Overview,People also ask,Video preview",900,600,2100,2015-09-13,"4378, 27, 7, 7, 3, 7, 9, 16, 9, 9, 7, 2940, 1041, 17, 7, 4, 5, 5, 4, 334, 330, 335, 338, 2446","171, 1, 257, 274, 267, 261, 250, 478, 482, 487, 492, 589"
800,دعاء عيد ميلادي,270,7820,9700,6,0,150,0.15,,2026-05-12 19:30:20,"AI Overview,Thumbnail,Video preview,People also ask,Image pack",5000,30,2600,2015-11-21,,
801,دعاء فتح محل جديد,270,1990,1800,5,0,90,,,2026-05-25 15:06:39,"AI Overview,Thumbnail,Video preview,People also ask,Sitelinks,Image pack",700,90,600,2016-11-06,,
802,دعاء الاكل للاطفال,270,1480,1060,4,0,150,,,2026-05-09 3:43:50,"AI Overview,Thumbnail,Video preview,People also ask,Image pack",600,80,400,2015-09-06,,
803,دعاء للابناء في ليلة القدر,270,740,490,4,0,150,,,2026-05-16 9:08:05,"AI Overview,Thumbnail,Video preview,People also ask,Image pack",400,100,150,2020-05-13,"129, 120, 117, 118, 118, 119, 120, 122, 123, 152, 1, 155, 153, 154, 156, 157, 158, 159, 160, 161, 163, 164, 176, 170","168, 169, 171, 172, 173, 174, 176, 177, 178, 180, 188, 185"
804,دعاء البقيع,270,270,300,2,0,200,,,2026-05-11 13:54:39,"AI Overview,People also ask,Image pack,Video preview",200,150,150,2016-05-03,,
805,دعاء النصر والمهابة,270,370,340,4,0,150,,1,2026-05-11 3:21:07,"Image pack,People also ask",200,100,100,2015-09-12,,
806,دعاء مقام ابراهيم,270,270,300,3,0,250,0.1,,2026-05-04 10:25:09,"AI Overview,People also ask",300,50,50,2015-12-07,"202, 258, 215, 218, 240, 228, 199, 248, 209, 975, 186, 350, 160, 293, 331, 160, 151, 239, 231, 283, 258, 432, 396, 254","219, 242, 307, 262, 268, 290, 281, 300, 275, 449, 413"
807,دعاء العمرة للمتوفي,270,300,3600,4,2,500,0.04,,2026-05-25 4:04:58,"AI Overview,Thumbnail,People also ask,Video preview,Image pack",600,1100,1200,2018-03-24,"122, 354, 366, 289, 423, 492, 656, 677, 654, 1204, 286, 75, 196, 337, 348, 342, 506, 529, 817, 675, 663, 1058, 526, 232","299, 456, 494, 484, 609, 649, 840, 774, 758, 1155, 624, 332"
808,دعاء الاستجابه,270,640,1400,2,1,250,0.01,,2026-05-21 5:37:41,"AI Overview,People also ask,Image pack",600,40,700,2015-09-20,"355, 364, 458, 314, 369, 347, 310, 319, 311, 492, 199, 265, 245, 273, 276, 268, 262, 229, 297, 278, 262, 322, 304, 279","262, 281, 284, 249, 267, 277, 269, 278, 262, 322, 304, 279"
809,دعاء لصديقي المتوفي,270,1150,550,3,2,200,,,2026-05-27 0:19:32,"AI Overview,People also ask,Image pack",900,30,200,2017-12-15,,
810,دعاء 7 رمضان,260,2400,190,2,0,60,,,2026-05-09 20:27:29,"AI Overview,Image pack,People also ask,Video preview",400,30,40,2018-05-21,,
811,دعاء لتسهيل أمر عند الدخول على ذي سلطان,260,1170,300,4,0,150,,,2026-06-08 0:09:54,"AI Overview,Image pack,People also ask,Video preview",700,50,100,2020-08-08,,
812,تعزية وفاة,260,430,7300,2,0,600,,1.08,2026-06-09 7:48:24,"AI Overview,People also ask,Image pack,Top stories,Thumbnail,Video preview",12000,1800,3600,2015-09-06,"511, 429, 429, 501, 492, 523, 528, 533, 503, 540, 635, 631, 611, 530, 514, 632, 658, 644, 668, 667, 649, 638, 724, 820","723, 733, 661, 659, 634, 771, 672, 695, 674, 666, 750, 848"
813,معلمتي,260,480,550,3,0,1400,0.06,0.41,2026-05-23 15:32:25,"AI Overview,Image pack,People also ask,Video preview,Thumbnail",2700,150,150,2015-09-04,"1531, 534, 909, 1284, 4425, 893, 1471, 1091, 939, 533, 952, 2703, 948, 534, 590, 964, 3075, 993, 1789, 835, 762, 1130, 1936, 1437","1368, 271, 283, 580, 4969, 1124, 1754, 797, 726, 1102, 1908, 1379"
814,الدعاء يوم الاربعاء,260,440,6620,9,0,450,0.06,1.15,2026-06-02 15:06:11,"AI Overview,Thumbnail,People also ask,Video preview,Image pack",700,800,900,2015-10-07,"385, 469, 393, 490, 585, 393, 379, 384, 252, 214, 315, 390, 472, 664, 483, 490, 469, 467, 396, 379, 350, 352, 328, 355","382, 397, 388, 460, 431, 422, 395, 353, 323, 326, 302, 329"
815,دعاء الخضر عليه السلام,260,2300,700,4,0,100,,,2026-05-13 20:26:03,"AI Overview,Thumbnail,Image pack,People also ask,Video preview",400,20,150,2015-09-20,"398, 722, 897, 587, 313, 188, 164, 201, 95, 222, 93, 153, 51, 49, 110, 228, 67, 62, 59, 118, 296, 350, 98, 0",150
816,دعاء البركة في الوقت,260,1030,1000,5,0,150,,,2026-05-07 7:54:11,"AI Overview,Video preview,Thumbnail,People also ask,Sitelinks",600,90,200,2017-04-28,,
817,دعاء عيد الاضحى,260,1610,1200,4,0,250,0.03,0.81,2026-05-17 19:18:51,"AI Overview,People also ask,Image pack,Video preview",1500,80,450,2015-09-17,"2706, 8, 7, 8, 4, 10, 7, 3, 7, 56, 17, 798, 1828, 4, 8, 5, 5, 4, 5, 92, 91, 132, 72, 694","1614, 1, 104, 107, 97, 94, 93, 156, 156, 164, 170, 301"
818,دعاء آخر الليل للرزق,260,590,390,3,0,200,0.04,,2026-06-05 14:51:44,"People also ask,Image pack",450,100,150,2020-03-24,"372, 559, 386, 471, 477, 460, 364, 347, 234, 238, 152, 187, 190, 200, 257, 255, 255, 191, 257, 259, 223, 212, 163, 179","190, 231, 229, 222, 261, 257, 243, 258, 222, 211, 162, 178"
819,ادعية تريح القلب,260,1410,1400,2,0,250,0.02,0.81,2026-05-10 14:14:30,"People also ask,Image pack,Video preview",1100,200,600,2015-09-03,"261, 237, 296, 307, 375, 365, 368, 311, 290, 374, 243, 265, 200, 213, 266, 263, 254, 253, 307, 276, 309, 306, 293, 264","246, 269, 269, 249, 303, 277, 290, 275, 309, 303, 293, 262"
820,دعاء عن الصدقه,260,600,400,2,0,150,0.4,,2026-05-19 14:53:32,"AI Overview,People also ask,Image pack,Video preview",250,200,300,2015-11-24,,
821,دعاء لاخواتي,260,510,2520,8,0,350,0.05,,2026-06-07 10:17:46,"AI Overview,Thumbnail,People also ask,Image pack,Video preview",1000,700,900,2015-09-24,"716, 379, 377, 251, 375, 395, 389, 394, 371, 1352, 233, 302, 484, 392, 368, 229, 292, 280, 310, 408, 379, 581, 595, 403","442, 510, 413, 345, 368, 382, 400, 427, 398, 600, 614"
822,دعاء ٣ رمضان,260,1180,950,5,0,90,,,2026-05-06 19:34:57,"People also ask,Video preview",450,150,250,2020-04-23,,
823,دعا للميت,260,850,10900,3,7,800,0.02,1.03,2026-05-23 8:41:20,"AI Overview,People also ask,Video preview,Image pack",1600,68000,299000,2015-09-15,"1179, 966, 1165, 965, 987, 1189, 988, 1188, 1000, 1259, 828, 841, 825, 826, 817, 816, 833, 821, 839, 869, 830, 917, 892, 890","837, 884, 830, 801, 824, 830, 836, 868, 830, 917, 891, 890"
824,دعاء ثاني يوم رمضان,260,2930,1200,3,0,150,0.2,,2026-05-17 10:36:24,"People also ask,Image pack",2400,70,350,2016-06-06,,
825,دعاء فك السحر,260,1240,600,3,0,200,0.3,0.95,2026-05-24 12:43:36,"AI Overview,Video preview,Thumbnail,People also ask,Image pack",600,60,150,2015-09-10,"262, 240, 226, 202, 223, 241, 184, 183, 203, 256, 159, 239, 239, 248, 208, 163, 194, 151, 156, 132, 129, 153, 155, 156","156, 161, 131, 131, 149, 142, 136, 112, 111, 134, 137, 138"
826,دعاء يحبه الله ويستجيب,260,520,300,2,0,250,0.04,,2026-05-27 11:35:14,"AI Overview,People also ask,Video preview,Image pack",500,60,150,2016-02-09,"289, 192, 236, 213, 229, 219, 279, 378, 303, 635, 208, 223, 251, 190, 235, 184, 269, 215, 265, 232, 187, 244, 313, 236","267, 315, 321, 266, 268, 235, 272, 240, 194, 252, 324"
827,دعاء الرفع من الركوع,250,260,400,2,0,250,0.1,1.06,2026-05-18 21:29:32,"AI Overview,People also ask,Image pack,Video preview",250,200,200,2015-09-06,"202, 197, 199, 159, 194, 191, 232, 190, 190, 971, 190, 193, 156, 191, 159, 209, 145, 242, 237, 211, 260, 766, 281, 208","193, 219, 196, 248, 188, 239, 237, 248, 240, 513, 429, 246"
828,دعاء الدوام,250,300,30,1,0,250,,,2026-05-15 2:41:59,"Image pack,People also ask",300,30,30,2019-02-10,"69, 83, 135, 162, 140, 146, 116, 174, 142, 99, 200, 192, 130, 135, 204, 265, 292, 302, 290, 296, 298, 304, 302, 316","307, 313, 337, 352, 341, 354, 356, 370, 372, 378, 376, 390"
829,دعاء عند صعوبة النوم,250,1300,1400,1,0,250,,,2026-05-26 19:56:47,"AI Overview,People also ask,Image pack",1300,400,1400,2018-10-18,"518, 568, 628, 631, 620, 517, 417, 403, 360, 334, 300, 289, 360, 251, 248, 246, 208, 224, 205, 209, 200, 206, 210, 209","179, 201, 246, 210, 187, 189, 193, 187, 179, 184, 188, 187"
830,دعاء الفوز,250,900,1250,5,0,150,,,2026-05-16 5:57:45,"AI Overview,Video preview,Thumbnail,People also ask,Image pack",600,100,250,2016-02-07,"112, 202, 148, 190, 152, 153, 167, 148, 180, 531, 181, 119, 80, 124, 168, 157, 152, 111, 182, 140, 239, 275, 99, 4",127
831,دعاء الغيث المطر,250,1400,10,1,0,30,,,2026-05-30 3:06:32,"AI Overview,Thumbnail,People also ask,Image pack,Videos,Video preview,Sitelinks",70,1100,5000,2017-01-18,,
832,دعاء سجود السهو,250,300,70,1,0,250,0.01,1.24,2026-05-13 20:36:06,"AI Overview,People also ask,Image pack,Video preview",300,60,70,2015-09-10,"202, 223, 222, 268, 249, 210, 280, 275, 275, 721, 204, 165, 159, 163, 201, 192, 185, 200, 181, 261, 289, 377, 461, 400","241, 245, 246, 238, 245, 229, 241, 261, 289, 377, 462, 401"
833,الدعاء عند مقام ابراهيم,250,300,50,1,0,150,,,2026-05-22 8:08:46,"Featured snippet,People also ask,Image pack,Sitelinks",150,100,100,2016-06-27,,
834,تهنئة ختم القران,250,450,1200,1,0,250,,1.12,2026-05-03 10:25:41,"AI Overview,People also ask,Video preview",700,700,900,2015-09-20,"320, 84, 137, 321, 575, 383, 684, 821, 1198, 693, 184, 587, 36, 62, 52, 60, 152, 120, 177, 212, 400, 324, 534, 576",479
835,دعاء آخر ساعة من يوم الجمعة للاولاد,250,600,40,1,0,250,,,2026-06-01 7:12:51,"AI Overview,Thumbnail,People also ask,Image pack",600,30,40,2021-06-11,"169, 213, 274, 227, 178, 149, 180, 181, 137, 182, 142, 267, 142, 148, 269, 225, 275, 259, 244, 250, 250, 259, 246, 271","267, 273, 305, 295, 294, 292, 299, 305, 305, 314, 301, 325"
836,دعاء نية صوم رمضان,250,2300,300,1,0,50,,,2026-06-05 6:15:28,"AI Overview,Thumbnail,People also ask,Image pack",600,1300,5500,2016-06-05,,
837,اول جمعه في رمضان,250,1290,850,3,0,500,0.04,0.55,2026-05-06 6:28:27,"People also ask,AI Overview,Video preview,Thumbnail",1500,200,300,2016-06-09,"1288, 27, 18, 17, 19, 19, 51, 17, 30, 2116, 1851, 1012, 1125, 24, 16, 15, 17, 16, 44, 15, 27, 1871, 1639, 897","999, 21, 14, 13, 15, 15, 40, 14, 24, 1681, 1474, 808"
838,دعاء الوسوسه,250,610,200,2,0,100,0.35,,2026-05-19 21:21:38,"Image pack,People also ask,Sitelinks",150,500,1000,2020-01-16,,
839,دعاء لشفاء المريض مفاتيح الجنان,250,1100,250,1,0,250,,,2026-05-08 5:31:50,"AI Overview,People also ask",1100,30,250,2015-10-12,"298, 274, 131, 403, 358, 319, 235, 275, 217, 197, 186, 171, 153, 205, 195, 247, 275, 221, 235, 320, 263, 292, 51, 190",
840,دعاء قبل النوم يجعلك تسمع خبر سعيد في الصباح,250,1500,100,1,0,250,,,2026-05-17 23:01:06,"Featured snippet,People also ask,Video preview,Image pack",1500,20,100,2020-02-17,"535, 543, 519, 528, 547, 528, 553, 535, 431, 297, 443, 533, 416, 357, 273, 354, 261, 128, 209, 179, 138, 96, 74, 116","100, 88, 99, 140, 159, 126, 175, 149, 107, 67, 44, 88"
841,استفتاح قيام الليل,250,700,700,1,0,100,,,2026-06-05 9:34:20,"Image pack,People also ask,Video preview",200,150,700,2016-05-31,,
842,دعاء الاستخارة قبل النوم,250,3110,1600,2,1,250,0.03,,2026-05-25 3:35:32,"AI Overview,Image pack,People also ask",3100,70,800,2020-01-19,"197, 305, 372, 297, 372, 273, 241, 299, 190, 242, 314, 245, 285, 300, 357, 240, 231, 219, 232, 231, 187, 186, 180, 194","226, 240, 286, 220, 207, 185, 211, 207, 164, 163, 157, 171"
843,دعاء ذنوب الخلوات,250,600,100,1,0,250,,,2026-05-11 15:18:44,"AI Overview,People also ask,Image pack",600,100,100,2017-04-15,"225, 289, 271, 280, 306, 441, 313, 264, 299, 238, 389, 401, 548, 388, 245, 279, 224, 333, 410, 205, 68, 125, 1, 63",
844,دعاء الاختبارات النهائية,250,5120,29700,4,2,1700,0.01,,2026-05-21 8:34:58,"AI Overview,Image pack,People also ask,Video preview",2100,1900,8300,2015-12-22,"11425, 19, 29, 86, 2795, 6153, 3388, 137, 9406, 58, 1586, 4898, 4486, 13, 10, 9, 39, 33, 570, 5633, 3419, 743, 660, 5","4380, 3, 3, 2, 2, 3688, 2, 1, 2001, 1, 1, 1"
845,دعاء تحصين النفس من الجن العاشق,250,1900,0,1,0,20,,,2026-05-18 12:06:19,"People also ask,Image pack",80,400,800,2020-07-19,,
846,30 دعاء للام المتوفية,250,1900,2200,1,0,250,0.07,,2026-05-09 0:57:59,"People also ask,Image pack,Video preview",1900,300,2200,2021-03-26,"1205, 1191, 944, 669, 245, 299, 104, 130, 103, 98, 48, 81, 66, 241, 558, 456, 374, 195, 200, 226, 199, 271, 169, 166","170, 233, 206, 200, 180, 178, 196, 218, 191, 263, 161, 158"
847,دعاء اخر يوم رمضان,250,1200,500,1,0,2200,,,2026-05-26 4:27:45,"AI Overview,Image pack,People also ask,Video preview",6200,500,1600,2017-06-24,"1473, 859, 1148, 1125, 1093, 1056, 1012, 960, 897, 759, 12013, 1, 2303, 2416, 2568, 2612, 2653, 2694, 2736, 2778, 2819, 2789, 1, 1136","2382, 2752, 2748, 2802, 2857, 2915, 2976, 3042, 3111, 3160, 1, 3290"
848,دعاء يوسف,250,360,450,3,0,150,0.01,0.39,2026-05-29 0:45:41,"AI Overview,Thumbnail,People also ask,Videos,Image pack,Sitelinks",200,40,150,2015-12-11,"234, 153, 106, 79, 124, 101, 106, 124, 99, 205, 110, 86, 427, 130, 104, 99, 99, 86, 99, 89, 94, 113, 108, 103","257, 221, 102, 102, 98, 92, 88, 86, 91, 110, 106"
849,دعاء سورة الفتح,250,2600,1200,2,2,150,,,2026-05-13 10:33:18,"AI Overview,People also ask,Image pack,Video preview",2000,60,600,2018-03-05,,
850,دعاء غير الله,250,250,450,5,0,150,,1,2026-05-26 20:45:44,"AI Overview,Thumbnail,People also ask,Video preview",150,90,90,2015-10-19,"160, 113, 111, 318, 690, 237, 209, 71, 68, 68, 85, 69, 127, 70, 56, 128, 329, 197, 211, 110, 91, 315, 137, 104","93, 68, 61, 122, 484, 1020, 294, 132, 109, 375, 163, 123"
851,دعاء لتسهيل الولادة وحفظ الجنين,250,800,2000,2,0,1100,0.01,,2026-05-23 23:59:55,"AI Overview,People also ask,Image pack,Video preview",4800,450,800,2020-01-10,"783, 770, 907, 1152, 1157, 871, 877, 879, 878, 1179, 1167, 922, 1092, 889, 905, 1163, 1406, 1184, 1145, 1153, 1164, 1240, 1235, 1221","1177, 1173, 1212, 1307, 1382, 1349, 1314, 1309, 1320, 1396, 1392, 1377"
852,دعاء بعد الاختبار,250,300,500,1,0,250,,,2026-05-05 5:16:24,"AI Overview,People also ask",300,100,500,2016-04-11,"280, 60, 77, 163, 390, 367, 572, 135, 384, 177, 207, 576, 185, 67, 72, 92, 311, 167, 471, 164, 274, 245, 237, 273","272, 163, 173, 174, 287, 418, 421, 177, 285, 257, 250"
853,دعاء الشوط الخامس في الطواف,250,250,100,1,0,250,0.06,,2026-05-27 20:40:26,"AI Overview,People also ask,Image pack",250,100,100,2021-03-10,"162, 130, 161, 164, 159, 198, 243, 365, 197, 551, 131, 105, 159, 164, 162, 163, 242, 240, 297, 399, 219, 585, 143, 139","175, 190, 186, 197, 285, 267, 324, 422, 241, 607, 164, 160"
854,افضل الدعاء في رمضان,240,500,10700,2,0,150,,,2026-05-11 12:40:07,"AI Overview,Thumbnail,People also ask,Image pack",300,1200,6100,2016-06-11,,
855,زيارة شهداء احد,240,240,200,2,0,400,,1.25,2026-05-27 18:51:21,"People also ask,Image pack",400,250,250,2015-09-05,"433, 461, 573, 275, 263, 495, 267, 587, 229, 197, 449, 260, 314, 566, 540, 197, 234, 461, 379, 491, 326, 293, 456, 343","379, 528, 545, 304, 320, 493, 384, 512, 386, 333, 471, 380"
856,دعاء فجر الجمعة,240,2680,1720,4,0,200,0.05,,2026-05-20 5:09:49,"AI Overview,People also ask,Video preview,Image pack",2400,30,70,2015-10-02,,
857,دعاء غروب الجمعه,240,390,1150,7,0,100,,,2026-06-06 20:07:56,"AI Overview,Thumbnail,People also ask,Image pack,Video preview",100,90,150,2019-07-26,,
858,دعاء تربة ارضنا,240,650,260,3,0,150,,,2026-05-16 15:57:55,"AI Overview,Thumbnail,People also ask,Video preview,Image pack",400,70,150,2020-01-11,,
859,دعاء القرب من الله,240,1650,1600,5,0,80,,,2026-05-28 21:55:40,"AI Overview,Thumbnail,People also ask,Videos,Image pack,Video preview",450,90,300,2016-05-09,,
860,دعاء اليوم العشرين من رمضان,240,1650,530,3,0,80,,,2026-05-08 15:46:28,"Video preview,People also ask,Image pack",800,30,250,2016-06-25,,
861,دعاء الوظيفة,240,670,3900,5,0,500,0.2,,2026-05-28 9:08:51,"AI Overview,People also ask,Image pack,Video preview",900,350,1100,2016-02-05,"1377, 658, 810, 665, 663, 662, 551, 525, 412, 1446, 505, 496, 1111, 455, 469, 409, 368, 326, 393, 299, 246, 1332, 225, 414","920, 424, 405, 378, 342, 295, 439, 254, 228, 1309, 204, 394"
862,دعاء الغنى,240,1050,5700,2,7,250,,,2026-06-08 3:39:01,"AI Overview,Thumbnail,Image pack,People also ask,Video preview",800,1800,7700,2015-09-28,"459, 159, 242, 258, 220, 214, 179, 207, 249, 551, 210, 208, 391, 259, 294, 203, 244, 210, 265, 239, 276, 369, 295, 239","306, 250, 246, 204, 235, 229, 273, 246, 243, 299, 295"
863,دعاء شامل لكل شي ومختصر,230,540,9500,6,4,450,0.04,,2026-05-23 23:50:06,"AI Overview,Image pack,People also ask",1200,57000,132000,2019-01-18,"819, 587, 606, 491, 728, 582, 562, 729, 359, 1612, 219, 324, 352, 274, 405, 393, 496, 474, 413, 435, 406, 641, 491, 418","475, 459, 425, 410, 453, 412, 397, 427, 399, 636, 486, 414"
864,دعاء العشر الأوائل من رمضان,230,1250,350,2,0,200,,,2026-05-15 17:30:31,"People also ask,Image pack",1100,80,200,2016-06-27,,
865,ادعية,230,400,10800,2,9,16000,0.02,0.61,2026-06-01 7:39:50,"People also ask,Image pack,Video preview",61000,40000,114000,2015-09-01,"23261, 11605, 12461, 11528, 12467, 12482, 12877, 14398, 12909, 46223, 9001, 11601, 17927, 11597, 14407, 13419, 13946, 14664, 14061, 16067, 14984, 36777, 14165, 15500","20888, 12191, 16120, 14811, 15338, 15675, 15844, 16519, 16036, 28180, 21066, 15648"
866,دعاء لاخي المريض,230,810,450,3,0,200,0.03,,2026-06-06 11:25:02,"AI Overview,Thumbnail,People also ask,Image pack,Video preview",600,90,150,2020-02-17,,
867,دعاء لرمضان اللهم بلغنا رمضان,230,820,5000,3,0,100,,,2026-05-26 6:03:41,"People also ask,Video preview,Image pack,Sitelinks",450,600,1800,2020-04-20,,
868,اللهم لا سهل إلا ماجعلته سهلا,230,1210,3630,6,0,6000,0.09,0.57,2026-06-08 3:58:27,"AI Overview,Thumbnail,People also ask,Image pack,Video preview",8300,1700,1700,2015-10-01,"8027, 1549, 1656, 3025, 4870, 6030, 13092, 5890, 4361, 4128, 5720, 9598, 8674, 1673, 1787, 3264, 5253, 6501, 14108, 6344, 4695, 4442, 6153, 10319","9322, 1797, 1919, 3504, 5635, 6972, 15123, 6798, 5029, 4756, 6586, 11041"
869,دعاء سمير,230,2240,2840,6,0,150,,0.74,2026-05-20 22:57:55,"Image pack,People also ask,Video preview",800,40,600,2015-09-28,"170, 135, 112, 845, 111, 108, 87, 110, 391, 197, 137, 107, 85, 85, 73, 66, 102, 129, 150, 325, 103, 133, 182, 211","108, 150, 207, 327, 13, 16, 9, 294, 69, 104, 155, 184"
870,دعاء الحر,230,3300,800,2,0,200,,0.79,2026-06-02 23:39:17,"AI Overview,People also ask,Image pack",1600,20,300,2015-09-03,"1531, 582, 253, 67, 27, 19, 26, 13, 13, 46, 141, 468, 552, 427, 409, 92, 26, 13, 13, 119, 130, 139, 186, 397","655, 464, 338, 191, 124, 133, 120, 125, 135, 145, 191, 402"
871,اللهم ان كان رزقي في السماء فانزله,230,380,5000,2,0,2400,0.03,,2026-05-26 11:29:29,"Image pack,People also ask,Video preview",3000,1100,2300,2015-12-27,"511, 422, 1136, 2103, 2660, 1704, 921, 490, 547, 4557, 1584, 846, 998, 2023, 3405, 2788, 2666, 2247, 2275, 2533, 2591, 3067, 2919, 2862","2991, 3112, 3368, 3475, 3600, 3515, 3557, 3611, 3669, 4145, 3997, 3940"
872,زيارة عاشوراء,230,1350,506000,5,0,26000,0.03,0.82,2026-06-04 2:46:04,"Video preview,Image pack",280000,9100,127000,2015-09-01,"19534, 46109, 27428, 20051, 22381, 23301, 22645, 23812, 20420, 21923, 20235, 23809, 31839, 54588, 30319, 20809, 21412, 20284, 21932, 21433, 20208, 21473, 19615, 22579","28221, 50115, 28269, 21178, 22448, 21569, 23471, 24370, 20517, 21748, 19870, 22814"
873,دعاء لإزالة الهم عن شخص,230,2140,2050,4,0,150,,,2026-05-28 21:55:50,"AI Overview,People also ask,Image pack",800,90,450,2021-12-27,,
874,دعاء جمع الحبيبين في الحلال,230,1810,1250,3,0,80,,,2026-05-13 8:54:36,"AI Overview,Thumbnail,People also ask,Image pack,Video preview",600,40,400,2020-02-10,,
875,دعاء قبل المقابلة الشخصية,230,300,700,3,0,100,,,2026-05-19 0:37:58,"AI Overview,Thumbnail,People also ask,Image pack,Videos",100,150,250,2017-10-29,,
876,دعاء للموتى,230,590,37700,8,4,4400,0.02,0.64,2026-06-02 7:21:40,"AI Overview,Thumbnail,People also ask,Image pack,Video preview",6300,800,1200,2015-09-04,"4581, 4954, 4120, 3565, 3522, 4302, 4177, 4395, 4268, 4133, 5293, 5329, 4642, 5013, 4178, 3622, 3578, 4357, 4231, 4448, 4319, 4184, 5342, 5378","4689, 5059, 4223, 3666, 3622, 4400, 4272, 4488, 4359, 4223, 5380, 5415"
877,دعاء السفر الشيعة,220,360,1100,2,0,200,0.03,,2026-05-13 0:46:44,"Video preview,Image pack",300,90,500,2017-07-28,,
878,دعاء لبناتي,220,710,490,5,0,200,0.02,,2026-05-11 22:59:30,"AI Overview,People also ask,Image pack",500,80,150,2016-01-02,,
879,الرقية الشرعية,220,1250,134000,2,9,14000,0.03,0.69,2026-06-08 8:13:13,"Video preview,Image pack",101000,22000,107000,2015-09-01,"11724, 12956, 12253, 12028, 14816, 14464, 13895, 14167, 15107, 14868, 14108, 14223, 14235, 14483, 15156, 14397, 14766, 14418, 13853, 14127, 15066, 14830, 14074, 14191","14204, 14453, 15127, 14370, 14741, 14394, 13831, 14106, 15045, 14811, 14057, 14175"
880,دعاء الحفظ من المصائب,220,790,660,4,0,200,0.03,,2026-05-26 13:38:29,"AI Overview,People also ask,Image pack",700,10,60,2015-11-23,,
881,دعاء لاهل غزه,220,3640,13000,4,0,100,,,2026-05-28 10:27:26,"People also ask,Video preview,Image pack",1200,300,5500,2015-10-12,,
882,دعاء ليلة رجب,220,2400,400,2,0,150,,,2026-05-21 15:21:32,"People also ask,Video preview,Image pack,Videos",1200,100,200,2020-02-23,,
883,دعاء الريح والمطر,220,1900,500,2,0,150,,,2026-05-13 5:29:55,"AI Overview,Thumbnail,People also ask,Image pack,Video preview",1300,10,300,2015-09-08,"83, 62, 1050, 467, 471, 196, 75, 179, 115, 218, 252, 160, 64, 125, 573, 251, 207, 71, 163, 165, 118, 136, 38, 326","167, 166, 318, 206, 219, 204, 173, 187, 186, 235, 347, 196"
884,دعاء رد الحسد على الحاسد,220,760,100,2,0,20,,,2026-05-10 11:22:07,"AI Overview,Thumbnail,Video preview,People also ask,Image pack",60,10,50,2016-12-18,"39, 82, 39, 7, 28, 31, 3, 10, 7, 11, 17, 6, 7, 33, 29, 22, 19, 13, 6, 14, 9, 11, 9, 3",
885,يغفر الذنب المتكرر دعاء التوبة,220,1450,1400,3,3,90,,,2026-05-05 18:27:10,"AI Overview,Thumbnail,People also ask,Video preview",350,100,500,2022-08-03,,
886,دعاء لشخص بالسعادة وراحة البال,220,1680,1700,2,0,1400,0.07,,2026-05-23 0:26:10,"AI Overview,People also ask,Video preview,Image pack,Thumbnail,Sitelinks",2700,9200,14000,2021-05-21,"1404, 2189, 1465, 958, 1488, 1733, 1469, 1203, 1430, 3293, 1439, 1482, 845, 810, 920, 1712, 1486, 1685, 1509, 1275, 1301, 1703, 1716, 1062","829, 965, 968, 877, 907, 936, 912, 756, 767, 1208, 1234, 603"
887,دعاء الدراسة,220,4450,7700,3,0,400,0.03,0.52,2026-05-07 17:57:44,"AI Overview,People also ask",9200,200,2400,2015-09-10,"420, 186, 520, 641, 805, 531, 646, 325, 541, 429, 435, 533, 343, 131, 251, 416, 505, 321, 632, 393, 450, 406, 364, 388","356, 191, 337, 587, 576, 515, 514, 401, 457, 413, 371, 395"
888,الدعاء بالزوج الصالح,220,500,3100,2,0,200,,,2026-05-10 17:45:36,"AI Overview,People also ask,Image pack,Video preview",700,700,2300,2015-09-04,,
889,دعاء لولدي,220,1290,3300,3,0,350,0.05,,2026-06-08 6:26:03,"AI Overview,Thumbnail,People also ask,Image pack",450,7200,8700,2015-12-13,"687, 372, 391, 386, 454, 446, 315, 393, 334, 1034, 268, 337, 457, 270, 335, 328, 321, 260, 348, 382, 349, 476, 493, 365","432, 413, 377, 364, 389, 378, 378, 388, 356, 483, 499, 372"
890,دعاء صيام القضاء,220,550,200,2,0,70,,,2026-05-08 3:28:57,"AI Overview,Thumbnail,People also ask",250,50,50,2016-05-30,,
891,عام دراسي,220,1750,4600,2,3,7200,,0.58,2026-06-02 19:03:15,"Top stories,Thumbnail,People also ask,Video preview,Image pack",100000,204000,216000,2015-09-13,"8513, 11690, 19977, 5956, 5150, 4803, 17674, 8379, 5958, 2247, 980, 3189, 3768, 9828, 36988, 5954, 9313, 1469, 2703, 2269, 3106, 2028, 3414, 5584","3618, 4608, 13238, 21654, 6841, 3824, 4529, 3917, 3474, 2396, 3782, 5953, 3986"
892,اللهم اهدنا فيمن هديت دعاء صلاة التراويح pdf,220,600,700,2,0,150,,,2026-06-08 6:22:39,"Image pack,Video preview",450,150,350,2023-03-20,"31, 15, 14, 15, 17, 8, 9, 15, 140, 577, 2, 3, 2, 3, 4, 3, 4, 3, 4, 4, 1207, 329, 2, 488",
893,دعاء البيت الجديد,220,500,900,2,3,1400,0.06,0.96,2026-05-22 6:12:34,"AI Overview,People also ask,Image pack,Video preview,Sitelinks",3700,3000,5800,2015-09-03,"1635, 1667, 1689, 1343, 1622, 1648, 1518, 1665, 1639, 1324, 1311, 1336, 1630, 1653, 1681, 1346, 1323, 1287, 1262, 1385, 1323, 1415, 1228, 1275","1468, 1497, 1498, 1330, 1342, 1427, 1416, 1492, 1430, 1522, 1334"
894,دعاء العمرة كامل,220,290,70000,5,0,1500,0.07,,2026-05-19 23:05:43,"AI Overview,People also ask,Video preview,Image pack",1900,12000,15000,2015-11-12,"120, 599, 483, 327, 323, 315, 315, 316, 406, 9458, 216, 845, 80, 225, 2452, 1246, 718, 1524, 1814, 1185, 1161, 1992, 4776, 1356","2108, 812, 1612, 1083, 568, 1375, 1665, 1035, 1010, 1784, 4644, 1206"
895,ادعية بين الاذان والاقامة,210,370,4800,7,0,700,0.05,,2026-06-07 9:41:47,"AI Overview,Thumbnail,Image pack,People also ask,Video preview",900,500,600,2015-10-21,"613, 658, 645, 636, 648, 703, 614, 527, 509, 732, 405, 518, 505, 718, 905, 718, 679, 700, 926, 855, 798, 802, 707, 677","690, 800, 815, 728, 761, 801, 857, 871, 812, 815, 718, 687"
896,دعاء بنت محمد,210,260,310,7,0,50,,,2026-05-13 15:34:32,"AI Overview,Thumbnail,People also ask,Image pack,Video preview",60,40,40,2019-06-19,,
897,اللهم,210,730,9400,3,2,10000,0.02,0.22,2026-05-29 0:28:08,"AI Overview,People also ask,Image pack,Video preview",46000,1800,4000,2015-09-01,"11404, 8511, 9261, 8361, 8984, 9129, 9096, 9999, 10094, 19892, 8382, 9016, 11387, 8926, 9733, 8792, 9189, 9375, 9337, 10510, 10668, 20756, 8077, 9392","11782, 9322, 10129, 9189, 9588, 9774, 9737, 10911, 11070, 21159, 8480, 9797"
898,دعاء الحريق,210,1040,350,2,0,200,,,2026-05-08 10:13:52,"AI Overview,People also ask,Image pack",1000,30,150,2015-11-16,,
899,دعاء زيارة البقيع,210,280,750,3,0,200,,,2026-05-21 20:46:56,"AI Overview,People also ask,Image pack",250,200,250,2016-09-08,"302, 197, 196, 198, 199, 299, 301, 367, 251, 312, 208, 205, 162, 166, 207, 163, 167, 248, 258, 232, 182, 237, 159, 210","144, 203, 222, 185, 199, 219, 217, 200, 203, 203, 203, 207"
900,دعاء لتنزيل الدورة الشهرية خلال ساعة,210,1200,2700,7,10,600,,,2026-05-27 18:30:44,"AI Overview,People also ask,Video preview,Sitelinks",4700,20,600,2021-01-28,"748, 678, 569, 804, 798, 679, 766, 678, 677, 1011, 680, 557, 536, 563, 443, 449, 535, 547, 678, 600, 550, 737, 609, 640","603, 560, 558, 536, 617, 534, 589, 558, 509, 695, 570, 601"
901,دعاء للبلد,210,480,200,2,0,90,,,2026-06-07 12:09:12,"AI Overview,Thumbnail,People also ask,Image pack,Video preview",400,10,60,2016-01-02,,
902,دعاء آخر الليل قبل الفجر,210,1600,500,2,0,150,0.04,,2026-05-17 21:10:42,"AI Overview,Image pack,People also ask,Video preview",400,50,250,2020-06-15,,
903,دعاء لزوجي المتوفي,210,2700,2600,5,0,150,,,2026-05-09 12:15:11,"AI Overview,Thumbnail,People also ask,Image pack",2400,40,500,2016-03-07,,
904,دعاء لإزالة الشك من قلب الزوج,210,320,0,2,0,10,,,2026-06-07 22:41:40,"People also ask,Image pack,Video preview",20,0,0,2021-06-12,,
905,دعاء زكاة الفطر,210,490,320,4,0,70,0.5,,2026-05-18 23:44:20,"People also ask,Video preview,Image pack,Sitelinks",250,60,80,2016-07-05,,
906,دعاء للسودان,210,1020,500,5,0,100,,,2026-05-18 20:03:00,"AI Overview,Thumbnail,People also ask,Image pack,Video preview",500,90,100,2020-02-08,,
907,دعاء رفع المصاحف,210,1550,1800,3,0,200,,1.09,2026-05-21 16:32:08,"Image pack,Video preview",1300,70,600,2016-06-24,"7, 6, 5, 7, 6, 4, 5, 5, 6, 2175, 9, 33, 16, 14, 24, 11, 13, 13, 12, 37, 37, 2021, 69, 406","63, 85, 94, 81, 80, 78, 127, 127, 126, 747, 698, 276"
908,دعاء السكينة,210,450,90,2,0,150,,,2026-05-18 4:05:57,"Image pack,People also ask,Video preview",350,30,50,2015-10-15,,
909,دعاء وداع الكعبة عند الشيعة,210,280,270,3,0,100,,,2026-05-26 22:49:51,"AI Overview,People also ask,Video preview,Image pack",150,100,100,2021-10-23,,
910,دعاء يا عدتي,210,1150,450,3,0,100,,,2026-05-17 2:09:00,"Video preview,Image pack,People also ask",600,100,150,2016-06-28,"1, 1, 7, 5, 0, 1, 0, 2, 0, 0, 0, 1, 2, 6, 34, 22, 19, 13, 35, 23, 490, 778, 27, 81",
911,دعاء للأم بالسعادة,210,450,140,3,0,150,0.02,,2026-05-23 5:56:46,"AI Overview,Thumbnail,People also ask,Image pack,Sitelinks,Video preview",300,30,30,2022-02-11,,
912,دعاء يعقوب عليه السلام,210,1060,1120,8,0,100,,,2026-05-25 19:00:23,"AI Overview,Image pack,People also ask,Video preview",200,100,150,2015-09-29,"238, 356, 306, 310, 255, 220, 167, 189, 133, 299, 183, 188, 245, 154, 52, 48, 141, 162, 56, 49, 131, 191, 84, 0",92
913,ربي اشرح لي صَدْرِي وَيَسِّرْ لِي أمري,210,570,2600,4,0,1500,0.02,,2026-05-21 18:13:20,"AI Overview,Image pack,People also ask,Video preview",1900,250,250,2020-07-10,"2225, 1571, 1243, 1247, 1686, 1663, 1756, 1601, 1605, 1548, 1387, 1290, 1441, 1249, 1377, 1465, 1700, 1718, 1810, 1655, 1659, 1603, 1441, 1344","1495, 1303, 1431, 1520, 1754, 1772, 1864, 1709, 1713, 1657, 1495, 1398"
914,دعاء ليلة عرفة,210,740,370,4,0,200,,0.68,2026-05-04 2:47:02,"People also ask,Video preview",700,10,70,2015-09-22,"3477, 9, 9, 14, 10, 5, 15, 10, 5, 15, 10, 21, 2009, 14, 11, 10, 11, 16, 11, 90, 88, 98, 96, 107","1962, 207, 56, 64, 61, 62, 56, 101, 100, 104, 105, 109"
915,دعاء الاحلام المزعجة,210,500,300,2,0,150,,,2026-05-15 17:21:56,"AI Overview,Image pack,People also ask,Video preview",350,100,150,2016-04-10,,
916,دعاء يبكي من خشية الله مكتوب,200,1300,250,1,0,200,0.06,,2026-05-27 0:18:54,"AI Overview,Video preview,Image pack,People also ask",1300,70,250,2020-11-10,"220, 113, 80, 78, 118, 125, 145, 172, 133, 743, 168, 215, 266, 148, 150, 179, 182, 117, 148, 212, 207, 291, 269, 223","253, 228, 224, 229, 238, 231, 236, 248, 243, 327, 305, 259"
917,عبارات للعروس قصيرة,200,340,2500,4,0,1800,0.08,,2026-06-02 13:52:05,"AI Overview,Thumbnail,Image pack,People also ask,Video preview",6700,500,800,2020-10-22,"2956, 3069, 2045, 1670, 2044, 2582, 2491, 2523, 1094, 504, 2461, 1954, 2022, 2982, 1993, 1643, 2002, 2098, 1720, 1839, 875, 714, 2018, 1829","1839, 2767, 1646, 1357, 1678, 1955, 1518, 1808, 1065, 718, 1947, 1781, 1889"
918,30 دعاء قصير,200,600,100,1,0,200,0.01,,2026-06-07 18:46:11,"AI Overview,Thumbnail,People also ask,Image pack,Video preview",600,70,100,2021-07-14,"136, 135, 145, 205, 168, 147, 148, 210, 259, 489, 189, 202, 143, 171, 177, 173, 134, 138, 218, 246, 206, 360, 72, 147","71, 115, 121, 164, 163, 160, 192, 201, 168, 319, 35, 110"
919,دعاء الفجر مستجاب,200,1610,4400,3,0,700,0.04,,2026-05-21 1:38:37,"AI Overview,Image pack,People also ask,Video preview",5800,400,2000,2015-10-04,"611, 794, 775, 652, 602, 729, 1127, 918, 695, 804, 409, 479, 506, 625, 703, 769, 764, 759, 692, 799, 617, 711, 463, 497","556, 665, 698, 683, 684, 707, 800, 827, 645, 738, 491, 524"
920,دعاء السيارة الجديدة,200,300,1000,1,12,1300,0.02,0.82,2026-06-07 20:08:04,"AI Overview,Thumbnail,People also ask,Image pack,Video preview",2900,1800,2600,2015-09-02,"1276, 1575, 1600, 1569, 1906, 1591, 1586, 1556, 1279, 1959, 1502, 1864, 1254, 1604, 1586, 1285, 747, 767, 1533, 1238, 1180, 1308, 1149, 1278","1312, 1210, 1326, 1289, 1280, 1228, 1269, 1271, 1210, 1339, 1180"
921,دعاء القهر,200,300,100,1,0,200,,0.67,2026-05-26 7:42:42,"AI Overview,Image pack,People also ask,Video preview",300,30,100,2015-10-18,,
922,ميس دعاء,200,1400,150,1,0,200,,,2026-05-15 6:50:37,"Video preview,Image pack,People also ask",1400,70,150,2017-10-04,,
923,دعاء لابني المتوفي,200,1200,150,1,0,200,0.05,,2026-05-22 8:31:56,"AI Overview,People also ask,Image pack,Video preview",1200,20,150,2017-02-25,"151, 121, 199, 178, 149, 135, 187, 367, 335, 429, 319, 318, 207, 239, 242, 162, 164, 127, 169, 164, 160, 180, 87, 140",
924,دعاء بين الأذان والإقامة الفجر,200,350,90,1,0,200,,,2026-06-07 11:19:33,"AI Overview,Thumbnail,People also ask,Image pack,Sitelinks",350,70,90,2020-03-28,,
925,اللهم اكفنيهم بما شئت,200,550,5700,4,0,2400,0.15,0.53,2026-05-20 17:07:43,"AI Overview,Video preview,Thumbnail,People also ask,Image pack",7300,600,900,2015-09-03,"2545, 1754, 2125, 3159, 2645, 2109, 1737, 2090, 1684, 1704, 2097, 3110, 1743, 2069, 2112, 2627, 3136, 2094, 2499, 2333, 2170, 2225, 2137, 2598","2258, 2159, 2255, 2258, 2416, 2168, 2117, 2021, 1878, 1922, 1853, 2313"
926,دعاء بعد صلاة الفجر للرزق,200,350,1400,1,0,300,0.03,,2026-05-27 4:08:21,"AI Overview,Image pack,People also ask",1200,100,1600,2016-01-08,"422, 424, 519, 463, 464, 377, 444, 446, 335, 359, 290, 346, 268, 322, 245, 306, 308, 322, 321, 316, 238, 314, 259, 289","274, 315, 345, 342, 365, 317, 363, 349, 272, 348, 293, 323"
927,قهر الرجال,200,500,1600,1,0,1200,0.02,0.74,2026-05-27 13:25:08,"AI Overview,People also ask,Image pack,Video preview,Thumbnail",3600,1000,1600,2015-09-04,"1451, 1740, 1721, 1457, 1752, 4749, 2327, 1633, 1335, 1610, 1648, 1363, 1107, 1523, 1798, 978, 1195, 1148, 983, 1027, 964, 951, 915, 904","912, 1023, 978, 892, 939, 1327, 1091, 996, 935, 923, 887, 877"
928,دعاء عيد الفطر,200,1100,400,1,0,150,0.15,,2026-05-17 8:47:23,"Featured snippet,People also ask,Image pack",2100,60,200,2016-07-04,,
929,دعاء شكر لشخص ساعدك,200,400,100,1,0,200,,,2026-06-05 9:22:09,"AI Overview,Thumbnail,People also ask,Image pack",900,90,150,2016-10-30,"205, 163, 203, 194, 173, 168, 188, 182, 164, 194, 243, 230, 216, 171, 214, 204, 182, 176, 198, 192, 172, 205, 255, 242","227, 180, 225, 215, 191, 185, 208, 201, 181, 215, 268, 254"
930,استفتاح الدعاء,200,1100,10,1,1,400,0.05,,2026-05-26 10:31:14,"People also ask,Video preview,Knowledge panel",900,6900,12000,2015-11-11,"1045, 152, 153, 197, 245, 238, 265, 269, 226, 1590, 184, 268, 1070, 184, 263, 214, 165, 138, 224, 281, 221, 1724, 125, 318","1123, 211, 328, 252, 173, 134, 234, 304, 244, 1747, 148, 341"
931,دعاء استقبال رمضان,200,1100,600,1,0,250,,0.97,2026-05-26 1:51:34,"AI Overview,People also ask,Image pack",1400,1600,2800,2016-03-28,"5, 6, 5, 5, 5, 11, 30, 104, 4228, 448, 6, 6, 6, 6, 6, 6, 11, 12, 33, 210, 673, 1330, 775, 210","217, 206, 186, 174, 168, 190, 186, 233, 696, 1353, 797, 233"
932,ماء زمزم لما شرب له,200,500,1100,1,0,1000,0.03,0.92,2026-05-23 0:29:02,"AI Overview,People also ask,Video preview",1700,600,1200,2015-09-07,"967, 1196, 992, 1012, 1201, 1188, 1060, 1221, 850, 2383, 1028, 866, 1043, 1121, 923, 966, 982, 909, 718, 943, 905, 1083, 1026, 937","886, 930, 925, 905, 923, 936, 908, 962, 925, 1103, 1046, 957"
933,دعاء لزوجي في ليلة القدر,200,1400,550,2,0,150,,,2026-05-07 0:24:21,"People also ask,Video preview",1200,60,300,2020-03-18,,
934,دعاء التاسع من رمضان,200,2100,70,1,0,40,,,2026-05-29 21:03:41,"Thumbnail,Image pack,Video preview",300,70,250,2016-06-14,,
935,دعاء للميت اللهم إنها أول ليلة له في قبره,200,250,400,2,0,200,,,2026-05-14 10:44:47,"AI Overview,People also ask,Image pack,Video preview",250,100,150,2024-01-22,,
936,الصلاة على النبي,200,800,3200,1,4,15000,0.03,0.46,2026-05-29 2:12:44,"AI Overview,People also ask,Video preview,Image pack",57000,9900,27000,2015-09-01,"15180, 14879, 17475, 18243, 17916, 19020, 18155, 15686, 13547, 13955, 20326, 17768, 13566, 12874, 13221, 14274, 14907, 15411, 14973, 14312, 16996, 16414, 16878, 13825","13905, 13041, 12576, 13631, 14272, 14773, 14340, 13691, 16389, 15796"
937,دعاء الفجر في رمضان,200,2200,1500,2,0,150,0.05,,2026-05-16 4:40:15,"AI Overview,Thumbnail,People also ask,Image pack,Video preview",1700,70,800,2020-04-23,,
938,ياشديد القوى ويا شديد المحال,200,1400,200,1,0,,,,2026-05-09 13:36:44,"Image pack,Video preview,People also ask",,0,0,2015-11-14,,
939,دعاء عرفة لغير الحاج,200,350,150,1,5,30,,,2026-05-08 4:23:41,"People also ask,Video preview",80,60,150,2016-09-09,,
940,دعاء انس,200,360,4200,3,0,400,0.07,,2026-05-07 17:44:05,People also ask,400,1600,2600,2015-09-20,"451, 448, 406, 400, 402, 403, 459, 399, 346, 403, 466, 464, 383, 407, 453, 391, 404, 304, 331, 363, 340, 348, 310, 356","353, 409, 411, 391, 386, 327, 345, 366, 343, 351, 312, 359"
941,اللهم في يوم الجمعة ارحم اخي,200,1100,50,1,0,40,,,2026-06-02 1:48:27,"People also ask,Image pack,Video preview",90,50,90,2020-09-24,,
942,ختم القران,200,450,90,1,12,2300,,0.48,2026-06-02 22:41:31,"Image pack,People also ask,Video preview",6400,10000,44000,2015-09-12,"1920, 1088, 1101, 1099, 1148, 1137, 1165, 1190, 2739, 16360, 1119, 1507, 1347, 1064, 1068, 1062, 1080, 961, 1096, 1783, 2904, 11960, 2257, 2458","2514, 1363, 1609, 1586, 1575, 1455, 1918, 1910, 2285, 6736, 5306, 3316"
943,دعاء لمريض,200,450,21000,1,3,1000,0.01,0.66,2026-05-25 23:46:21,"AI Overview,People also ask,Video preview,Image pack",2600,1700,22000,2015-09-07,"1197, 1377, 1197, 1221, 1401, 1214, 1211, 1472, 1212, 1362, 1007, 1055, 944, 1003, 972, 988, 1186, 1010, 1010, 1046, 1031, 1027, 948, 1066","1044, 1033, 1035, 1044, 1100, 1030, 1003, 1044, 1029, 1025, 947"
944,الدعاء في ظهر الغيب,200,770,1200,4,0,150,,,2026-05-20 3:21:19,"AI Overview,People also ask,Image pack,Video preview,Sitelinks",400,400,600,2015-09-10,,
945,وداع رمضان,200,1400,700,1,0,150,,0.76,2026-05-25 23:07:48,"AI Overview,Videos,People also ask,Image pack",1000,300,1100,2016-06-28,"1, 22, 3, 2, 3, 2, 2, 2, 5, 49, 1744, 176, 5, 3, 2, 2, 3, 1, 2, 2, 5, 47, 1794, 211","1, 18, 3, 2, 3, 2, 2, 2, 5, 49, 1787"
946,دعاء السجدة في القرآن,200,720,24700,6,12,800,,0.52,2026-05-28 14:30:52,"AI Overview,People also ask,Video preview",1400,1400,3000,2015-10-30,"1089, 120, 120, 108, 100, 128, 64, 1, 74, 8481, 30, 7, 12, 10, 6, 13, 10, 14, 539, 6, 2522, 6513, 93, 1285","979, 167, 561, 271, 698, 896, 996, 1009, 1019, 3285, 1897, 1276"
947,دعاء نية العمرة إذا حبسني حابس,200,200,400,1,0,1300,0.04,,2026-05-26 19:22:26,"AI Overview,People also ask,Image pack,Video preview,Sitelinks",1800,83000,101000,2020-10-05,"4431, 3800, 4757, 3577, 3383, 2914, 2688, 2402, 1899, 3690, 5269, 1855, 970, 812, 1958, 1031, 1043, 771, 723, 601, 248, 2177, 3882, 583","3, 3, 979, 133, 220, 17, 32, 1, 1, 1645, 3394, 136"
948,دعاء وداع شهر رمضان مفاتيح الجنان,200,500,60,1,0,200,,,2026-06-01 19:28:33,"People also ask,Video preview",500,50,60,2020-05-17,,
949,دعاء سيدنا ايوب,200,250,500,1,0,20,,0.71,2026-05-20 21:46:21,"AI Overview,Thumbnail,People also ask,Image pack,Video preview",2300,70,600,2015-09-06,,
950,دعاء الشوط الثاني في الطواف,200,200,40,1,0,200,,,2026-06-02 16:29:11,"AI Overview,Thumbnail,Image pack,People also ask",200,40,40,2021-02-23,"56, 32, 77, 59, 92, 146, 180, 318, 177, 413, 79, 97, 145, 96, 150, 177, 180, 185, 273, 366, 196, 424, 65, 104","172, 130, 196, 231, 229, 236, 334, 424, 253, 482, 124, 164"
951,دعاء ختم القرآن الكريم,200,250,59000,1,18,4000,,0.81,2026-06-03 8:18:26,"Image pack,AI Overview,Thumbnail,People also ask,Video preview",21000,10000,44000,2015-09-23,"5241, 2649, 3215, 3584, 3680, 3566, 4490, 3978, 5029, 26705, 2917, 3363, 5353, 3303, 4047, 3240, 3247, 2555, 1996, 2847, 2894, 13869, 1334, 1544","1311, 819, 1764, 592, 1200, 428, 952, 1077, 1105, 4092, 3121, 1839"
952,ادعية يوم الجمعة,200,900,5400,1,0,8700,0.03,0.68,2026-06-07 19:42:01,"AI Overview,Thumbnail,People also ask,Image pack,Video preview",32000,4300,6000,2015-09-04,"7662, 9052, 8409, 8059, 8898, 7862, 9448, 9719, 9548, 10706, 10001, 7556, 7433, 8791, 8174, 7841, 8665, 7662, 9216, 9487, 9328, 10467, 9785, 7398","7283, 8619, 8019, 7697, 8511, 7530, 9063, 9335, 9183, 10310, 9643, 7294"
953,دعاء التربه,200,450,100,1,0,200,0.01,,2026-05-26 15:01:55,"AI Overview,People also ask,Image pack,Video preview",450,20,100,2020-01-18,"159, 197, 162, 164, 184, 197, 251, 281, 228, 294, 186, 192, 180, 227, 190, 188, 194, 156, 158, 168, 167, 182, 181, 179","160, 170, 165, 160, 162, 163, 169, 172, 171, 186, 185, 183"
954,دعاء الصباح المستجاب,200,800,250,1,0,200,,,2026-05-04 5:11:16,"AI Overview,People also ask,Video preview",800,50,250,2020-06-07,"331, 408, 490, 490, 469, 411, 345, 229, 134, 71, 166, 208, 172, 188, 192, 190, 288, 275, 370, 289, 168, 46, 131, 112",
955,دعاء للوالدين المتوفين من القرآن,200,500,2000,1,0,200,,,2026-05-17 7:23:24,"Featured snippet,Image pack,Video preview",500,150,2000,2020-07-25,,
956,زيارة عاشوراء مكتوبة ودعاء علقمة,200,800,1800,1,0,1200,,,2026-05-27 11:18:38,"Sitelinks,Video preview",8700,1500,26000,2015-10-30,"421, 1244, 886, 608, 900, 1065, 873, 890, 668, 591, 564, 663, 824, 1810, 1299, 1287, 1587, 1275, 1355, 1061, 927, 962, 858, 974","1108, 1630, 2308, 1702, 1525, 1354, 1255, 1146, 1001, 1038, 925, 1049"
957,دعاء الصائم قبل الإفطار مستجاب,200,500,20000,1,0,2900,0.05,,2026-05-29 2:11:31,"People also ask,Video preview,Image pack",9100,13000,26000,2020-04-06,"115, 75, 25, 27, 22, 32, 58, 91, 152, 30985, 113, 92, 105, 76, 22, 27, 33, 35, 64, 699, 783, 31247, 1705, 788","678, 576, 451, 386, 330, 267, 1182, 1194, 1283, 31751, 2212, 1299"
958,ادعية للنفس,200,1200,150,1,0,600,0.01,,2026-06-02 5:12:24,"People also ask,Image pack,Video preview",1000,5400,10000,2015-09-03,"851, 600, 611, 510, 513, 512, 504, 747, 594, 2068, 328, 493, 542, 408, 406, 324, 393, 396, 507, 672, 494, 1887, 192, 565","457, 357, 388, 315, 418, 420, 551, 671, 497, 1890, 195, 568"
959,دعاء خلع الثوب,200,950,620,5,0,150,,1.05,2026-05-11 1:45:40,"AI Overview,People also ask,Image pack,Thumbnail",700,30,150,2015-10-03,"78, 56, 64, 91, 124, 129, 196, 163, 88, 69, 108, 109, 74, 110, 108, 108, 138, 197, 170, 160, 189, 163, 125, 127","112, 105, 109, 122, 157, 159, 182, 160, 189, 163, 125, 127"
960,دعاء شكر لشخص,200,900,150,1,0,200,,,2026-05-22 23:43:57,"AI Overview,Video preview,Thumbnail,People also ask,Image pack",400,40,100,2015-11-17,,
961,دعاء حسبي الله ونعم الوكيل,200,500,250,1,0,100,0.07,,2026-05-14 9:00:18,"AI Overview,Image pack,People also ask,Video preview,Sitelinks",500,0,1400,2015-09-20,,
962,دعاء الزواج من السنة النبوية,200,900,100,1,0,200,,,2026-06-05 19:04:14,"AI Overview,Thumbnail,People also ask,Image pack",900,30,100,2020-05-15,"328, 95, 25, 16, 79, 312, 165, 93, 145, 386, 454, 328, 202, 245, 180, 166, 194, 131, 166, 195, 113, 188, 200, 168",
963,دعاء الانتهاء من الحج,200,230,280,4,0,60,,,2026-06-07 5:13:33,"AI Overview,Thumbnail,People also ask,Image pack,Video preview",80,70,70,2015-09-27,,
964,دعاء فصاحة اللسان,200,400,20,1,0,40,,,2026-05-10 14:31:47,"AI Overview,Thumbnail,People also ask,Image pack,Video preview",60,60,60,2015-12-19,,
965,دعاء ١٠ ذي الحجة,200,1400,300,2,0,,,,2026-05-19 14:14:59,"People also ask,Video preview",10,0,0,2020-07-21,"266, 0, 0, 0, 0, 0, 0, 0, 0, 0, 0, 125, 21, 1, 2, 0, 0, 0, 0, 0, 0, 0, 0, 0",1
966,أذكار المساء مكتوبة,200,800,18000,1,2,7400,0.02,,2026-05-28 19:10:28,"AI Overview,Thumbnail,People also ask,Image pack,Videos,Video preview",53000,234000,809000,2015-12-26,"14252, 10196, 8407, 9157, 9172, 7752, 7720, 7353, 7595, 6602, 8090, 8464, 6935, 8437, 6927, 6732, 8655, 8485, 8089, 6875, 5978, 6697, 6625, 6548","8275, 8379, 7025, 6830, 8753, 8583, 8187, 6973, 6076, 6795, 6723, 6646"
967,دعاء عامر,200,900,300,1,0,200,,0.43,2026-05-01 15:56:21,"Featured snippet,People also ask,Video preview",900,0,300,2015-09-15,"329, 73, 63, 50, 73, 116, 93, 57, 57, 57, 38, 59, 58, 48, 59, 110, 109, 203, 108, 66, 78, 101, 100, 1119","136, 101, 80, 73, 65, 89, 76, 65, 76, 99, 98, 1101, 133"
968,دعاء تيسير الامتحان على أولادنا,200,2100,150,1,0,200,,,2026-05-14 21:07:56,"AI Overview,Image pack,People also ask",2100,70,150,2015-12-21,,
969,دعاء يوم الجمعة مكتوب,200,400,1200,1,0,1000,0.05,0.87,2026-05-28 0:08:26,"AI Overview,Image pack,People also ask,Video preview,Sitelinks",4100,20000,67000,2015-09-11,"975, 978, 1217, 1472, 1229, 1219, 990, 1248, 1002, 448, 1516, 1233, 683, 1032, 1226, 1254, 1230, 1013, 774, 812, 858, 668, 691, 761","615, 676, 722, 756, 796, 701, 795, 673, 704, 526, 546"
970,دعاء الطواف الشوط الثالث,200,200,100,1,0,200,,,2026-05-17 12:30:08,"AI Overview,People also ask,Image pack",200,100,100,2021-05-07,,
971,إبعاد الزوج عن النساء بالقران,200,1400,20,1,0,10,,,2026-05-12 8:56:50,"AI Overview,People also ask,Video preview,Image pack",100,10,10,2021-07-08,,
972,دعاء للمعلمات,200,500,30,1,0,30,,,2026-06-07 13:55:54,"AI Overview,Thumbnail,People also ask,Video preview,Image pack,Sitelinks",40,10,20,2016-04-24,,
973,دعاء الحرب,200,2500,700,1,0,600,,,2026-05-28 8:53:27,"AI Overview,People also ask,Image pack,Video preview",7100,20,350,2015-09-05,"192, 185, 91, 217, 249, 133, 215, 88, 89, 133, 204, 186, 600, 162, 134, 122, 123, 90, 126, 153, 732, 2671, 632, 1278",
974,دعاء لزوجتي وأولادي,190,320,1950,6,0,300,0.05,,2026-05-08 3:27:12,"AI Overview,People also ask,Video preview",400,150,150,2020-08-14,"345, 155, 191, 242, 241, 155, 118, 124, 185, 674, 188, 153, 373, 282, 239, 224, 269, 216, 272, 254, 319, 628, 313, 268","419, 339, 303, 306, 338, 308, 339, 330, 386, 645, 425, 322"
975,دعاء الكوابيس,190,550,200,2,0,150,0.03,,2026-05-17 17:52:09,"AI Overview,Thumbnail,People also ask,Image pack,Video preview",400,70,100,2015-10-30,,
976,دعاء الميقات,190,240,4700,3,0,1900,0.03,,2026-06-06 14:10:56,"AI Overview,Thumbnail,People also ask,Image pack,Video preview",2200,83000,100000,2015-09-23,"492, 1646, 1624, 1361, 1375, 1638, 1354, 1979, 1312, 6538, 846, 1332, 474, 1632, 2020, 1334, 1362, 1574, 1392, 2057, 1455, 6899, 987, 1747","775, 1901, 2338, 1580, 1605, 1823, 1661, 2333, 1733, 7180, 1269, 2032"
977,ادعية صباحية للواتس اب,190,1320,1950,4,0,200,0.06,,2026-05-05 23:02:05,"People also ask,Video preview",800,200,600,2020-03-24,"163, 208, 194, 301, 206, 159, 164, 153, 134, 63, 177, 166, 134, 167, 195, 255, 223, 206, 259, 197, 199, 173, 244, 226","237, 217, 228, 242, 228, 192, 196, 199, 202, 175, 247, 229"
978,دعاء اليوم الثاني من رمضان,190,2650,650,2,0,200,,0.66,2026-05-20 9:33:10,"People also ask,Image pack",2700,150,400,2015-11-22,"6, 6, 6, 6, 6, 6, 6, 7, 127, 2664, 7, 6, 6, 6, 7, 6, 2, 6, 8, 127, 208, 2243, 1, 140","150, 139, 148, 128, 122, 120, 114, 195, 210, 1033, 555, 216"
979,دعاء السفر استودعكم الله,190,1110,4040,5,0,1300,0.01,,2026-05-26 20:10:16,"AI Overview,Thumbnail,Video preview,People also ask,Image pack,Videos,Sitelinks",6200,10,40,2015-10-03,"195, 205, 192, 161, 318, 590, 449, 552, 663, 1353, 1172, 1208, 1481, 2253, 1816, 962, 977, 1193, 1136, 1106, 1069, 1094, 1048, 1014","1027, 1051, 980, 924, 927, 937, 887, 890, 836, 882, 827, 807"
980,حالات واتس دعاء يريح القلب,190,1300,300,2,0,150,0.02,,2026-05-28 13:08:24,"Image pack,People also ask,Videos",1000,50,150,2020-02-27,,
981,اللهم بارك لهما وبارك عليهما واجمع بينهما في خير,190,560,9200,5,0,5100,0.1,0.47,2026-05-28 2:13:43,"Image pack,People also ask,AI Overview,Video preview",5500,1700,1800,2015-09-09,"6543, 7134, 5910, 4729, 4924, 5795, 5351, 5471, 4606, 4953, 3829, 5543, 6236, 6813, 5596, 4414, 4612, 5483, 5042, 5163, 4299, 4648, 3526, 5241","5935, 6513, 5298, 4118, 4317, 5190, 4750, 4872, 4010, 4361, 3240, 4956"
982,دعاء لنفسي تغير الأفضل,190,1030,3100,6,0,1100,0.05,,2026-05-23 4:30:30,"AI Overview,People also ask,Image pack,Video preview,Thumbnail,Sitelinks",2900,30,150,2021-04-22,"2587, 1698, 1712, 1166, 1192, 1200, 1429, 1456, 1135, 3288, 779, 896, 1354, 1154, 1151, 791, 878, 866, 1201, 1112, 864, 2491, 1049, 916","1394, 877, 1201, 800, 850, 846, 983, 1071, 935, 2391, 1096"
983,دعاء الاسراء والمعراج,190,6200,3400,2,0,100,,,2026-06-04 2:14:34,"AI Overview,Thumbnail,Image pack,People also ask",3300,60,1600,2016-05-03,"9, 14, 10, 15, 14, 11, 10, 1948, 71, 36, 10, 10, 10, 11, 6, 12, 15, 15, 17, 424, 497, 217, 14, 14","10, 11, 8, 8, 9, 60, 9, 390, 458, 200, 13, 13"
984,دعاء بالانجليزي,190,1450,190,2,0,90,0.06,0.61,2026-06-02 13:50:55,"Knowledge card,People also ask,Video preview",450,10,100,2015-09-05,"134, 78, 87, 106, 101, 89, 102, 100, 78, 168, 91, 113, 89, 68, 83, 81, 78, 73, 85, 92, 87, 118, 99, 95","77, 76, 70, 81, 79, 81, 84, 91, 86, 117, 98, 94"
985,الدعاء المستجاب الذي لا يرد,190,520,1600,4,1,150,,,2026-05-24 9:29:19,"AI Overview,Video preview,Thumbnail,People also ask,Image pack,Videos",350,200,400,2015-09-29,,
986,دعاء سريع الاستجابة,180,1000,190,2,0,150,,,2026-05-11 20:22:42,"AI Overview,Thumbnail,Image pack,People also ask,Video preview",400,70,100,2016-03-08,,
987,دعاء 16 رمضان,180,1450,200,2,0,70,,,2026-05-11 22:29:16,"People also ask,Image pack,Video preview",400,30,70,2019-05-20,,
988,دعاء السفر كامل,180,1650,4900,2,1,8800,0.02,0.54,2026-05-28 2:55:15,"Image pack,People also ask,Video preview",42000,14000,80000,2015-09-07,"8746, 9016, 10591, 7304, 6092, 5011, 2551, 3007, 2758, 5877, 6205, 5959, 9528, 13804, 10396, 9459, 9025, 8595, 7576, 7908, 7470, 7341, 8114, 7103","8435, 7525, 7541, 7123, 6554, 6274, 5277, 5685, 5298, 5228, 6054, 5097"
989,دعاء للميت اول ليلة في القبر,180,2800,4400,3,0,150,,,2026-05-08 17:02:17,"AI Overview,People also ask,Image pack,Video preview",300,100,1600,2015-10-15,,
990,دعاء اليوم الرابع عشر من رمضان,180,1700,550,2,0,100,,,2026-05-27 4:36:27,"AI Overview,People also ask,Video preview,Image pack",1100,50,150,2016-06-15,,
991,دعاء عن الصدق,180,650,440,3,0,150,0.04,1.5,2026-05-25 12:39:15,"AI Overview,Thumbnail,Video preview,People also ask,Image pack",500,100,200,2015-09-01,"19, 19, 230, 643, 408, 271, 389, 265, 43, 42, 338, 222, 18, 6, 60, 357, 277, 211, 110, 159, 82, 84, 62, 193","2, 2, 20, 273, 357, 169, 186, 163, 87, 89, 67, 198"
992,دعاء قبل الجماعة للحمل,180,690,1150,6,43,90,,,2026-05-21 21:52:05,"AI Overview,Thumbnail,People also ask,Videos",300,100,250,2018-04-15,,
993,دعاء عن التسامح,180,480,230,3,0,150,0.06,1.52,2026-06-02 20:56:29,"AI Overview,Thumbnail,Image pack,People also ask,Video preview,Sitelinks",350,30,60,2015-10-04,,
994,دعاء ساعة استجابة يوم الجمعة,180,230,1200,3,1,1000,0.01,,2026-05-28 5:21:42,"AI Overview,Thumbnail,Video preview,Image pack,People also ask",1300,20000,67000,2015-09-01,"440, 775, 1236, 1010, 1013, 1276, 1001, 1246, 796, 1243, 693, 1275, 668, 804, 1229, 984, 1237, 796, 809, 921, 1009, 1053, 976, 810","781, 846, 863, 856, 890, 838, 975, 946, 1034, 1078, 1001, 835"
995,دعاء تفريج الهم والرزق,180,600,700,2,0,90,,,2026-05-29 13:09:12,"AI Overview,Thumbnail,People also ask,Image pack,Video preview",100,100,400,2017-01-21,,
996,دعاء للزوج بالتوفيق في العمل,180,1180,1650,6,0,100,,,2026-05-19 15:09:20,"AI Overview,People also ask,Image pack,Video preview",600,50,300,2016-09-21,,
997,دعاء جلب الرزق,180,280,34000,2,13,1100,0.03,0.86,2026-06-02 6:04:11,"AI Overview,People also ask,Image pack,Video preview,Thumbnail",4700,1700,17000,2015-09-02,"1536, 1528, 1248, 1271, 1258, 1240, 1237, 1231, 1047, 1932, 1023, 1042, 985, 1048, 1245, 1236, 1231, 1196, 1059, 1165, 1068, 1362, 1051, 1181","1075, 1112, 1287, 1204, 1191, 1194, 1122, 1183, 1189, 1159, 1173, 1192"
998,دعاء الخروج من المسجد النبوي,180,190,300,2,0,100,,,2026-05-18 11:03:35,"AI Overview,People also ask,Image pack",100,150,150,2019-01-30,,
999,دعاء للابناء يوم عرفه,180,290,630,8,0,100,,,2026-06-02 0:35:22,"Image pack,People also ask,Video preview",100,60,70,2020-07-29,,
1000,دعاء للصلح بين الزوجين بسرعة,170,1400,1600,7,0,100,0.4,,2026-05-28 8:16:14,"AI Overview,Video preview,Thumbnail,Image pack,People also ask",1000,50,200,2017-03-01,,
1001,دعاء ضيق النفس,170,600,14100,6,0,500,,,2026-05-28 3:04:04,"AI Overview,People also ask,Image pack,Video preview,Thumbnail",2000,350,4300,2015-10-26,"719, 730, 747, 710, 729, 641, 653, 643, 644, 555, 660, 555, 533, 555, 541, 551, 542, 434, 450, 478, 477, 515, 499, 500","518, 509, 525, 526, 524, 483, 487, 490, 489, 528, 511, 512"
1002,حبسني حابس,170,180,2800,2,0,800,0.9,,2026-05-26 0:06:47,"AI Overview,People also ask,Image pack,Video preview",900,2000,2000,2015-09-23,"899, 911, 915, 610, 608, 716, 674, 800, 481, 2728, 575, 739, 572, 885, 902, 479, 582, 619, 618, 806, 436, 2886, 567, 917","476, 869, 933, 482, 653, 667, 676, 913, 546, 2997, 679"
1003,اللهم في آخر ساعة من يوم الجمعة,170,240,800,2,0,1000,0.06,,2026-05-23 2:45:42,"AI Overview,Image pack,People also ask,Video preview,Thumbnail",1100,300,300,2015-10-30,"973, 1226, 1471, 1250, 1867, 1398, 1145, 1220, 753, 764, 693, 987, 551, 689, 1212, 1024, 1033, 1250, 1025, 1053, 1015, 946, 815, 938","930, 914, 948, 938, 1025, 1060, 1047, 1017, 976, 909, 777, 901"
1004,دعاء الندبة مكتوب مفاتيح الجنان,170,870,270,2,0,150,,,2026-05-09 16:40:38,"People also ask,Image pack",800,60,70,2019-04-05,,
1005,دعاء بالشفاء لصديق,170,900,850,3,0,150,0.04,,2026-05-16 20:35:10,"AI Overview,Thumbnail,Video preview,People also ask,Image pack",800,30,250,2015-12-02,"273, 287, 400, 531, 483, 378, 328, 248, 176, 385, 311, 348, 287, 156, 151, 256, 120, 138, 115, 77, 62, 83, 122, 23",77
1006,دعاء يوم السبت وزيارته,170,1500,1400,2,0,100,,,2026-06-05 19:13:43,"People also ask,Image pack",600,70,700,2017-01-29,,
1007,دعاء لوقف النزيف,170,980,10,3,0,10,,,2026-05-11 4:58:43,"AI Overview,Thumbnail,People also ask,Image pack,Video preview",50,10,10,2016-02-08,,
1008,دعاء على من احرق قلبي,170,510,250,2,0,150,,,2026-05-27 1:53:13,"AI Overview,Thumbnail,People also ask,Image pack,Sitelinks",450,30,100,2022-02-24,,
1009,دعاء التوبه والرجوع الى الله,170,520,600,2,0,150,0.1,,2026-05-16 3:59:14,"AI Overview,Thumbnail,People also ask,Video preview,Image pack",450,70,300,2015-10-07,,
1010,دعاء لنفسي في ليلة القدر,170,670,900,2,0,150,,,2026-06-09 9:49:29,"AI Overview,Thumbnail,People also ask,Video preview",600,150,450,2020-05-13,,
1011,ادعيه رجب,170,1100,4000,2,0,100,,,2026-05-20 23:37:10,"Videos,People also ask,Image pack,Video preview",400,900,2800,2020-02-23,,
1012,دعاء نهايه رمضان,170,670,600,2,0,200,,,2026-05-13 2:27:40,"AI Overview,People also ask,Image pack",450,200,350,2016-07-04,,
1013,دعاء اليوم السادس من رمضان,170,2280,1000,2,0,150,0.1,0.52,2026-05-16 19:54:00,"People also ask,Image pack,Video preview",2200,100,500,2016-06-11,"6, 6, 6, 0, 6, 7, 6, 7, 36, 2221, 8, 0, 1, 2, 1, 6, 2, 7, 7, 74, 82, 1282, 253, 240","192, 197, 192, 202, 200, 210, 214, 278, 282, 499, 358, 292, 294"
1014,دعاء للميت في العيد,170,1070,2000,4,0,100,,,2026-05-17 2:55:59,"People also ask,Image pack,Video preview",700,60,500,2017-06-26,,
1015,دعاء العشر الأواخر من رمضان,170,1230,14900,3,0,2400,0.01,,2026-06-05 5:20:15,"AI Overview,Thumbnail,People also ask,Image pack,Video preview",15000,3400,8700,2016-06-26,"107, 4, 4, 3, 2, 4, 4, 4, 9, 44135, 32, 24, 17, 5, 5, 4, 4, 2, 4, 308, 0, 28191, 1, 1630","1921, 2319, 2397, 2357, 2334, 2310, 4041, 4096, 4151, 5124, 4788, 4511"
1016,دعاء يوم الجمعه للاحبه,170,1180,3600,6,0,100,0.04,0.54,2026-05-11 16:03:11,"AI Overview,Video preview,Thumbnail,People also ask,Image pack",700,80,700,2015-09-18,"415, 606, 404, 314, 351, 488, 409, 428, 122, 43, 70, 161, 67, 120, 123, 122, 124, 96, 98, 119, 118, 116, 117, 23",
1017,دعاء اختبار القدرات,170,170,550,2,0,300,0.02,,2026-05-04 2:26:45,"AI Overview,People also ask",300,150,150,2015-11-09,"313, 259, 217, 207, 373, 294, 867, 308, 242, 272, 108, 187, 121, 163, 253, 136, 241, 161, 1254, 302, 308, 307, 187, 263","205, 226, 288, 224, 362, 256, 1015, 316, 337, 359, 287, 299"
1018,دعاء اتخاذ القرار الصائب,160,560,150,3,0,70,,,2026-05-19 16:04:13,"AI Overview,Thumbnail,Video preview,People also ask,Image pack,Videos",300,30,70,2019-02-06,,
1019,دعاء لوجع الضرس مفاتيح الجنان,160,1000,80,2,0,60,,,2026-05-14 10:41:03,"AI Overview,Thumbnail,People also ask,Image pack",400,10,60,2020-02-01,,
1020,دعا,160,380,21500,3,16,5600,0.1,0.35,2026-06-07 10:11:55,"People also ask,Video preview,Image pack,Thumbnail",29000,3900,11000,2015-09-02,"6889, 5193, 5376, 5532, 6230, 5913, 5430, 5725, 5987, 11706, 5421, 5161, 6314, 4976, 5175, 5232, 5249, 4879, 5421, 5334, 5666, 8714, 4953, 5255","5869, 4814, 5069, 4953, 5087, 5237, 5464, 5556, 5677, 7247, 6400, 5456"
1021,دعاء طلاقة اللسان,160,560,120,3,0,200,,,2026-05-14 16:49:29,"AI Overview,People also ask,Video preview,Image pack",400,20,20,2015-12-23,"344, 178, 206, 225, 326, 256, 265, 181, 155, 271, 194, 209, 139, 223, 222, 217, 240, 194, 249, 203, 179, 214, 202, 192",
1022,دعاء ليلة 27,160,1600,600,2,0,50,,,2026-05-05 21:02:27,"AI Overview,Thumbnail,People also ask,Video preview",200,40,150,2015-11-06,,
1023,دعاء النصر على الاعداء,160,730,1050,4,0,300,0.03,,2026-05-09 13:00:45,"AI Overview,Thumbnail,Image pack,People also ask,Sitelinks,Video preview",500,100,300,2015-09-13,"455, 391, 390, 457, 458, 365, 402, 404, 200, 373, 251, 261, 267, 272, 250, 250, 321, 339, 305, 299, 271, 308, 310, 299","281, 265, 273, 276, 322, 296, 321, 299, 271, 308, 310, 299"
1024,ادعية الطواف,160,180,2000,2,0,10000,0.04,1.16,2026-06-05 20:56:09,"AI Overview,Thumbnail,People also ask,Image pack,Video preview",11000,49000,51000,2015-09-10,"8710, 8139, 9436, 8394, 8112, 9140, 8948, 12507, 8442, 38222, 5728, 7703, 6685, 10201, 9463, 7399, 8364, 8999, 10266, 12079, 10528, 23298, 8465, 9903","7863, 9543, 9995, 8955, 9508, 10651, 10663, 11471, 10874, 14723, 12367"
1025,دعاء الركوب,160,1390,600,2,1,1500,0.03,0.52,2026-05-24 5:58:51,"AI Overview,People also ask,Image pack,Video preview",7600,3700,9700,2015-09-01,"1426, 1516, 1606, 1894, 1748, 1846, 2067, 1619, 1246, 1298, 1616, 1318, 1271, 1270, 1275, 1299, 1603, 1460, 1857, 1611, 1524, 1568, 1471, 1438","1382, 1436, 1500, 1568, 1545, 1514, 1601, 1621, 1532, 1577, 1480, 1446"
1026,دعاء لحفظ الجنين من التشوهات,160,750,600,2,0,150,,,2026-05-05 22:30:54,"AI Overview,People also ask,Video preview",600,100,300,2016-05-06,,
1027,دعاء فقدان الشيء,160,230,6400,4,0,300,,,2026-05-14 16:47:50,"AI Overview,People also ask,Image pack",700,450,2100,2015-09-06,"337, 309, 379, 342, 315, 310, 282, 402, 298, 459, 378, 365, 313, 294, 259, 259, 327, 331, 351, 318, 263, 326, 311, 318","362, 360, 307, 362, 331, 358, 327, 318, 263, 326, 311, 318"
1028,دعاء بعد صلاة المغرب,160,820,1050,5,0,100,,,2026-05-18 16:57:07,"AI Overview,People also ask,Image pack,Sitelinks,Video preview",600,60,200,2015-11-01,,
1029,دعاء ١٣ رمضان,160,1800,130,2,0,100,,,2026-05-11 21:21:27,"People also ask,Image pack",400,20,30,2017-06-08,,
1030,دعاء لصديقتي في الحرم,160,270,750,2,0,600,,,2026-05-29 1:03:35,"AI Overview,People also ask,Video preview,Image pack",600,1900,2300,2020-02-26,"275, 1167, 1168, 779, 783, 882, 645, 794, 505, 2153, 418, 531, 176, 342, 780, 332, 498, 493, 500, 744, 450, 2037, 429, 331","66, 248, 648, 215, 376, 460, 458, 693, 403, 1990, 383, 286"
1031,دعاء القوة والهيبة,160,520,520,5,0,100,,,2026-05-06 1:46:53,"AI Overview,Thumbnail,Video preview,People also ask",450,50,90,2017-03-26,,
1032,دعاء نهاية الطواف,160,160,500,2,0,250,0.01,,2026-05-19 7:26:38,"AI Overview,People also ask,Image pack",250,54000,55000,2017-07-17,"145, 173, 182, 184, 206, 200, 175, 216, 173, 939, 151, 239, 151, 225, 229, 156, 189, 232, 198, 220, 181, 671, 114, 195","57, 145, 148, 100, 131, 158, 134, 161, 125, 521, 99, 85"
1033,اللهم اشفي صديقتي,150,700,80,1,0,20,,,2026-05-16 3:50:56,"Image pack,People also ask",60,10,80,2015-10-26,,
1034,فضل ليلة النصف من شعبان,150,3400,1100,1,1,450,,1.11,2026-06-03 1:35:41,"AI Overview,Thumbnail,People also ask,Video preview",4500,450,12000,2016-05-18,"2, 1, 1, 1, 1, 1, 3, 25, 6982, 13, 3, 1, 3, 2, 2, 1, 2, 2, 8, 657, 4273, 102, 256, 282","215, 211, 205, 198, 188, 181, 282, 282, 2391, 1450, 612, 397"
1035,دعاء على شخص مؤذي,150,350,20,1,1,150,,,2026-05-22 18:18:55,"AI Overview,People also ask,Image pack",350,20,20,2018-04-10,,
1036,دعاء لهداية الزوج,150,930,1000,3,0,100,,,2026-05-24 7:36:22,"AI Overview,Thumbnail,Sitelinks,Image pack,People also ask,Video preview",800,100,300,2015-09-13,,
1037,دعاء ليلة الجمعة قصير,150,900,50,1,0,150,0.04,,2026-05-16 12:51:49,"AI Overview,People also ask,Image pack,Thumbnail",900,50,50,2016-02-04,,
1038,دعاء لنفسي بالشفاء,150,2100,900,1,0,600,0.03,,2026-06-05 13:18:35,"AI Overview,Thumbnail,People also ask,Image pack,Video preview",3500,800,1400,2016-05-13,"704, 853, 751, 742, 743, 725, 725, 751, 585, 900, 571, 566, 713, 583, 573, 506, 496, 541, 560, 595, 521, 619, 611, 555","542, 566, 529, 504, 545, 546, 558, 595, 521, 619, 611, 555"
1039,دعاء الخسوف مفاتيح الجنان,150,700,60,1,0,150,,,2026-05-18 9:40:43,"People also ask,Image pack",700,30,60,2019-07-16,,
1040,١١ رمضان,150,900,300,2,0,150,,,2026-05-27 10:43:11,People also ask,450,150,250,2016-06-16,,
1041,dua for shifa,150,900,2400,1,0,250,0.4,0.42,2026-05-04 9:48:12,"AI Overview,People also ask",10000,70,8000,2016-05-18,"281, 255, 216, 209, 300, 411, 396, 336, 306, 350, 271, 217, 224, 274, 231, 217, 216, 277, 298, 283, 247, 262, 300, 276","260, 245, 259, 219, 245, 246, 250, 255, 223, 237, 272, 252"
1042,أذكار الصباح كاملة,150,2100,1100,1,12,2300,0.02,,2026-05-28 18:08:34,"Videos,Image pack,Video preview",17000,8100,85000,2015-09-20,"2121, 1211, 1472, 1841, 1822, 3468, 4082, 1835, 1803, 1241, 1892, 2222, 2608, 2801, 3345, 4201, 2216, 1794, 2156, 1866, 1735, 1557, 1601, 1495","1566, 1396, 1387, 1409, 1358, 1435, 1488, 1262, 1110, 981, 1027, 952"
1043,دعاء الرياء,150,300,60,1,0,150,,,2026-05-19 3:16:20,"AI Overview,Thumbnail,People also ask,Image pack,Video preview",300,60,60,2015-09-05,,
1044,دعاء الفرج مكتوب للشيعة,150,450,2100,1,0,300,0.01,,2026-05-19 12:40:47,"Image pack,People also ask,Video preview",2800,100,1300,2016-06-28,"216, 347, 299, 270, 247, 236, 260, 306, 298, 474, 189, 251, 297, 433, 323, 233, 253, 310, 374, 323, 329, 363, 372, 333","345, 381, 343, 326, 336, 334, 354, 345, 350, 385, 394, 355"
1045,دعاء قضاء الحاجة والرزق,150,970,250,2,0,100,,,2026-05-08 6:29:48,"AI Overview,Thumbnail,People also ask",900,80,150,2020-06-22,,
1046,دعاء المظلوم في جوف الليل,150,1200,450,1,0,150,,,2026-05-16 7:47:38,"AI Overview,Thumbnail,People also ask,Image pack,Video preview",1200,60,450,2017-03-05,,
1047,دعاء الام المتوفية يوم الجمعة,150,450,800,1,0,10,,,2026-05-28 22:31:51,"AI Overview,Thumbnail,People also ask,Videos,Image pack,Video preview",50,200,500,2020-01-24,,
1048,دعاء تحصين,150,650,3050,4,0,4100,0.03,,2026-06-07 22:05:43,"Image pack,People also ask,Video preview,Thumbnail",6200,3700,6900,2015-09-04,"3768, 3658, 3716, 3661, 4380, 4453, 3659, 4418, 3574, 3658, 4407, 4430, 4275, 4450, 4415, 5233, 3633, 3699, 3181, 3838, 3608, 3814, 3757, 3944","3874, 4006, 4010, 3982, 4106, 4035, 3991, 4165, 3955, 4156, 4105"
1049,دعاء استفتاح حلقة قرآن,150,1500,2300,1,2,150,,,2026-05-16 21:18:17,"AI Overview,Thumbnail,People also ask,Video preview,Image pack",1500,100,2300,2021-05-15,"107, 128, 234, 264, 224, 187, 173, 123, 151, 159, 211, 123, 101, 160, 159, 318, 281, 220, 152, 116, 134, 92, 58, 19",
1050,دعاء استفتاح الصلاة,150,1200,10,1,5,2400,0.02,0.67,2026-05-24 1:16:13,"AI Overview,People also ask,Video preview,Image pack",12000,6900,12000,2015-10-06,"2632, 2268, 2261, 2168, 2780, 2790, 2812, 2624, 2486, 4603, 2338, 2451, 1864, 1898, 2261, 2765, 2237, 2276, 1931, 2362, 2183, 3758, 2463, 2498","2074, 2019, 2234, 2322, 2182, 2230, 2209, 2468, 2273, 3730, 2704, 2675"
1051,دعاء بعد صلاة جعفر الطيار مفاتيح الجنان,150,500,300,1,0,150,,,2026-05-21 22:21:55,"People also ask,Image pack,Video preview,Videos",500,150,300,2022-04-29,"116, 55, 73, 72, 56, 86, 86, 147, 133, 350, 119, 125, 90, 127, 107, 101, 130, 72, 126, 181, 210, 322, 96, 0",140
1052,دعاء لابني بالتوفيق,150,1000,500,1,0,80,,,2026-05-07 10:07:08,"AI Overview,Thumbnail,Video preview,People also ask",300,100,300,2015-10-19,,
1053,ماذا اقول في نية الصيام,150,800,200,1,0,40,,,2026-05-17 5:14:56,"AI Overview,People also ask,Video preview",200,20,150,2016-06-05,"33, 15, 0, 0, 0, 0, 0, 5, 1450, 416, 1, 5, 0, 7, 1, 0, 0, 1, 2, 2, 365, 81, 2, 1",29
1054,دعاء الجديد,150,200,150,1,8,150,,,2026-05-26 16:04:41,"AI Overview,People also ask,Image pack,Video preview",200,100,150,2015-09-28,,
1055,دعاء ان الصفا والمروة,150,150,210,3,0,150,,,2026-06-06 7:52:42,"AI Overview,Thumbnail,Image pack,People also ask",150,40,70,2016-09-04,,
1056,دعاء اليفر,150,600,30,1,0,350,,0.33,2026-06-05 20:06:24,,900,5300,54000,2015-09-09,"323, 422, 231, 253, 285, 395, 299, 383, 275, 418, 278, 224, 339, 488, 446, 258, 272, 401, 334, 396, 238, 440, 60, 238",
1057,دعاء يجعل الزوج يندم,150,700,500,1,0,150,2.5,,2026-05-12 8:49:55,"People also ask,Image pack,Sitelinks",700,200,500,2017-10-01,"442, 376, 400, 399, 383, 337, 329, 345, 263, 359, 279, 235, 236, 229, 144, 199, 211, 152, 197, 196, 123, 106, 56, 19",
1058,دعاء تسخير الزوج لزوجتة مجرب عالم حواء,150,700,70,1,0,150,0.7,,2026-06-04 15:38:57,"People also ask,Video preview,Sitelinks",700,70,70,2021-09-11,"146, 98, 84, 86, 63, 85, 97, 132, 139, 370, 103, 140, 204, 208, 155, 188, 83, 105, 196, 164, 158, 182, 179, 166","191, 169, 158, 151, 142, 154, 162, 166, 160, 184, 181, 168"
1059,دعاء للميت غالي,150,900,40,1,3,600,0.06,,2026-05-28 21:14:39,"AI Overview,People also ask,Image pack,Video preview",1600,69000,354000,2020-03-10,"427, 260, 185, 26, 375, 481, 710, 239, 459, 812, 75, 464, 46, 245, 106, 299, 97, 702, 1057, 404, 337, 358, 3599, 2196","1921, 983, 796, 584, 668, 710, 709, 412, 344, 365, 3671, 2240"
1060,دعاء عند نزول المطر لقضاء الحوائج,150,700,350,1,0,150,0.02,,2026-05-19 5:27:04,"AI Overview,People also ask,Video preview,Image pack",700,100,350,2018-04-08,,
1061,دعاء الضيق قبل النوم,150,700,300,2,0,50,,,2026-05-22 6:08:35,"AI Overview,Thumbnail,Image pack,People also ask,Videos",100,40,150,2020-01-21,,
1062,بالصور دعاء للمريض بالشفاء العاجل,150,1100,30,1,0,10,,,2026-05-05 3:36:02,"People also ask,Thumbnail",100,0,30,2020-01-15,,
1063,دعاء السفر.,150,150,350,1,1,5800,0.02,,2026-05-27 11:53:18,"AI Overview,People also ask,Video preview",8000,14000,80000,2016-01-16,"5924, 7032, 5587, 4499, 4240, 4907, 3835, 6885, 4710, 5568, 5546, 5185, 6420, 7527, 6083, 4995, 4736, 5403, 4331, 7381, 5206, 6064, 6042, 5681","6916, 8023, 6579, 5491, 5232, 5899, 4827, 7877, 5702, 6560, 6538, 6177"
1064,تهنئة بالسلامة بعد إجراء عملية جراحية تويتر,150,300,250,1,0,500,,,2026-05-22 12:16:12,"AI Overview,People also ask,Image pack,Sitelinks,Video preview",900,3100,3400,2020-12-28,"396, 389, 409, 410, 412, 412, 409, 412, 432, 454, 431, 486, 484, 478, 498, 498, 500, 500, 497, 500, 520, 542, 519, 575","572, 566, 586, 586, 588, 589, 585, 589, 609, 630, 607, 663"
1065,دعاء تاج الذكر,150,450,5800,1,0,150,0.03,,2026-05-23 18:30:56,"AI Overview,Thumbnail,Image pack,People also ask",450,100,5800,2022-03-31,,
1066,دعاء الخروج للعمرة,150,400,80,1,0,60,,,2026-05-13 7:48:20,"AI Overview,Thumbnail,People also ask,Image pack,Video preview",70,90,100,2018-04-16,,
1067,الرقية الشرعية للاطفال,150,350,1300,1,0,1600,0.1,0.66,2026-05-27 12:59:28,"People also ask,Image pack,Video preview",23000,150,800,2015-09-01,"1482, 1634, 1569, 1596, 1703, 1824, 1820, 1751, 1709, 1595, 1593, 1509, 1436, 1589, 1530, 1561, 1670, 1793, 1793, 1728, 1688, 1578, 1578, 1496","1425, 1579, 1522, 1553, 1662, 1786, 1786, 1722, 1684, 1574, 1575, 1493"
1068,دعاء النصف من شعبان مفاتيح الجنان,150,1200,90,1,0,150,,,2026-05-15 20:20:43,"People also ask,Image pack,Video preview",1200,60,90,2020-04-07,,
1069,نية الحج,150,230,450,2,0,250,0.01,0.89,2026-05-26 2:27:07,"AI Overview,People also ask,Video preview,Image pack",400,200,200,2015-09-05,"4381, 18, 18, 11, 6, 17, 16, 11, 16, 22, 57, 385, 2445, 12, 20, 13, 18, 14, 12, 16, 19, 18, 25, 143","1876, 1607, 126, 142, 81, 15, 16, 18, 21, 19, 27"
1070,دعاء التاج,150,770,750,2,0,150,0.03,1.18,2026-06-04 0:43:50,"Image pack,People also ask,Video preview,Thumbnail",700,50,350,2015-09-09,"137, 136, 108, 93, 168, 167, 241, 174, 136, 138, 135, 135, 104, 105, 104, 138, 136, 166, 105, 158, 137, 132, 117, 116","114, 109, 104, 114, 127, 117, 121, 155, 134, 129, 115, 114"
1071,دعاء في ذكرى وفاة والدي,150,3100,450,1,0,150,,,2026-05-20 0:02:43,"AI Overview,People also ask,Image pack",3100,20,450,2015-11-16,,
1072,اللهم اعتق رقابنا من النار,150,450,70,1,0,400,0.06,0.4,2026-05-30 12:11:49,"AI Overview,Image pack,People also ask,Video preview,Sitelinks",900,100,150,2015-09-23,"338, 8, 4, 5, 5, 5, 3, 8, 27, 3901, 10, 10, 337, 5, 7, 4, 4, 5, 4, 79, 92, 4275, 2, 24","358, 18, 15, 3, 1, 1, 73, 71, 84, 4267, 1, 15"
1073,دعاء مكارم الاخلاق,150,600,100,1,0,150,0.02,0.8,2026-05-25 13:26:58,"Video preview,Videos",600,20,100,2015-10-28,"106, 82, 83, 105, 106, 107, 105, 105, 105, 785, 126, 126, 105, 83, 71, 127, 104, 104, 84, 109, 119, 512, 37, 188","138, 102, 101, 114, 112, 124, 119, 126, 125, 187, 247, 132"
1074,دعاء السحر مفاتيح الجنان,150,830,2200,2,0,150,0.7,,2026-05-18 0:07:13,"People also ask,Image pack",800,200,1100,2017-05-28,"102, 124, 52, 59, 34, 52, 66, 74, 72, 1475, 92, 106, 63, 67, 100, 94, 98, 70, 53, 39, 664, 728, 59, 0",263
1075,دعاء اللهم بلغنا رمضان,150,700,100,1,0,150,0.03,,2026-05-15 3:42:53,"Featured snippet,People also ask",700,30,100,2016-05-02,"1, 0, 0, 3, 16, 35, 75, 418, 3219, 229, 0, 0, 0, 1, 2, 2, 5, 3, 88, 473, 1497, 12, 5, 94",
1076,دعاء للزوج الحنون,150,800,100,1,0,150,0.04,,2026-05-16 6:33:56,"AI Overview,Thumbnail,People also ask,Image pack,Video preview",800,60,100,2020-03-21,,
1077,دعاء للمتصدقين في سبيل الله,150,800,100,1,0,150,,,2026-05-17 15:19:14,"AI Overview,People also ask,Image pack,Video preview",800,70,100,2020-02-13,,
1078,دعاء حل المشاكل,150,1370,5250,12,0,40,,,2026-05-23 9:07:31,"AI Overview,Thumbnail,People also ask,Image pack,Video preview,Videos",400,50,450,2015-10-10,,
1079,دعاء لراحة النفس وإزالة الهم,150,1200,200,1,0,150,,,2026-05-22 18:50:48,"AI Overview,Image pack,People also ask,Video preview",1200,60,200,2021-04-14,,
1080,اللهم ارحم صديقتي,150,900,200,1,0,10,,,2026-05-14 7:23:55,"Image pack,People also ask,Video preview,Thumbnail",20,0,10,2015-11-23,"123, 101, 120, 124, 145, 61, 8, 21, 0, 32, 4, 10, 11, 33, 7, 5, 27, 14, 12, 9, 2, 6, 0, 2",
1081,دعاء اليوم الثامن من رمضان,150,1900,300,1,0,150,,0.67,2026-05-09 19:53:14,"Image pack,People also ask",1900,30,300,2016-06-05,,
1082,دعاء السعاده,150,350,30,1,0,100,,,2026-06-03 20:01:08,"AI Overview,Thumbnail,People also ask,Image pack,Video preview",150,300,600,2015-12-20,,
1083,تهنئة زواج للعريس بالاسم,150,600,600,1,0,500,0.1,,2026-05-20 7:06:25,"AI Overview,Image pack,People also ask",2700,350,700,2021-09-20,"1180, 1145, 736, 548, 455, 536, 540, 552, 298, 157, 770, 457, 663, 684, 543, 442, 372, 456, 377, 479, 289, 182, 811, 570","832, 886, 721, 550, 424, 487, 428, 553, 363, 256, 885, 644"
1084,دعاء قراءة القران,150,700,150,1,8,150,,,2026-05-17 12:47:13,"AI Overview,Thumbnail,Image pack,People also ask,Video preview",700,70,150,2015-09-22,,
1085,يوم الاسراء والمعراج,150,4800,10,1,3,70,,,2026-06-06 7:15:42,"AI Overview,Thumbnail,People also ask,Video preview,Image pack",700,500,3300,2017-04-06,,
1086,دعاء بداية رمضان,150,700,1100,1,0,70,,,2026-05-06 0:51:28,"AI Overview,Thumbnail,People also ask",450,250,1200,2016-06-05,,
1087,اللهم بارك لنا في رجب وشعبان,150,600,1400,1,2,100,0.06,,2026-05-22 8:56:31,"People also ask,Image pack",900,90,90,2016-04-08,,
1088,دعاء معاذ بن جبل لقضاء الدين ابن باز,150,200,70,1,0,150,,,2026-05-18 17:25:34,"AI Overview,People also ask,Image pack,Sitelinks,Video preview",200,70,70,2021-05-26,,
1089,فوائد وأسرار آية وقل ربي أدخلني مدخل صدق,150,400,0,1,0,,,,2026-06-01 9:49:38,"AI Overview,Thumbnail,Video preview,People also ask",,150,300,2020-04-06,,
1090,دعاء بعد صلاة الفجر لقضاء الحوائج,150,1300,90,1,0,150,,,2026-06-02 14:14:07,"AI Overview,Thumbnail,Image pack,People also ask,Videos",1300,20,90,2016-12-15,,
1091,دعاء التخرج من الثانوية,150,250,80,1,0,150,,,2026-05-19 19:28:33,"AI Overview,People also ask,Sitelinks,Video preview",250,70,80,2020-08-25,,
1092,دعاء تفريج الكربات وقضاء الحاجات,150,350,70,1,0,150,,,2026-06-07 15:08:52,"AI Overview,Thumbnail,Image pack,People also ask,Video preview",350,60,70,2020-08-01,,
1093,دعاء الحيرة,150,650,500,2,0,150,,,2026-05-23 8:54:37,"AI Overview,Thumbnail,People also ask,Image pack,Video preview",500,40,90,2016-04-12,,
1094,يوم الجمعة دعاء,150,1200,900,1,0,2300,0.05,0.45,2026-05-20 10:07:54,"AI Overview,Image pack,People also ask,Video preview,Thumbnail",6000,5300,12000,2015-10-16,"1988, 2495, 3738, 3027, 3702, 3763, 3044, 4514, 2465, 1113, 2449, 3028, 1581, 2430, 2902, 2347, 2989, 1841, 2388, 2957, 1764, 1220, 1847, 2522","1544, 2095, 2533, 2250, 2636, 1897, 2314, 2696, 1833, 1217, 1664, 2421"
1095,دعاء لطلاب المدارس,150,800,250,1,0,30,,,2026-05-21 21:33:03,"AI Overview,Thumbnail,Image pack,People also ask,Videos,Video preview",100,350,2100,2020-01-18,"71, 0, 116, 23, 60, 129, 7, 2, 29, 1, 5, 14, 47, 2, 65, 22, 20, 14, 25, 103, 4, 2, 5, 2",
1096,دعاء اول ما اشوف الكعبه,150,150,1200,1,0,800,,,2026-05-28 21:14:49,"AI Overview,Thumbnail,Video preview,People also ask,Image pack,Sitelinks",900,800,800,2023-02-15,"274, 568, 523, 448, 752, 814, 891, 1213, 1047, 2174, 294, 159, 222, 700, 847, 822, 810, 983, 913, 963, 879, 1092, 185, 683",
1097,دعاء اليوم الثالث من رمضان مفاتيح الجنان,150,2600,150,1,0,30,,,2026-05-07 4:43:00,People also ask,150,150,450,2018-05-18,,
1098,دعاء اول ليلة في القبر,150,300,1600,1,0,100,,,2026-05-13 20:31:16,"AI Overview,Thumbnail,People also ask,Image pack",2200,150,1600,2016-03-16,,
1099,دعاء لبنتي في الاختبار,150,380,460,3,0,100,,,2026-06-01 18:26:03,"AI Overview,Thumbnail,People also ask,Videos,Image pack",150,20,150,2020-01-11,,
1100,دعاء السنه الجديده,150,900,350,1,0,450,0.02,0.91,2026-05-23 5:23:39,"AI Overview,People also ask,Image pack,Video preview",1400,450,2300,2015-09-14,"26, 2191, 65, 12, 11, 27, 2792, 633, 11, 12, 7, 7, 1689, 28, 43, 10, 11, 13, 2282, 610, 197, 198, 197, 200","1417, 194, 337, 200, 189, 185, 1579, 657, 295, 291, 286, 283"
1101,دعاء لبس الاحرام,150,170,300,2,0,1100,0.05,0.91,2026-05-28 11:56:05,"AI Overview,Thumbnail,People also ask,Image pack,Videos,Video preview",1200,800,900,2015-09-24,"731, 749, 763, 750, 939, 937, 757, 1116, 835, 3916, 523, 522, 617, 974, 977, 782, 965, 917, 949, 1104, 782, 4116, 411, 928","863, 1213, 1221, 899, 1071, 1014, 1203, 1274, 949, 4285, 582, 1100"
1102,تحصين البيت,150,600,550,2,0,600,0.04,1.07,2026-05-30 6:29:37,"Image pack,People also ask,Video preview,Sitelinks",1100,30,30,2015-09-23,"444, 519, 536, 555, 551, 532, 599, 590, 527, 416, 592, 586, 500, 477, 569, 580, 593, 577, 604, 554, 523, 610, 544, 628","609, 601, 628, 629, 684, 659, 597, 601, 568, 661, 590, 680"
1103,دعاء للزواج بسرعة البرق للعزباء,150,900,450,1,0,150,,,2026-05-11 9:50:11,"AI Overview,Video preview,People also ask,Image pack",900,80,450,2021-06-07,,
1104,دعاء رد الزوج لزوجته,150,900,350,1,0,80,0.6,,2026-05-10 21:11:35,"People also ask,Video preview",250,0,20,2016-03-26,,
1105,دعاء تثبيت الحفظ,150,460,100,2,0,150,,,2026-05-11 3:44:13,"AI Overview,Thumbnail,Video preview,People also ask,Image pack,Sitelinks",450,40,80,2015-09-09,,
1106,دعاء للأبناء بالتوفيق,150,670,1730,7,0,450,0.07,,2026-06-02 8:30:16,"AI Overview,Thumbnail,People also ask,Image pack,Video preview",1700,20,150,2015-09-01,"516, 247, 484, 433, 522, 777, 546, 408, 476, 593, 286, 481, 480, 305, 504, 474, 434, 375, 706, 379, 398, 435, 458, 487","482, 348, 450, 427, 425, 498, 709, 398, 418, 457, 480, 511"
1107,دعاء السفر مفاتيح الجنان,150,700,100,1,0,150,,,2026-06-06 23:10:08,"AI Overview,People also ask,Image pack,Video preview",700,50,100,2019-03-18,,
1108,دعاء الطواف الشوط الخامس,150,150,150,1,0,150,,,2026-05-14 2:55:27,"AI Overview,Image pack,People also ask,Video preview",150,150,150,2021-10-13,,
1109,دعاء الافتتاح مكتوب بخط كبير كامل,150,1600,2100,1,0,150,,,2026-05-16 19:26:35,"Video preview,Sitelinks,People also ask,Image pack",1600,300,2100,2021-09-11,,
1110,اسم دعاء,150,1600,70,1,0,150,0.02,0.22,2026-05-09 8:24:06,"AI Overview,Thumbnail,Image pack,People also ask,Video preview",1600,0,70,2015-09-18,"174, 182, 170, 173, 196, 178, 146, 142, 146, 173, 174, 141, 112, 137, 115, 139, 147, 141, 135, 125, 119, 137, 136, 122","116, 121, 109, 114, 134, 115, 105, 103, 97, 112, 110, 99"
1111,دعاء رمضان اللهم بلغنا رمضان,150,400,0,1,0,150,,0.64,2026-05-16 19:51:46,"Image pack,People also ask,Video preview",1300,0,70,2016-01-30,"5, 5, 5, 5, 5, 5, 5, 21, 1197, 1017, 5, 5, 19, 5, 5, 6, 7, 10, 43, 30, 925, 307, 156, 2","106, 2, 8, 1, 1, 1, 15, 9, 212, 541, 39, 8"
1112,دعاء للميت واهله بالصبر تويتر,150,200,20,1,0,10,,,2026-05-06 7:42:51,People also ask,20,0,20,2021-02-28,"9, 4, 68, 10, 9, 21, 2, 11, 2, 5, 6, 7, 8, 17, 38, 11, 8, 4, 1, 2, 0, 1, 1, 1",
1113,دعاء توبه,150,250,300,1,3,3000,0.08,,2026-06-05 12:12:07,"AI Overview,Thumbnail,Image pack,People also ask,Video preview",4400,20000,52000,2016-01-03,"2024, 1821, 1948, 2011, 2066, 2188, 2102, 2301, 2542, 2579, 2776, 2765, 2875, 2672, 2798, 2862, 2916, 3038, 2952, 3152, 3392, 3430, 3627, 3616","3725, 3523, 3649, 3712, 3767, 3889, 3803, 4002, 4243, 4280, 4477, 4466"
1114,دعاء الزوجة الصالحة,150,700,150,1,0,150,,,2026-05-13 1:45:13,"AI Overview,Thumbnail,Video preview,People also ask,Image pack,Sitelinks",700,70,150,2015-10-18,,
1115,الحب دعاء,150,250,10,1,0,150,0.04,0.29,2026-05-12 3:28:26,"Image pack,People also ask,Thumbnail",250,0,10,2015-09-04,"474, 193, 228, 215, 191, 160, 173, 192, 160, 383, 122, 145, 214, 142, 143, 95, 94, 96, 94, 101, 98, 147, 154, 126","133, 193, 127, 118, 105, 102, 101, 104, 100, 151, 158, 130"
1116,دعاء التفكير الزائد والوسواس,150,700,100,1,0,150,,,2026-05-20 21:26:31,"AI Overview,Video preview,Thumbnail,Image pack,People also ask",700,50,100,2021-04-25,,
1117,اللهم بلغنا شهر رمضان,150,1300,70,1,0,80,0.2,0.09,2026-06-07 14:35:08,"AI Overview,Thumbnail,Image pack,People also ask,Video preview",400,350,1500,2016-05-18,,
1118,دعاء العشر الاواخر من ذي الحجة,150,500,30,2,0,10,,,2026-06-03 8:26:15,"AI Overview,Thumbnail,People also ask,Video preview,Image pack",150,700,1900,2015-09-08,,
1119,دعاء قبل صلاة الفجر لقضاء الحوائج,150,1100,300,1,0,150,,,2026-05-09 13:28:09,"AI Overview,People also ask,Image pack",1100,20,300,2020-04-21,,
1120,دعاء صيام,150,450,1300,1,0,500,0.02,,2026-05-03 21:10:54,"AI Overview,People also ask",3200,3600,9400,2017-04-10,"380, 265, 35, 47, 72, 157, 234, 623, 1342, 2631, 106, 139, 207, 197, 43, 49, 73, 167, 301, 632, 1480, 2559, 79, 189","191, 195, 62, 69, 92, 192, 342, 663, 1511, 2590, 110"
1121,جوامع الدعاء من الكتاب والسنة,150,250,1800,1,3,1600,,,2026-05-19 4:29:51,"People also ask,Video preview,Image pack",3300,1000,1800,2016-08-08,"1899, 527, 1200, 735, 490, 397, 551, 558, 586, 3459, 657, 843, 2065, 1195, 1196, 1038, 1147, 657, 674, 868, 2382, 4345, 582, 2346",
1122,دعاء لمن سكن بيت جديد,150,450,150,1,6,150,,,2026-05-17 1:52:34,"AI Overview,Thumbnail,People also ask,Sitelinks,Video preview,Image pack",450,150,150,2015-09-14,"219, 238, 184, 208, 189, 259, 167, 127, 190, 134, 189, 222, 193, 279, 238, 156, 184, 132, 132, 114, 127, 100, 70, 93",
1123,دعاء ليلة النصف من شعبان pdf,150,2200,350,1,0,150,,,2026-05-07 13:15:47,"Thumbnail,People also ask",2200,50,350,2020-04-07,,
1124,دعاء الخوف من المجهول,150,600,50,3,0,150,,,2026-05-17 18:41:14,"AI Overview,Thumbnail,Image pack,People also ask",600,10,50,2016-05-08,,
1125,اقوى دعاء مستجاب,150,270,1450,3,1,200,,0.89,2026-06-04 9:58:15,"AI Overview,Thumbnail,Image pack,People also ask,Video preview",350,500,2900,2015-09-15,"213, 192, 185, 167, 204, 212, 202, 188, 191, 208, 252, 223, 213, 192, 185, 167, 204, 212, 202, 188, 191, 208, 252, 223","213, 192, 185, 167, 204, 212, 202, 188, 191, 208, 252"
1126,دعاء تقبل العمرة,150,250,450,1,0,150,,,2026-05-10 9:23:12,"AI Overview,People also ask,Image pack",250,400,450,2016-03-17,,
1127,اللهم ان في تدبيرك مايغني عن الحيل,150,200,1000,2,0,1000,0.07,0.38,2026-05-22 12:48:54,"Image pack,People also ask,Video preview",1400,400,500,2015-09-01,"582, 695, 889, 876, 676, 374, 533, 583, 1298, 1665, 1092, 1275, 1265, 1290, 1271, 881, 838, 879, 854, 818, 822, 919, 952, 890","928, 834, 796, 814, 730, 689, 717, 665, 670, 770, 804, 745"
1128,دعاء لولدي المريض,140,1230,2000,3,0,80,,,2026-06-07 14:16:22,"AI Overview,Thumbnail,People also ask,Image pack,Sitelinks",100,100,900,2016-09-11,,
1129,دعاء المطر في رمضان,140,280,500,2,0,900,,,2026-06-03 7:01:42,"AI Overview,Thumbnail,People also ask,Image pack,Video preview",1500,400,400,2020-04-20,"8, 4, 11, 3, 1, 1, 1, 1, 1, 10779, 13, 3, 3, 2, 6, 2, 2, 2, 1, 1, 1, 10775, 530, 529","35, 1, 18, 1, 1, 1, 1, 1, 1, 10783, 538, 536"
1130,دعاء بر الوالدين,140,450,400,2,0,150,0.02,0.73,2026-06-03 4:51:10,"AI Overview,People also ask,Image pack,Video preview",400,250,350,2015-09-29,,
1131,دعاء ١٥ رمضان,140,800,200,2,0,90,,,2026-05-28 3:10:58,"People also ask,Image pack,Video preview",400,50,100,2020-04-27,,
1132,دعاء الخروج من الحمام,140,260,160,2,0,300,0.02,0.64,2026-05-26 0:39:24,"AI Overview,People also ask,Image pack,Video preview",450,90,100,2015-09-02,"192, 230, 594, 607, 371, 346, 343, 342, 225, 183, 195, 187, 151, 184, 228, 651, 425, 327, 394, 340, 189, 151, 139, 136","108, 150, 237, 630, 327, 258, 290, 237, 106, 71, 65, 62"
1133,دعاء زكريا عليه السلام,140,1650,1250,3,0,70,,,2026-05-22 20:39:29,"AI Overview,Thumbnail,Image pack,People also ask,Videos,Video preview",150,30,400,2018-02-20,,
1134,دعاء اليوم الثالث من رمضان,140,950,740,4,0,150,,0.43,2026-05-15 22:47:12,"People also ask,Video preview,Image pack",2600,20,150,2015-11-22,"7, 6, 7, 6, 6, 6, 0, 6, 48, 2543, 6, 7, 7, 7, 1, 6, 7, 8, 7, 429, 387, 1212, 1, 362","420, 192, 463, 269, 255, 212, 181, 325, 317, 1, 163, 318"
1135,دعاء الكسل والخمول,140,410,450,3,0,40,,,2026-05-22 21:39:41,"AI Overview,People also ask,Image pack,Videos,Video preview,Sitelinks",150,30,150,2020-03-06,"67, 39, 17, 109, 17, 40, 30, 13, 26, 51, 122, 90, 8, 40, 37, 41, 24, 6, 89, 41, 12, 28, 32, 6",
1136,دعاء رد كيد الاعداء,140,500,70,4,0,70,,,2026-06-06 8:58:15,"AI Overview,Thumbnail,Image pack,People also ask,Video preview",150,20,20,2016-10-24,,
1137,دعاء قبل العملية,130,3220,4850,9,0,40,,,2026-05-14 1:36:38,"AI Overview,Video preview,Thumbnail,People also ask,Image pack",200,80,500,2016-02-03,,
1138,دعاء بعد صلاة الوتر,130,260,280,3,0,100,0.08,,2026-06-02 5:58:57,"AI Overview,People also ask,Image pack,Video preview",200,80,90,2016-04-01,,
1139,دعاء ليلة القدر مكتوب طويل,130,240,450,2,0,900,,,2026-05-19 18:23:00,"AI Overview,People also ask,Video preview,Image pack,Sitelinks",5800,2500,8100,2017-06-21,"1706, 26, 173, 45, 47, 106, 33, 38, 34, 940, 3263, 4092, 1865, 28, 188, 49, 51, 115, 36, 42, 37, 1022, 3545, 4444","2024, 31, 204, 53, 55, 125, 39, 45, 40, 1104, 3827, 4795"
1140,دعاء السحر مكتوب,130,700,1750,2,0,100,0.35,,2026-06-02 19:08:40,"AI Overview,Thumbnail,Image pack,People also ask,Video preview",600,250,1500,2015-10-16,,
1141,دعاء تسخير الزوج وحل المشاكل,130,930,1910,10,0,350,0.6,,2026-05-23 7:12:13,"AI Overview,People also ask",1100,2100,2800,2020-03-29,"758, 501, 327, 330, 178, 210, 154, 156, 159, 726, 402, 517, 380, 272, 340, 224, 328, 417, 351, 324, 320, 505, 331, 357","328, 402, 447, 295, 475, 375, 430, 425, 413, 382, 422, 437"
1142,احلى دعاء للزوج,130,1300,950,2,0,100,0.03,,2026-05-18 2:00:06,"AI Overview,Thumbnail,Video preview,People also ask,Image pack,Sitelinks",1100,2800,6800,2017-02-03,,
1143,دعاء على الزوج الظالم مجرب,130,600,500,2,0,150,,,2026-05-12 7:56:19,"AI Overview,Thumbnail,Image pack,People also ask,Video preview",700,300,1700,2020-02-22,,
1144,ادعية العشر من ذي الحجة,130,950,40,2,0,300,,,2026-05-09 12:43:00,"AI Overview,People also ask,Image pack",2100,450,1000,2016-09-09,"2866, 12, 5, 5, 5, 5, 5, 5, 21, 37, 5, 1962, 1241, 7, 7, 6, 6, 3, 6, 147, 164, 163, 94, 2010","187, 517, 433, 324, 313, 315, 318, 465, 472, 477, 485, 393"
1145,ادعية ليلة النصف من شعبان,130,2300,7000,3,0,150,,,2026-05-17 5:22:34,"People also ask,Image pack",2800,250,3100,2016-05-21,,
1146,دعاء ١٠ رمضان,130,750,500,2,0,80,,,2026-05-21 16:11:21,"People also ask,Image pack,Videos",350,40,50,2017-06-05,,
1147,دعاء صباح,130,700,2200,2,0,3300,0.02,0.55,2026-06-06 5:21:46,"AI Overview,Thumbnail,People also ask,Image pack,Video preview",19000,3300,37000,2015-09-16,"2863, 2959, 4207, 4283, 4395, 4291, 4351, 4233, 3418, 2288, 3548, 3469, 2826, 2880, 2981, 4251, 4195, 4130, 3509, 3465, 2772, 2751, 2651, 2862","2567, 2421, 2711, 3112, 3372, 3017, 3067, 3116, 2765, 2505, 2417, 2639, 2339"
1148,دعاء اليوم الثاني والعشرين من رمضان,130,850,280,2,0,60,,,2026-06-07 7:43:28,"Video preview,People also ask,Image pack",500,10,200,2016-06-28,"0, 2, 1, 2, 0, 0, 0, 3, 6, 747, 0, 0, 0, 2, 2, 1, 2, 4, 2, 5, 22, 660, 3, 0",222
1149,دعاء زيارة قبر الميت,120,350,700,2,0,80,,,2026-06-06 21:03:41,"AI Overview,Thumbnail,People also ask,Image pack,Video preview",200,80,350,2015-09-05,,
1150,اللهم مع بداية عام دراسي جديد,120,510,8400,5,0,200,,,2026-05-29 0:34:45,"Image pack,People also ask,Video preview",1400,70,250,2020-08-26,,
1151,دعاء للنوم وراحة البال,120,900,190,2,0,80,,,2026-05-27 21:16:28,"AI Overview,Thumbnail,People also ask,Image pack",600,30,100,2016-09-05,,
1152,دعاء الصبر على الميت,120,680,680,4,0,100,,,2026-06-02 2:09:53,"AI Overview,Thumbnail,People also ask,Image pack,Video preview",450,50,200,2015-12-09,,
1153,دعاء وزيارة يوم الثلاثاء,120,1100,750,2,0,60,,,2026-05-29 12:16:53,"Video preview,People also ask,Image pack",700,40,400,2016-01-19,,
1154,دعاء لاولادي في رمضان,120,400,160,2,0,60,,,2026-05-23 1:39:43,"AI Overview,People also ask,Image pack,Video preview",300,40,80,2020-03-13,,
1155,دعاء لابي المتوفي في رمضان,120,690,2900,3,0,500,,,2026-05-12 18:02:42,"AI Overview,People also ask,Video preview,Image pack",3200,8100,32000,2016-06-18,"21, 6, 5, 3, 3, 4, 3, 4, 139, 5721, 38, 20, 23, 9, 9, 7, 4, 1, 1, 96, 2561, 2941, 101, 96","1, 1, 1, 1, 1, 1, 1, 9, 45, 2673, 1278, 103, 19"
1156,الاستئذان لزيارة النبي,120,150,1250,3,0,300,,,2026-06-06 11:18:53,"AI Overview,Thumbnail,People also ask",300,450,450,2015-10-07,"248, 133, 105, 166, 197, 159, 43, 99, 61, 9, 42, 35, 234, 1459, 309, 161, 181, 355, 109, 220, 185, 154, 83, 96","138, 233, 179, 195, 123, 99, 65, 142, 95, 69, 8, 23"
1157,دعاء لابني,120,490,270,4,0,500,0.02,0.47,2026-05-19 17:04:39,"AI Overview,Image pack,People also ask,Video preview",3900,6700,7400,2015-10-02,"826, 461, 474, 475, 584, 591, 550, 554, 444, 1241, 427, 545, 752, 443, 441, 442, 425, 377, 511, 523, 498, 640, 642, 581","617, 592, 527, 514, 540, 533, 543, 548, 523, 665, 668, 606"
1158,دعاء السيفي الصغير,120,280,90,2,0,100,0.03,0.78,2026-05-24 1:24:45,"Featured snippet,Videos,Image pack,People also ask,Video preview",250,30,70,2015-09-03,"25, 152, 136, 229, 180, 159, 49, 45, 29, 156, 29, 162, 45, 38, 138, 216, 246, 39, 37, 17, 182, 19, 42, 16","124, 104, 120, 112, 125, 119, 91, 104, 108, 132, 119, 119"
1159,دعاء لراحة البال والطمأنينة,120,580,750,2,0,250,0.07,,2026-05-14 11:07:06,"AI Overview,People also ask,Image pack",900,100,250,2015-10-20,"918, 736, 730, 614, 618, 517, 507, 411, 271, 512, 276, 152, 180, 197, 342, 340, 433, 289, 239, 249, 204, 309, 306, 198","239, 245, 245, 141, 146, 155, 192, 177, 133, 240, 239, 133"
1160,الدعاء عند الملتزم,120,120,1100,2,0,500,0.05,1,2026-06-02 12:12:07,"AI Overview,Thumbnail,People also ask,Image pack,Video preview",600,900,1000,2015-09-22,"386, 867, 898, 570, 580, 500, 390, 398, 303, 696, 714, 1652, 468, 836, 521, 361, 363, 441, 305, 405, 352, 432, 436, 505","335, 434, 546, 455, 458, 453, 397, 409, 355, 436, 440, 509"
1161,دعاء يوم الجمعة لزوجي,120,790,260,3,0,30,,,2026-05-21 15:15:31,"AI Overview,Thumbnail,People also ask,Image pack,Video preview",150,50,90,2020-03-26,,
1162,دعاء ياحي ياقيوم برحمتك استغيث,120,300,30,2,0,100,0.04,,2026-05-20 6:40:05,"AI Overview,People also ask,Image pack",150,20,20,2015-10-15,,
1163,ماذا يقال عند ذبح العقيقة,120,1590,8300,4,0,100,0.01,,2026-06-05 20:22:24,"AI Overview,People also ask",1100,150,2100,2015-09-30,"146, 99, 88, 103, 101, 112, 91, 89, 89, 112, 72, 89, 133, 95, 111, 113, 154, 152, 148, 107, 103, 118, 107, 112","127, 132, 120, 122, 115, 120, 118, 112, 108, 123, 112, 117"
1164,دعاء للأبناء بالتوفيق في الدراسة,120,640,950,3,0,400,,,2026-05-05 9:04:05,"AI Overview,People also ask",1500,70,250,2020-04-09,"959, 143, 863, 487, 466, 1023, 407, 74, 656, 318, 206, 351, 358, 65, 264, 294, 422, 246, 718, 1066, 253, 181, 138, 185",
1165,دعاء على من أخذ فلوسي,120,230,200,2,3,100,,,2026-05-19 12:59:41,"AI Overview,Video preview,People also ask,Videos,Image pack",200,100,100,2021-05-17,,
1166,دعاء رجوع الزوج لزوجتة سريعا,120,940,750,4,0,100,0.6,,2026-05-30 0:44:53,"AI Overview,People also ask,Image pack,Video preview",800,40,200,2020-08-28,,
1167,زيارة القبور عند الشيعة,120,600,3200,4,0,50,,,2026-05-17 21:13:47,"Video preview,People also ask,Sitelinks",200,100,800,2015-11-21,,
1168,دعاء لتقوية الشخصية,120,540,180,2,0,40,,,2026-05-21 16:48:27,"AI Overview,Video preview,Thumbnail,Image pack,People also ask,Videos",100,90,150,2017-03-09,,
1169,دعاء للوالدين يوم الجمعة,120,250,280,6,0,60,,,2026-05-26 23:44:52,"AI Overview,Thumbnail,People also ask,Image pack,Videos,Video preview",150,30,50,2017-03-17,,
1170,اللهم انك عفو,110,450,9850,2,0,3200,,0.38,2026-06-08 5:59:11,"AI Overview,People also ask,Image pack,Video preview",8000,2700,5100,2015-09-02,"2314, 809, 789, 83, 269, 272, 220, 271, 791, 56165, 815, 353, 616, 57, 45, 37, 234, 166, 202, 2220, 2343, 31229, 8739, 12619","2595, 2501, 2482, 2431, 2468, 3703, 3660, 3511, 3631, 17091, 18774"
1171,دعاء قبل النوم مستجاب,110,840,220,2,0,100,,,2026-05-29 18:00:37,"AI Overview,Thumbnail,Image pack,People also ask,Videos,Sitelinks,Video preview",800,50,200,2020-05-28,,
1172,دعاء مستجاب من اول مرة بشرط تقولة ٣مرات,110,560,700,4,0,70,,,2026-05-16 21:23:21,"AI Overview,Video preview,People also ask,Image pack",400,50,200,2018-04-01,,
1173,دعاء لنفسي بسعاده تويتر,110,200,10,2,0,20,,,2026-05-26 17:30:19,People also ask,50,10,10,2022-03-23,,
1174,دعاء على من ظلمني,110,280,500,2,2,1100,0.05,0.76,2026-06-03 4:35:53,"AI Overview,Thumbnail,People also ask,Image pack,Video preview",3000,3000,7900,2015-10-10,"1696, 1150, 1157, 943, 1123, 1117, 1075, 1142, 908, 2137, 903, 1138, 1290, 1125, 1106, 883, 844, 835, 916, 927, 767, 2005, 774, 1177","1230, 1152, 997, 775, 743, 801, 852, 850, 700, 1939, 711, 1116"
1175,دعاء للزوجين بالسعادة,110,230,840,6,0,250,0.01,,2026-05-23 11:22:45,"AI Overview,People also ask,Image pack",900,2700,6800,2015-10-04,"914, 734, 632, 526, 550, 523, 400, 511, 335, 590, 368, 293, 333, 243, 234, 193, 198, 199, 234, 222, 198, 225, 278, 269","247, 300, 246, 212, 210, 212, 213, 215, 192, 218, 269, 260"
1176,دعاء الخروج,110,380,5100,2,0,3900,0.04,0.58,2026-05-29 8:43:07,"AI Overview,Thumbnail,Video preview,People also ask,Image pack,Sitelinks",6100,350,1500,2015-09-05,"2127, 2463, 2932, 3825, 4008, 4021, 3120, 3113, 3324, 2725, 4023, 4015, 2705, 3293, 4070, 5020, 3990, 3845, 3780, 3764, 3735, 4213, 3729, 4154","4886, 3982, 4368, 4779, 5135, 4696, 4436, 4403, 4361, 4909, 4336"
1177,اللهم اهله علينا,110,520,1500,2,0,600,0.07,0.73,2026-05-20 17:15:35,"AI Overview,People also ask,Image pack,Video preview",1200,250,500,2016-06-04,"452, 308, 39, 60, 50, 88, 297, 446, 2353, 444, 134, 375, 340, 83, 52, 38, 111, 157, 284, 717, 2123, 2707, 20, 683","797, 606, 508, 439, 540, 522, 466, 760, 1072, 2065, 1289, 767"
1178,دعاء الحسد والغيرة,110,850,240,2,0,100,0.05,,2026-05-10 14:49:59,"AI Overview,Video preview,Thumbnail,People also ask,Image pack",700,20,150,2015-12-12,"260, 258, 223, 215, 214, 264, 211, 324, 215, 177, 133, 165, 168, 148, 158, 99, 93, 60, 63, 65, 62, 61, 55, 58","58, 55, 55, 50, 53, 52, 53, 53, 50, 49, 44, 47"
1179,دعاء ليلة الجمعة للاحبة,110,1800,600,2,0,80,,,2026-06-07 23:48:05,"Image pack,AI Overview,Thumbnail,People also ask",1300,40,300,2018-01-04,,
1180,ادعية للاخرة,110,170,300,2,0,80,,,2026-05-07 20:10:34,"AI Overview,Thumbnail,People also ask,Video preview",200,80,100,2015-10-03,,
1181,دعاء للبيت الجديد,110,250,950,2,6,100,,,2026-05-23 5:36:52,"AI Overview,People also ask,Image pack,Video preview",400,1400,1700,2015-12-09,,
1182,دعاء لصديق في الحرم,110,110,290,5,0,100,,,2026-05-28 1:11:07,"AI Overview,People also ask,Image pack",100,900,1400,2021-05-04,,
1183,الورد اليومي,110,200,4200,2,8,2200,0.06,0.63,2026-06-09 9:24:35,"Image pack,People also ask,Video preview",4700,1000,2100,2015-09-05,"2148, 2128, 2591, 2636, 2625, 2602, 2628, 2633, 1801, 2134, 2175, 2206, 2087, 2131, 2188, 2213, 2656, 2167, 2170, 2269, 2119, 2204, 2177, 2255","2233, 2319, 2391, 2383, 2244, 2106, 2263, 2268, 2128, 2205, 2177, 2255"
1184,دعاء للطلاب,110,460,60,2,0,80,0.15,0.77,2026-05-19 10:08:30,"AI Overview,People also ask,Image pack",400,30,30,2015-10-03,"367, 9, 286, 24, 33, 443, 275, 23, 340, 22, 18, 37, 461, 10, 23, 18, 22, 13, 26, 260, 25, 37, 72, 52","91, 6, 32, 19, 7, 46, 29, 15, 25, 10, 4, 4"
1185,اللهم اشفي كل مريض,110,170,2600,2,0,8900,0.01,0.24,2026-06-05 4:11:23,"Image pack,AI Overview,Thumbnail,People also ask,Video preview",17000,350,350,2015-09-02,"9712, 8951, 8764, 7979, 8969, 9497, 8902, 9410, 8602, 8534, 9375, 8759, 9617, 8856, 8669, 7884, 8875, 9402, 8807, 9316, 8507, 8439, 9281, 8664","9523, 8762, 8574, 7789, 8780, 9307, 8713, 9221, 8412, 8344, 9186, 8570"
1186,دعاء تسخير الزوج لزوجته,110,240,700,4,0,100,0.2,1.04,2026-05-19 11:00:12,"AI Overview,Thumbnail",200,150,200,2015-09-05,,
1187,دعاء للحبيب يوم الجمعة,110,500,350,2,0,80,,,2026-06-06 12:18:55,"AI Overview,Thumbnail,People also ask,Image pack,Video preview",300,80,200,2017-02-03,,
1188,دعاء نهاية العام,110,700,80,2,0,40,,,2026-05-13 18:41:42,"Image pack,People also ask,Video preview",200,20,40,2015-10-13,,
1189,دعاء المهموم,110,290,50,2,0,100,0.07,0.67,2026-05-18 10:08:37,"AI Overview,Thumbnail,People also ask,Sitelinks,Image pack,Video preview",250,10,30,2015-09-13,"187, 181, 214, 234, 194, 166, 154, 153, 128, 217, 131, 111, 140, 139, 107, 148, 152, 92, 92, 104, 99, 117, 117, 109","108, 115, 110, 107, 103, 94, 90, 97, 92, 108, 109, 101"
1190,دعاء استفتاح الصلاة بعد تكبيرة الإحرام,110,610,120,2,0,100,,,2026-05-14 18:18:54,"AI Overview,Image pack,People also ask,Sitelinks,Thumbnail",600,20,60,2020-03-24,,
1191,دعاء ياودود كامل,110,550,1400,2,0,450,0.02,,2026-05-08 0:13:17,"AI Overview,People also ask,Video preview",700,400,1100,2015-09-04,"623, 336, 434, 278, 630, 537, 424, 338, 338, 631, 272, 730, 637, 527, 723, 481, 163, 214, 205, 389, 369, 467, 497, 499","503, 448, 440, 420, 413, 397, 415, 403, 383, 481, 511, 513"
1192,دعاء اول يوم دوام,110,220,170,2,0,70,,,2026-05-12 15:40:09,"AI Overview,Thumbnail,Image pack,People also ask",150,70,100,2016-08-07,,
1193,دعاء الخطوبة,110,1070,1100,5,0,50,,,2026-06-04 18:07:14,"AI Overview,Thumbnail,People also ask,Image pack,Video preview",600,40,250,2015-09-15,,
1194,اناجيك ياموجود,110,2020,3150,3,0,450,,,2026-05-02 6:30:28,"Sitelinks,Video preview",1700,80,350,2017-07-03,"399, 393, 454, 441, 340, 362, 453, 506, 437, 831, 329, 382, 319, 473, 505, 491, 342, 455, 442, 461, 443, 519, 475, 445","433, 463, 494, 475, 463, 446, 467, 487, 469, 545, 501, 471"
1195,دعاء للاطفال,110,360,1700,6,0,300,0.02,0.54,2026-05-03 9:54:13,"AI Overview,People also ask,Video preview",800,60,300,2015-09-03,"435, 282, 430, 531, 450, 412, 362, 356, 295, 578, 313, 260, 297, 210, 202, 310, 293, 290, 256, 291, 308, 320, 317, 261","245, 257, 238, 284, 285, 277, 275, 285, 301, 313, 310, 255"
1196,دعاء الستر وراحة البال قصير,100,700,250,1,0,10,,,2026-05-28 0:22:02,"Image pack,People also ask,Sitelinks,Video preview",70,10,150,2022-09-16,,
1197,دعاء الغنى من الفقر,100,600,30,1,10,150,0.05,,2026-05-15 5:54:51,"Image pack,People also ask,Video preview",250,50,100,2020-02-24,,
1198,دعاء لهداية الولد العنيد,100,800,250,1,0,100,,,2026-05-11 23:17:52,"AI Overview,Video preview,People also ask,Thumbnail,Image pack",800,40,250,2020-01-17,,
1199,دعاء لك,100,160,20,2,0,30,0.25,,2026-05-06 19:45:24,"AI Overview,Thumbnail,Video preview,People also ask",60,10,10,2017-06-09,,
1200,دعاء بعد الأذان مستجاب,100,200,100,1,0,100,,,2026-05-26 3:55:47,"AI Overview,People also ask,Image pack,Videos,Sitelinks,Video preview",200,70,100,2022-03-22,,
1201,غروب الشمس,100,400,600,2,0,4500,0.02,0.29,2026-05-27 18:52:32,"AI Overview,People also ask,Video preview,Image pack",19000,1200,4500,2015-09-01,"4545, 4407, 5000, 3943, 4576, 4463, 4687, 4505, 4373, 4312, 4346, 4035, 4551, 4477, 5095, 4021, 4670, 4539, 4746, 4566, 4437, 4376, 4410, 4102","4611, 4541, 5154, 4090, 4733, 4603, 4807, 4629, 4502, 4442, 4476, 4171"
1202,دعاء مزدلفة,100,100,150,1,0,100,,,2026-05-22 9:54:56,"AI Overview,Thumbnail,People also ask,Image pack,Video preview",100,100,150,2016-09-11,,
1203,دعاء الجبر,100,800,60,2,0,10,,,2026-05-22 13:27:11,"AI Overview,People also ask,Image pack,Video preview",20,10,10,2020-01-10,,
1204,كلام عن المطر تويتر دعاء,100,250,100,1,0,450,,,2026-06-04 3:12:58,"AI Overview,People also ask,Video preview,Image pack",700,30,40,2023-01-02,"3, 26, 121, 7, 13, 4, 0, 91, 134, 141, 17, 6, 0, 11, 956, 213, 75, 374, 1579, 131, 93, 1061, 323, 475",
1205,دعاء قيام الليل لتحقيق الامنيات,100,700,100,1,0,100,,,2026-05-11 4:47:10,"AI Overview,People also ask,Image pack",700,40,100,2019-12-16,"29, 33, 48, 137, 150, 347, 348, 267, 188, 335, 128, 136, 122, 134, 112, 105, 129, 70, 124, 127, 83, 138, 29, 76",
1206,صور ادعيه جميله,100,400,700,1,0,20,0.03,,2026-05-14 12:41:06,Image pack,100,20,800,2015-09-20,,
1207,دعاء دخول العمل,100,240,3200,3,0,450,,,2026-05-08 5:37:54,"AI Overview,People also ask",800,600,1900,2016-10-11,"191, 238, 270, 291, 279, 235, 152, 51, 96, 62, 131, 325, 235, 324, 452, 718, 618, 567, 524, 511, 310, 350, 290, 297",
1208,ادعية جميلة بالصور,100,1500,100,1,0,450,0.03,,2026-05-01 4:10:54,"People also ask,Thumbnail",3500,0,150,2016-01-18,"555, 577, 460, 336, 553, 616, 625, 660, 514, 1022, 641, 562, 581, 613, 654, 569, 540, 295, 337, 306, 220, 454, 223, 222","252, 265, 277, 292, 379, 334, 371, 336, 251, 484, 253, 253"
1209,دعاء وقت السحر لقضاء الحوائج,100,500,150,1,0,100,,,2026-05-08 10:56:43,"AI Overview,People also ask,Image pack,Video preview",500,50,150,2021-10-10,,
1210,عبارات تهنئة دعاء افتتاح محل جديد,100,700,450,1,0,100,,,2026-06-01 21:44:55,"AI Overview,Thumbnail,People also ask,Image pack,Video preview",700,300,450,2020-01-11,"175, 154, 149, 238, 214, 293, 311, 204, 195, 129, 69, 76, 80, 109, 139, 173, 156, 160, 105, 165, 132, 76, 66, 18",
1211,دعاء الستر والتوفيق,100,250,50,1,0,100,,,2026-06-04 7:51:06,"AI Overview,Thumbnail,People also ask,Image pack,Video preview",250,40,50,2016-09-12,,
1212,دعاء قلة الحيلة,100,430,450,4,0,50,,,2026-06-02 6:57:42,"AI Overview,People also ask,Image pack",250,40,100,2015-12-16,,
1213,دعاء آخر ساعة من يوم الجمعة قصير,100,400,700,1,0,1400,0.09,,2026-05-30 7:16:47,"AI Overview,People also ask,Image pack,Video preview,Sitelinks",2000,2900,3800,2022-02-25,"787, 915, 1429, 1173, 1193, 1453, 1202, 1439, 1165, 1192, 915, 1441, 773, 1161, 1469, 1381, 1436, 1398, 1467, 1519, 1441, 1562, 1402, 1475","1447, 1500, 1561, 1623, 1576, 1716, 1662, 1758, 1678, 1805, 1647, 1723"
1214,ادعية قبل الفطور,100,200,200,1,0,200,,,2026-05-12 9:18:21,"People also ask,Image pack,Video preview",500,13000,25000,2017-05-31,,
1215,دعاء يوم التروية,100,270,5000,4,0,1500,,1.01,2026-05-28 13:32:34,"AI Overview,Thumbnail,People also ask,Video preview,Image pack",3700,10,10,2015-09-21,"3086, 5209, 3591, 1329, 590, 358, 332, 499, 489, 453, 386, 450, 3146, 5268, 3650, 1389, 649, 418, 391, 559, 549, 513, 446, 510","3205, 5328, 3710, 1448, 709, 477, 451, 618, 608, 572, 505, 569"
1216,دعاء لشفاء المريض عند الشيعة,100,250,130,2,0,90,,,2026-06-04 21:56:18,"AI Overview,Thumbnail,People also ask,Video preview,Image pack",150,40,60,2020-02-01,,
1217,رسالة شكر للمعلم,100,400,7100,1,0,1100,0.04,1.17,2026-05-19 4:45:14,"AI Overview,Thumbnail,People also ask,Image pack,Video preview",2000,4000,7100,2015-10-04,"1746, 148, 235, 358, 4132, 364, 546, 636, 428, 126, 450, 1822, 1018, 90, 91, 369, 4167, 641, 1837, 925, 888, 447, 553, 1989","2093, 203, 223, 388, 4155, 710, 1140, 938, 899, 458, 564, 2000"
1218,دعاء الاستفتاح في الصلاة pdf,100,600,150,1,0,100,,,2026-05-07 8:59:07,"People also ask,Sitelinks",600,20,150,2021-07-30,,
1219,دعاء مقابلة المسؤولين,100,520,170,2,0,90,,,2026-05-19 14:06:43,"AI Overview,Thumbnail,People also ask,Image pack,Video preview",500,50,150,2020-02-01,,
1220,دعاء القدح,100,700,250,1,0,100,,1.09,2026-05-06 0:52:02,,700,60,250,2015-09-18,"104, 100, 113, 104, 120, 101, 109, 101, 85, 101, 101, 128, 86, 109, 121, 97, 146, 166, 108, 121, 104, 106, 96, 107","118, 153, 117, 95, 109, 124, 132, 121, 103, 106, 96"
1221,تهنئة وظيفة,100,300,40,1,0,90,,,2026-05-20 7:23:39,"AI Overview,Thumbnail,People also ask,Image pack",150,300,350,2016-02-19,,
1222,اللهم صل على محمد وال محمد مكتوبة,100,400,90,1,0,100,0.02,,2026-05-18 14:05:22,"AI Overview,People also ask,Image pack",200,100,200,2020-05-20,,
1223,دعاء 2 رمضان,100,300,50,1,0,60,,,2026-05-25 19:09:51,"People also ask,Image pack,Video preview",250,60,80,2017-05-28,,
1224,صيغ دعاء الاستفتاح,100,250,10,1,1,100,,,2026-06-07 10:45:27,"AI Overview,Thumbnail,Sitelinks,Image pack,People also ask,Video preview",250,10,10,2015-10-16,,
1225,دعاء يوم عرفة لغير الحاج,100,160,600,3,10,200,,0.68,2026-05-12 18:50:12,"AI Overview,People also ask,Image pack,Video preview",350,80,150,2015-09-23,"6109, 18, 10, 13, 5, 5, 2, 5, 5, 2, 2, 105, 1700, 3, 3, 4, 3, 3, 4, 171, 175, 179, 185, 260","1733, 1, 60, 84, 71, 65, 61, 165, 166, 167, 168, 199"
1226,دعاء ختم القرآن مكتوب كامل,100,250,12000,1,16,1900,,,2026-05-27 0:59:40,"People also ask,Image pack,Video preview",4500,55000,96000,2015-12-12,"9, 1, 2, 0, 3, 2, 4, 8, 8, 58, 6, 5, 3, 52, 103, 143, 83, 39, 67, 475, 3581, 12973, 440, 5377",
1227,دعاء الزلازل,100,9100,5500,1,0,50,,,2026-06-04 3:18:13,"AI Overview,Thumbnail,Image pack,People also ask,Video preview,Sitelinks",5700,50,4100,2016-04-25,,
1228,دعاء للميت في العشر الاواخر,100,500,150,1,0,10,,,2026-05-20 15:23:09,"People also ask,Image pack",50,40,100,2015-09-15,,
1229,دعاء منزل جديد,100,610,1250,5,0,500,0.06,,2026-06-05 7:40:24,"AI Overview,Thumbnail,People also ask,Image pack,Video preview",1300,1800,2100,2015-10-18,"585, 607, 734, 497, 496, 595, 585, 586, 581, 418, 415, 496, 480, 600, 620, 495, 509, 486, 415, 477, 464, 501, 418, 447","522, 529, 539, 467, 479, 471, 466, 476, 463, 501, 417, 447"
1230,افضل دعاء للرزق,100,100,60,2,7,300,0.04,,2026-06-09 9:19:21,"AI Overview,Thumbnail,People also ask,Image pack,Video preview",1000,7500,40000,2015-09-14,"286, 289, 286, 297, 358, 357, 334, 344, 265, 462, 181, 178, 259, 301, 314, 314, 353, 310, 374, 322, 301, 381, 281, 297","345, 345, 370, 368, 367, 353, 389, 369, 374, 375, 379, 384"
1231,الدعاء ظهر الأربعاء ابن باز,100,100,300,1,0,400,,,2026-05-18 10:15:23,"Video preview,People also ask,Image pack",450,100,100,2020-09-09,"548, 670, 540, 554, 759, 553, 563, 548, 297, 361, 372, 446, 546, 567, 360, 378, 459, 369, 445, 292, 298, 244, 302, 385","368, 365, 345, 371, 375, 355, 344, 353, 334, 377, 323, 406"
1232,اللهم انت الصاحب في السفر,100,450,3000,4,0,4400,0.1,0.59,2026-06-06 12:41:29,"AI Overview,Thumbnail,People also ask,Image pack,Video preview",11000,200,350,2015-09-02,"5188, 6855, 5211, 3851, 3351, 4323, 4515, 4341, 3685, 3737, 4284, 4678, 5037, 6703, 5060, 3701, 3201, 4173, 4365, 4192, 3537, 3589, 4136, 4531","4890, 6556, 4914, 3555, 3055, 4029, 4221, 4048, 3393, 3446, 3994, 4388"
1233,دعاء طويل يريح القلب,100,260,160,2,0,150,0.02,,2026-05-16 1:34:51,"AI Overview,Thumbnail,People also ask,Image pack,Video preview",350,350,600,2017-07-17,,
1234,دعاء الالفة بين الزوجين,100,280,400,4,0,40,,,2026-05-09 22:57:02,"AI Overview,Video preview,Thumbnail,People also ask,Image pack",150,60,100,2017-01-10,,
1235,دعاء المظلوم في الفجر,100,500,60,1,0,100,,,2026-05-10 5:59:43,"AI Overview,Thumbnail,Image pack,People also ask,Sitelinks,Video preview",500,10,60,2020-07-25,,
1236,وداع النبي مفاتيح الجنان,100,150,70,1,0,150,,,2026-05-21 8:35:49,"AI Overview,Thumbnail,People also ask,Video preview",150,20,20,2015-09-29,,
1237,دعاء مستجاب كالبرق,100,450,100,1,0,100,,,2026-05-16 9:28:51,"People also ask,Image pack,Video preview",450,50,100,2016-08-12,,
1238,دعاء لليوم الوطني,100,100,40,1,0,70,,,2026-05-20 13:26:09,"Image pack,People also ask,Sitelinks,Video preview",70,150,250,2015-10-05,,
1239,جمعة مباركة مع دعاء,100,550,5300,2,0,2600,0.06,,2026-06-06 0:49:08,"Image pack,People also ask,AI Overview,Video preview,Thumbnail",30000,4200,23000,2016-01-08,"2082, 3195, 4036, 3902, 3919, 4101, 3316, 4104, 2625, 1187, 1819, 2676, 1227, 1763, 2103, 2655, 3275, 2569, 3221, 2609, 2328, 3659, 2919, 2988","2875, 3001, 3145, 3164, 3513, 2762, 2940, 2613, 2331, 3663, 2921, 2990"
1240,ادعيه للقدرات,100,100,100,1,0,80,,,2026-06-04 17:10:10,"AI Overview,Thumbnail,People also ask,Video preview",80,200,200,2020-09-03,,
1241,الدعاء يوم عاشوراء,100,350,30,1,0,40,,,2026-05-19 15:36:29,"AI Overview,People also ask,Image pack",100,40,40,2015-10-19,,
1242,دعاء 14 رمضان,100,500,100,1,0,80,,,2026-06-04 17:21:51,"People also ask,Image pack",600,20,400,2017-06-09,,
1243,ادعية السحر,100,600,1500,1,0,90,,,2026-05-07 18:22:53,"AI Overview,People also ask,Video preview",600,200,1400,2016-10-13,"52, 54, 51, 53, 56, 55, 36, 63, 45, 748, 58, 54, 35, 51, 71, 32, 39, 55, 55, 36, 338, 318, 35, 44",
1244,دعاء الافتتاح مكتوب pdf,100,700,150,1,0,100,,,2026-05-13 2:28:45,"Image pack,Video preview",700,40,150,2020-04-25,"4, 6, 7, 5, 7, 9, 4, 9, 18, 838, 16, 21, 7, 12, 6, 6, 11, 2, 12, 13, 462, 863, 16, 0",294
1245,دعاء للمسلمين المستضعفين,100,450,150,1,0,100,,,2026-05-19 5:26:31,"AI Overview,Thumbnail,People also ask,Image pack",450,70,150,2016-06-14,,
1246,دعاء اللهم انك عفو تحب العفو,100,280,1450,3,1,60,0.02,,2026-05-15 21:14:39,"AI Overview,Thumbnail,People also ask,Image pack",200,50,500,2016-02-21,,
1247,دعاء سديس,100,150,30,1,0,10,,,2026-05-19 6:30:28,"Video preview,Image pack,People also ask",10,250,300,2015-11-12,,
1248,دعاء الزوجة المظلومة على زوجها,100,400,150,1,0,100,,,2026-06-06 21:49:25,"AI Overview,Thumbnail,Image pack,People also ask,Video preview,Sitelinks",400,70,150,2016-01-18,,
1249,دعاء اللهم مالك الملك,100,130,2500,7,0,1000,0.02,,2026-05-20 1:14:03,"Image pack,People also ask,Video preview",1300,90,200,2016-06-27,"470, 575, 579, 652, 666, 566, 554, 575, 447, 1512, 1243, 1026, 597, 755, 808, 1550, 571, 988, 1131, 705, 1305, 1137, 995, 1086","953, 1382, 1044, 1214, 1083, 1007, 979, 745, 1378, 1201, 1050"
1250,الدعاء ع الظالم باسمه,100,600,400,1,2,60,,,2026-05-26 12:19:48,"AI Overview,Thumbnail,People also ask,Videos,Image pack,Sitelinks",350,30,350,2021-10-17,,
1251,دعاء لابي المتوفي في المطر,100,310,370,5,0,60,,,2026-05-13 18:17:09,"AI Overview,Thumbnail,Video preview,People also ask,Image pack",200,40,70,2020-01-10,,
1252,دعاء صلاة الفجر قصير,100,500,600,1,0,100,,,2026-05-22 19:35:05,"AI Overview,Thumbnail,People also ask,Image pack,Videos,Sitelinks",500,100,600,2021-05-30,,
1253,دعاء تهنئة سيارة جديدة,100,300,70,1,2,100,,,2026-05-29 3:03:51,"AI Overview,Image pack,People also ask,Video preview",300,70,70,2021-12-22,,
1254,افطر عندكم الصائمون,100,150,250,1,0,900,,0.86,2026-05-21 15:28:57,"AI Overview,People also ask,Image pack,Video preview",1200,150,150,2015-11-20,"195, 158, 72, 56, 68, 70, 101, 122, 207, 10006, 183, 100, 227, 184, 63, 70, 70, 74, 63, 149, 229, 8713, 1357, 232","324, 182, 78, 45, 36, 37, 28, 101, 161, 8602, 885, 91"
1255,دعاء الفرج مفاتيح الجنان,100,930,500,2,0,100,,,2026-05-20 7:09:49,"Image pack,People also ask,Video preview",900,40,250,2015-10-12,,
1256,حالات واتس دعاء العشر الاواخر من رمضان,100,450,20,1,0,100,,,2026-05-17 19:17:37,"People also ask,Image pack",450,0,20,2019-05-25,,
1257,دعاء العاشر من رمضان,100,1800,500,1,0,50,,,2026-05-06 15:04:33,"People also ask,Video preview",400,10,450,2017-06-05,,
1258,دعاء لجمال الوجه والجسم والشعر,100,1630,310,2,0,100,,,2026-06-01 22:32:19,"AI Overview,Thumbnail,People also ask,Image pack,Video preview",1600,10,10,2021-04-26,,
1259,صلاة الحاجة,100,690,15800,3,1,3200,0.02,1,2026-05-29 5:13:07,"AI Overview,People also ask,Image pack,Video preview",48000,1500,4300,2015-09-02,"3348, 3378, 2963, 2880, 2919, 3121, 3031, 2851, 2706, 4062, 3036, 3369, 3445, 3474, 3060, 2977, 3016, 3218, 3128, 2948, 2803, 4158, 3133, 3466","3542, 3571, 3157, 3074, 3113, 3315, 3225, 3045, 2899, 4255, 3230, 3563"
1260,اللهم رب السموات السبع,100,480,18800,9,0,1300,0.1,1.07,2026-06-05 5:21:37,"Image pack,People also ask,Video preview,Thumbnail",1400,150,150,2016-04-08,"1779, 1507, 1945, 1525, 1398, 903, 895, 901, 1355, 908, 898, 906, 895, 1371, 1366, 1397, 1110, 1159, 2053, 1190, 1041, 1211, 2391, 2465","2768, 1785, 1462, 1383, 1269, 1210, 1477, 1214, 1059, 1229, 2421, 2492"
1261,دعاء الفرج العاجل مجرب,100,4000,900,1,0,500,0.02,,2026-05-18 3:32:28,"AI Overview,People also ask,Image pack,Video preview",2500,100,1000,2015-10-13,"779, 1016, 1247, 1235, 1232, 1035, 1026, 808, 571, 705, 469, 678, 453, 541, 361, 367, 373, 442, 562, 530, 481, 504, 452, 499","454, 497, 526, 517, 475, 489, 517, 530, 481, 504, 452, 499"
1262,دعاء بعد الوتر,100,200,300,1,0,100,0.04,,2026-06-09 1:59:21,"AI Overview,Thumbnail,People also ask,Video preview,Image pack",200,250,300,2016-06-30,,
1263,دعاء لامواتنا واموات المسلمين,100,400,250,1,0,100,,,2026-05-19 17:48:39,"AI Overview,People also ask,Image pack,Video preview",350,600,600,2015-12-18,,
1264,فضائل عشر ذي الحجة بالصور,100,700,100,1,0,150,,,2026-06-03 1:47:39,"Image pack,People also ask",700,150,200,2020-07-21,,
1265,دعاء ابي حمزه,100,200,800,1,0,100,,,2026-06-04 4:14:53,"Featured snippet,Video preview",200,200,800,2016-02-08,,
1266,دعاء للأبناء pdf,100,250,150,1,0,100,,,2026-05-10 11:21:57,"Image pack,People also ask",250,60,150,2020-10-29,"304, 22, 52, 64, 88, 109, 29, 45, 52, 432, 28, 63, 412, 14, 45, 16, 103, 53, 111, 68, 98, 251, 61, 133",
1267,دعاء الصباح اباذر,100,200,10,1,0,100,,0.8,2026-05-12 6:26:06,"Featured snippet,Video preview,Image pack",200,10,10,2015-10-04,"92, 68, 83, 83, 101, 101, 108, 68, 68, 45, 68, 68, 68, 83, 102, 124, 124, 125, 103, 105, 123, 111, 94, 109","108, 106, 106, 121, 128, 111, 108, 105, 123, 111, 94, 109"
1268,فضل دعاء اللهم رب جبريل وميكائيل وإسرافيل,100,250,20,1,0,100,,,2026-05-11 14:18:44,"AI Overview,People also ask,Image pack,Video preview,Thumbnail",250,20,20,2020-04-08,,
1269,دعاء ادريس ابكر,100,250,0,1,0,100,,0.8,2026-05-17 15:25:31,"Video preview,Image pack",250,0,0,2015-09-01,,
1270,أعمال المدينة المنورة عند الشيعة pdf,100,100,700,1,0,150,,,2026-05-26 0:12:06,"People also ask,Sitelinks",150,800,800,2020-08-10,,
1271,دعاء اخر يوم برمضان,100,250,70,1,0,100,,,2026-05-30 8:26:09,"AI Overview,People also ask,Videos,Image pack,Video preview",250,50,70,2017-06-24,,
1272,دعاء للتخلص من القطط,100,500,10,1,0,100,,,2026-06-02 18:39:08,"Videos,People also ask,Image pack",500,10,10,2021-08-06,,
1273,دعاء تحصين الطفل من العين والحسد,100,350,250,2,0,150,,,2026-06-07 1:05:10,"Featured snippet,People also ask,Video preview,Image pack",350,500,1300,2020-01-26,,
1274,دعاء للميت ليلة الجمعة,100,800,800,3,0,60,0.02,,2026-05-14 10:46:13,"AI Overview,Video preview,People also ask,Image pack",400,30,300,2018-03-02,,
1275,دعاء الحمل قبل الدورة,100,500,70,1,2,100,,,2026-05-21 10:33:12,"AI Overview,People also ask,Video preview,Image pack",500,40,70,2021-08-10,,
1276,دعاء استخارة الطلاق,100,550,220,2,0,50,,,2026-05-06 17:16:56,"AI Overview,People also ask,Sitelinks",150,10,150,2020-02-21,,
1277,دعاء قيام الليل يغير القدر,100,1200,450,1,0,100,,,2026-05-13 13:03:58,"AI Overview,Thumbnail,People also ask,Image pack",1200,40,450,2020-02-24,,
1278,دعاء لزوجي يوم الجمعة,100,650,300,3,0,80,,,2026-06-05 14:33:09,"AI Overview,Thumbnail,Image pack,People also ask,Video preview",600,40,80,2016-04-01,,
1279,دعاء لابنتي,100,1290,220,5,0,100,0.05,0.43,2026-05-09 19:00:09,"AI Overview,Thumbnail,Video preview,People also ask,Image pack",1200,20,30,2015-12-17,"1152, 562, 766, 787, 824, 646, 439, 196, 158, 933, 72, 304, 33, 45, 28, 62, 54, 49, 114, 158, 130, 458, 7, 0",156
1280,دعاء 11 رمضان,100,1400,100,1,0,60,,,2026-05-11 11:13:44,"People also ask,Image pack,Video preview",450,40,150,2018-05-21,,
1281,دعاء الجمعة قبل المغرب,100,300,500,1,0,150,,,2026-06-04 17:45:58,"AI Overview,Thumbnail,People also ask,Image pack,Video preview",350,25000,72000,2020-03-06,,
1282,دعاء 13 رمضان,100,400,30,1,0,60,,,2026-05-28 14:36:14,"People also ask,Thumbnail,Image pack,Video preview",400,20,100,2017-06-08,,
1283,دعاء ١٢ رمضان,100,1400,100,1,0,40,,,2026-05-19 8:19:55,"People also ask,Image pack",200,10,100,2017-06-06,,
1284,من اعظم انواع العباده دعاء الله ب,100,100,40,1,0,100,,,2026-05-27 12:14:31,"AI Overview,Thumbnail,People also ask,Image pack,Video preview",100,40,40,2017-03-08,,
1285,دعاء منتصف رمضان,100,1200,750,2,0,50,,,2026-06-03 21:32:19,"People also ask,Video preview,Image pack",150,50,450,2017-06-14,,
1286,دعاء ٨ رمضان,100,350,100,1,0,100,,,2026-05-21 18:50:39,"Image pack,People also ask,Video preview",350,50,100,2020-04-25,,
1287,دعاء العشر الأواخر من رمضان تويتر,100,250,60,1,0,100,,,2026-06-04 2:22:11,"AI Overview,Thumbnail,People also ask",250,60,60,2020-05-12,,
1288,صباح الخير دعاء الفجر,100,1000,400,1,0,150,0.03,,2026-05-26 17:54:18,"Featured snippet,Image pack,People also ask,Videos",600,2700,10000,2020-02-14,"448, 559, 552, 361, 287, 347, 325, 167, 48, 6, 2, 90, 130, 185, 156, 205, 348, 124, 46, 100, 121, 66, 77, 91",
1289,تهنئة زواج,100,470,28500,3,0,7600,0.02,0.66,2026-06-06 14:56:01,"People also ask,Image pack,Video preview",38000,10000,15000,2015-09-01,"12755, 11901, 9190, 7699, 8230, 10008, 8771, 9723, 5344, 2663, 10518, 7973, 9243, 10959, 9330, 6570, 6911, 8301, 7453, 8133, 5255, 3227, 7308, 7012","8869, 11285, 8365, 5980, 6097, 7701, 6896, 7740, 4984, 3030, 6102, 6595"
1290,دعاء التوفيق والنجاح في الدراسة,100,790,11400,4,0,1200,0.04,,2026-05-19 3:02:04,"AI Overview,People also ask,Image pack,Video preview",13000,11000,52000,2015-12-21,"1770, 554, 1224, 968, 1538, 1783, 1822, 1225, 2255, 1501, 1478, 2699, 2151, 678, 830, 949, 1210, 664, 1785, 606, 1546, 658, 619, 1582","1278, 213, 374, 543, 1061, 1050, 1673, 568, 1514, 631, 596, 1563"
1291,دعاء لزوجي في رمضان,100,1500,200,1,0,100,,,2026-05-09 1:59:59,"AI Overview,Image pack,People also ask,Video preview",1500,30,200,2019-05-13,,
1292,دعاء صباح جميل,100,650,32400,3,0,800,0.04,,2026-05-21 18:05:02,"AI Overview,People also ask,Image pack,Video preview,Thumbnail",4200,3300,38000,2017-03-07,"1316, 1680, 330, 1559, 1358, 2015, 273, 272, 1297, 101, 258, 212, 1652, 184, 1740, 1657, 213, 259, 1159, 1627, 115, 116, 551, 766","527, 813, 857, 1007, 883, 1123, 1077, 1107, 1050, 921, 478, 890, 619"
1293,دعاء الرسول على الظالمين,100,500,400,1,0,100,,,2026-05-07 11:34:31,"AI Overview,Video preview,People also ask,Sitelinks",500,40,400,2017-05-10,,
1294,دعاء قبل الولادة القيصرية بالصور,100,1100,60,1,0,20,,,2026-05-24 0:07:57,"Image pack,People also ask,Video preview",200,20,150,2022-08-13,,
1295,٦ رمضان,100,400,0,1,0,50,0.45,,2026-05-07 3:11:55,People also ask,300,150,200,2017-05-31,"0, 3, 1, 0, 0, 0, 0, 0, 8, 894, 2, 2, 0, 0, 3, 1, 3, 0, 0, 0, 601, 16, 0, 0",6
1296,دعاء الجدعاني,100,600,40,1,0,100,,,2026-05-27 6:58:52,"AI Overview,Thumbnail,People also ask,Image pack",600,40,40,2022-11-29,,
1297,حسبنا الله ونعم الوكيل في كل ظالم,100,500,1400,1,0,50,0.1,,2026-06-07 8:19:00,"AI Overview,Image pack,People also ask,Sitelinks",400,100,1100,2020-05-12,,
1298,اللهم افتح علي فتوح العارفين,100,350,650,2,0,700,0.2,,2026-06-06 8:46:03,"AI Overview,Thumbnail,People also ask,Image pack,Video preview",900,400,450,2015-12-05,"721, 395, 599, 636, 948, 1305, 1450, 727, 1169, 480, 966, 1192, 997, 467, 587, 867, 1082, 579, 1093, 397, 749, 287, 675, 841","697, 203, 490, 692, 723, 412, 831, 331, 602, 283, 556, 695"
1299,دعاء قبل صلاة الفجر,100,330,2800,2,0,600,0.02,,2026-05-18 15:03:38,"AI Overview,Image pack,People also ask,Video preview",3300,450,2800,2016-04-02,"415, 420, 622, 501, 637, 773, 781, 765, 589, 711, 316, 391, 388, 571, 635, 634, 746, 588, 752, 755, 593, 695, 342, 409","425, 578, 652, 628, 733, 636, 800, 802, 640, 742, 389, 456"
1300,دعاء الوالدين المتوفين,100,350,1300,1,0,450,0.02,,2026-06-03 4:12:21,"Image pack,People also ask,Video preview",1100,1200,2100,2016-02-18,"805, 462, 557, 448, 465, 547, 525, 533, 426, 1046, 359, 455, 508, 345, 437, 345, 405, 330, 416, 411, 385, 537, 547, 401","432, 430, 363, 354, 346, 354, 365, 349, 326, 453, 461, 337"
1301,دعاء للوالدين المتوفين pdf,100,200,70,1,0,100,0.04,,2026-05-12 2:50:13,Image pack,200,40,70,2020-07-23,"234, 137, 198, 127, 117, 106, 13, 4, 3, 27, 3, 25, 22, 23, 18, 3, 27, 23, 145, 165, 182, 387, 112, 228",
1302,دعاء السفر لنفسي,100,900,40,1,0,100,,,2026-05-07 11:44:29,"AI Overview,Thumbnail,Video preview,People also ask",900,20,40,2017-07-03,,
1303,دعاء النظر في المرآة,100,500,120,2,0,90,,,2026-06-01 16:57:14,"AI Overview,People also ask,Image pack",400,40,60,2015-10-09,"54, 55, 69, 84, 110, 70, 83, 89, 53, 53, 72, 53, 43, 47, 93, 112, 89, 114, 108, 111, 89, 86, 92, 89","82, 85, 87, 117, 111, 98, 103, 110, 88, 85, 90"
1304,اعمال ليلة الجمعة,90,600,800,1,0,100,,,2026-05-14 15:15:47,"Image pack,People also ask,Thumbnail",1200,100,900,2015-12-28,,
1305,دعاء لله,90,310,230,3,2,60,0.1,,2026-05-09 4:40:26,"AI Overview,Thumbnail,People also ask,Image pack",400,20,70,2015-09-10,,
1306,دعاء لطلاب الاختبارات,90,120,20,2,0,10,,,2026-05-13 0:44:55,"AI Overview,Thumbnail,People also ask,Image pack,Video preview",20,0,0,2016-06-20,,
1307,دعاء الزلزال,90,7370,28800,8,0,100,,,2026-05-09 21:17:28,"AI Overview,Thumbnail,People also ask,Image pack,Video preview",9100,20,5500,2015-10-27,,
1308,دعاء للصديقات,90,180,80,2,0,300,0.06,0.71,2026-05-08 4:35:40,"AI Overview,People also ask",350,800,1200,2015-09-03,"678, 360, 365, 353, 366, 366, 356, 366, 294, 1070, 188, 323, 381, 306, 318, 226, 228, 219, 239, 287, 253, 543, 98, 279","281, 60, 291, 213, 234, 305, 345, 304, 309, 238, 278, 314"
1309,دعاء الضيق والهم والحزن,90,910,1500,2,2,1200,0.03,0.87,2026-05-19 2:55:19,"AI Overview,People also ask,Image pack,Video preview",1200,4000,5000,2015-10-09,"1459, 2250, 1827, 1523, 1552, 1943, 2314, 1862, 1568, 1896, 1935, 1966, 1817, 1880, 1778, 1450, 384, 475, 1013, 823, 785, 1012, 837, 860","813, 846, 866, 775, 838, 847, 873, 818, 782, 1008, 834, 858"
1310,دعاء مسجد القبلتين عند الشيعة,90,90,60,1,0,90,,,2026-05-27 4:14:09,"AI Overview,Thumbnail,People also ask,Video preview",90,60,60,2020-10-15,,
1311,دعاء اختبار التحصيلي,90,90,110,2,0,70,,,2026-05-06 18:02:19,"AI Overview,Thumbnail,People also ask,Sitelinks",70,60,60,2020-06-05,,
1312,دعاء لعمتي المتوفية,90,790,330,3,0,60,,,2026-05-26 12:48:35,"AI Overview,Image pack,People also ask,Videos",600,20,80,2020-01-23,,
1313,دعاء الشكر لله,90,500,300,1,0,600,0.04,,2026-06-03 6:17:01,"AI Overview,Thumbnail,People also ask,Image pack,Video preview",2200,2900,9700,2016-02-29,"658, 527, 667, 547, 555, 651, 595, 583, 576, 922, 495, 611, 589, 527, 608, 608, 606, 483, 609, 604, 585, 662, 628, 598","606, 594, 629, 582, 606, 619, 623, 626, 607, 684, 650, 620"
1314,أفضل دعاء يوم الجمعة قبل الغروب ابن باز,90,250,20,1,0,90,,,2026-06-07 3:22:12,"AI Overview,People also ask,Video preview,Image pack",250,10,20,2021-08-13,,
1315,الأميرة دعاء محمد عزت جنسيتها,90,110,220,4,0,40,,,2026-06-04 0:14:07,"AI Overview,Thumbnail,People also ask,Image pack",50,60,60,2020-07-12,,
1316,دعاء تهنئة المولود الجديد الذكر,90,350,1600,1,0,400,0.15,,2026-05-06 22:24:17,"AI Overview,People also ask,Video preview",2100,1600,1800,2018-09-02,"1094, 1277, 1073, 1089, 895, 881, 882, 827, 578, 470, 482, 585, 468, 395, 405, 414, 410, 380, 331, 399, 370, 379, 334, 469","386, 409, 418, 406, 372, 368, 320, 387, 358, 366, 321, 457"
1317,دعاء اول يوم رجب,90,1300,350,1,0,90,,,2026-05-29 4:53:47,"People also ask,Image pack,Video preview",1300,30,350,2016-04-08,"1, 0, 0, 0, 0, 0, 256, 172, 0, 1, 0, 0, 2, 2, 1, 1, 0, 0, 1036, 5, 0, 0, 0, 1",
1318,ردد عادل دعاء السفر مع,90,90,30,1,0,90,,,2026-05-19 14:06:23,Image pack,90,30,30,2020-12-21,,
1319,دعاء للشفاء المريض,90,450,30,1,1,150,0.06,,2026-05-08 10:11:18,"AI Overview,Video preview,People also ask,Image pack",400,20000,137000,2015-11-05,,
1320,دعاء من تعار من الليل,90,210,2100,3,0,2400,0.2,0.63,2026-06-06 3:11:39,"AI Overview,Thumbnail,Image pack,People also ask,Video preview,Sitelinks",4600,3200,5300,2015-09-07,"1691, 1777, 1772, 2241, 2578, 2655, 2873, 2705, 2532, 2174, 1850, 1777, 1897, 1983, 1977, 2447, 2784, 2861, 3079, 2911, 2738, 2380, 2056, 1983","2102, 2189, 2183, 2653, 2990, 3067, 3285, 3117, 2944, 2586, 2262, 2189, 2308"
1321,دعاء الافطار عند الشيعة,90,370,900,2,0,80,,,2026-05-13 3:21:07,"AI Overview,Video preview,Thumbnail,People also ask,Image pack",350,10,300,2016-06-06,,
1322,دعاء السابع من رمضان,90,350,10,1,0,40,,,2026-05-23 2:05:50,"People also ask,Image pack,Video preview",300,60,300,2020-04-27,,
1323,دعاء حسن الخاتمة,90,400,1400,4,0,400,0.02,1.15,2026-05-03 14:16:03,"AI Overview,People also ask,Video preview",1700,30,250,2015-09-07,"798, 507, 448, 434, 439, 429, 427, 411, 331, 663, 282, 351, 458, 360, 364, 362, 338, 333, 406, 395, 391, 467, 411, 395","446, 444, 375, 349, 366, 363, 394, 404, 401, 474, 421, 403"
1324,دعاء العمرة للميت,90,110,1800,2,2,100,,,2026-06-04 0:08:29,"AI Overview,Thumbnail,People also ask,Sitelinks,Video preview",150,800,900,2016-01-21,,
1325,دعاء يوم عاشوراء,90,190,2720,3,0,1900,0.3,1.05,2026-05-24 0:08:33,"AI Overview,People also ask,Image pack,Video preview",7400,1200,1900,2015-10-18,"87, 20945, 88, 9, 43, 33, 7, 5, 4, 5, 14, 9, 148, 19088, 78, 3, 578, 677, 561, 486, 420, 334, 269, 156","167, 17894, 1766, 2059, 1697, 1669, 1673, 1680, 1683, 1694, 1699, 1704, 1748"
1326,قبر الرسول,90,100,3300,1,0,4700,0.02,0.45,2026-06-04 9:13:28,"Image pack,People also ask,Video preview,Knowledge panel,Thumbnail",12000,4200,4300,2015-09-01,"4717, 4696, 4436, 4187, 4000, 4688, 4669, 5050, 4730, 4569, 5274, 5031, 4729, 4707, 4444, 4194, 4005, 4693, 4672, 5053, 4733, 4571, 5275, 5032","4730, 4708, 4445, 4195, 4006, 4693, 4673, 5053, 4733, 4571, 5275"
1327,دعاء بظهر الغيب مكتوب,90,300,90,1,0,90,,,2026-05-09 3:20:42,"AI Overview,Thumbnail,People also ask,Sitelinks,Image pack,Video preview",300,70,90,2018-04-28,,
1328,دعاء ضيق الرزق,90,350,60,2,2,90,,,2026-05-18 1:24:37,"AI Overview,People also ask,Video preview,Image pack",350,30,60,2016-06-16,"23, 16, 11, 27, 27, 25, 4, 16, 16, 39, 23, 25, 7, 35, 225, 122, 139, 83, 106, 131, 97, 105, 47, 16",
1329,دعاء لقضاء الدين,90,150,200,1,1,250,0.02,,2026-05-17 15:21:44,"AI Overview,Image pack,People also ask,Video preview",1300,1500,5700,2015-12-04,"318, 258, 252, 203, 251, 199, 202, 245, 152, 477, 209, 253, 310, 219, 258, 213, 217, 209, 218, 249, 239, 288, 267, 249","271, 270, 253, 230, 227, 223, 236, 244, 235, 283, 263, 245"
1330,كم سنة دعا نوح قومه,90,90,2100,3,0,90,,,2026-06-09 9:27:44,"AI Overview,Thumbnail,People also ask,Video preview,Sitelinks",100,150,700,2015-10-29,,
1331,ماذا تفعل إذا وجدت ثعبان في المنزل,90,500,80,1,0,60,,,2026-05-23 11:11:08,"Videos,People also ask,Sitelinks",450,50,90,2021-08-07,"48, 37, 38, 81, 88, 73, 53, 34, 20, 44, 118, 79, 65, 63, 70, 103, 78, 61, 35, 34, 44, 67, 68, 57",
1332,دعاء للمرضى,90,510,930,4,5,1300,0.04,0.68,2026-05-19 6:45:28,"AI Overview,People also ask,Image pack,Video preview,Thumbnail",1900,48000,78000,2015-09-23,"1629, 1611, 1597, 1597, 1641, 1637, 1614, 1665, 1574, 1771, 1356, 1344, 1089, 1126, 1315, 1127, 1324, 1335, 1338, 1352, 1256, 1365, 1260, 1270","1252, 1265, 1232, 1189, 1265, 1221, 1231, 1272, 1181, 1283, 1184, 1193"
1333,دعاء لحفظ الأبناء من الأمراض,90,350,90,1,0,90,,,2026-06-04 6:49:11,"AI Overview,Thumbnail,People also ask,Image pack,Videos,Video preview",350,60,90,2021-12-27,,
1334,دعاء لمرضى المسلمين,90,250,160,2,1,90,0.01,,2026-05-06 0:17:27,"AI Overview,Thumbnail,Video preview,People also ask",150,10,20,2015-09-23,"312, 274, 308, 297, 309, 247, 189, 146, 76, 246, 98, 194, 130, 60, 122, 97, 119, 84, 119, 71, 119, 121, 64, 9",66
1335,دعاء الثالث من رمضان,90,800,350,1,0,30,,,2026-05-25 16:02:45,"People also ask,Image pack,Videos",250,50,250,2020-04-25,,
1336,دعاء ٢٦ رمضان,90,500,100,2,0,60,,,2026-05-25 13:11:00,"People also ask,Image pack,Video preview",200,20,40,2020-05-08,,
1337,دعاء المعراج مكتوب,90,1200,350,1,0,60,,,2026-05-11 17:16:18,"Thumbnail,People also ask,Image pack,Video preview",250,40,400,2017-02-26,,
1338,دعاء أول ليلة في القبر للمرأة,90,700,450,1,2,90,,,2026-05-29 4:22:05,"AI Overview,People also ask,Image pack,Video preview",700,100,450,2022-03-11,,
1339,دعاء عمر بن الخطاب,90,300,0,1,0,90,,,2026-05-06 10:39:28,"AI Overview,Thumbnail,People also ask",300,0,0,2016-02-17,,
1340,دعاء لأخيك المسلم,90,150,40,1,0,90,,,2026-05-28 5:12:58,"AI Overview,Image pack,People also ask,Sitelinks,Video preview",150,20,40,2016-06-08,,
1341,دعاء عرفة مكتوب,90,450,100,1,0,90,,0.95,2026-05-23 17:39:51,"AI Overview,People also ask,Video preview,Sitelinks",450,40,100,2015-09-09,,
1342,دعاء لفلسطين,90,1800,4550,8,0,300,0.05,1.24,2026-05-07 5:56:02,"AI Overview,People also ask,Video preview",12000,80,450,2015-10-10,"2452, 960, 873, 690, 1329, 711, 535, 465, 236, 1328, 1084, 466, 513, 507, 520, 502, 277, 130, 169, 53, 53, 69, 60, 60",
1343,خلفيات دعاء للاب المتوفي,90,570,260,4,0,50,,,2026-06-06 6:45:49,"Image pack,People also ask",350,10,40,2016-02-07,,
1344,دعاء نزول المكان,90,190,600,3,0,400,0.03,0.95,2026-05-09 12:51:00,"AI Overview,People also ask,Image pack,Video preview",400,200,250,2015-09-19,"392, 399, 393, 393, 579, 575, 389, 442, 317, 211, 318, 317, 317, 389, 442, 320, 576, 577, 456, 497, 305, 182, 271, 305","337, 406, 447, 345, 548, 518, 406, 440, 253, 128, 220, 254"
1345,دعاء المعجزات للفرج,90,300,10,1,0,90,,,2026-05-28 21:44:27,"AI Overview,Video preview,Image pack,People also ask",300,10,10,2021-11-01,,
1346,دعاء العمرة لأبي المتوفى,90,100,70,2,0,90,,,2026-05-12 15:40:48,"AI Overview,Thumbnail,People also ask,Image pack",100,20,20,2022-06-03,,
1347,الدعاء في ليلة القدر مستجاب,90,350,1600,1,0,200,0.09,,2026-05-20 6:12:46,"AI Overview,People also ask,Video preview,Image pack",800,1300,8600,2016-06-26,,
1348,دعاء لزوجتي الحامل,90,220,120,2,0,80,,,2026-05-11 15:52:13,"AI Overview,Thumbnail,People also ask,Sitelinks,Video preview,Image pack",200,40,60,2016-02-17,,
1349,دعاء الهداية والتوبة,90,370,600,3,0,80,,,2026-05-29 13:59:23,"AI Overview,People also ask,Image pack",300,60,200,2016-04-04,"496, 204, 261, 330, 311, 324, 199, 222, 188, 316, 69, 52, 39, 136, 251, 151, 44, 15, 59, 72, 40, 44, 56, 4",36
1350,دعاء الخروج من المنزل حصن المسلم,90,500,1000,1,0,90,,,2026-05-19 5:45:13,"AI Overview,People also ask,Video preview,Image pack",500,100,1000,2015-09-14,,
1351,دعاء ياعدتي مكتوب,90,250,20,1,0,90,,,2026-05-22 4:03:34,"Videos,Video preview,People also ask,Image pack",250,10,20,2017-04-19,,
1352,دعاء قبل قراءة القرآن,90,460,110,2,5,70,,,2026-05-19 9:55:05,"AI Overview,Video preview,People also ask,Image pack,Videos",400,20,40,2016-06-23,,
1353,دعاء سورة يس يستجاب في الحال,90,1600,1300,1,15,350,0.01,,2026-06-01 6:14:47,"AI Overview,Thumbnail,People also ask,Image pack",4600,1700,23000,2021-08-12,"488, 725, 742, 849, 749, 742, 771, 742, 510, 278, 273, 271, 275, 399, 332, 331, 331, 341, 504, 446, 358, 335, 396, 467","489, 583, 524, 540, 507, 479, 555, 486, 398, 376, 437, 507"
1354,دعاء السديس مكتوب,90,150,80,1,0,200,0.03,1.1,2026-05-19 12:32:21,"Video preview,People also ask,Image pack",300,900,1000,2015-09-23,"183, 65, 56, 56, 83, 102, 105, 101, 156, 2189, 87, 89, 147, 74, 59, 61, 71, 55, 55, 181, 225, 1408, 109, 227","210, 156, 147, 137, 131, 111, 111, 184, 191, 651, 606, 301"
1355,دعاء لخطيبتي,90,500,3000,4,0,40,,,2026-05-24 1:43:54,"AI Overview,Thumbnail,People also ask,Video preview,Image pack",200,50,700,2015-12-19,,
1356,دعاء الشعر,90,310,230,6,0,40,0.1,,2026-05-19 8:23:26,"AI Overview,Image pack,People also ask,Video preview",100,20,30,2020-05-14,,
1357,دعاء التذلل لله,90,190,150,5,0,30,,,2026-06-09 5:27:46,"AI Overview,Thumbnail,People also ask,Image pack",90,30,30,2020-02-04,,
1358,من دعاء النبي صلى الله عليه وسلم,90,450,90,1,2,100,,,2026-05-21 20:44:32,"AI Overview,Thumbnail,Video preview,People also ask,Image pack",150,4000,9100,2015-11-20,,
1359,دعاء بداية الصلاة,90,250,450,1,5,700,,,2026-05-18 5:49:47,"AI Overview,People also ask,Image pack,Sitelinks,Video preview",1600,11000,19000,2016-01-10,"578, 602, 599, 490, 542, 524, 551, 534, 590, 766, 1184, 683, 630, 656, 653, 533, 590, 570, 598, 580, 641, 831, 1284, 740","682, 710, 706, 576, 637, 615, 646, 626, 691, 896, 1383, 797"
1360,دعاء يجعل الزوج يندم على فراقك,90,800,50,1,0,90,,,2026-06-03 21:31:59,"AI Overview,Thumbnail,Image pack,People also ask,Video preview",800,10,50,2022-06-21,,
1361,دعاء اليوم السابع عشر من رمضان,90,1150,500,2,0,80,,,2026-05-19 22:02:35,"People also ask,Video preview",900,60,250,2016-06-23,,
1362,دعاء صلاح الحال,90,450,150,1,0,90,,,2026-05-29 7:33:57,"Featured snippet,Image pack,People also ask,Video preview",450,10,150,2015-11-23,,
1363,دعاء قيام الليل للأولاد,90,1150,300,2,0,80,,,2026-05-26 1:19:43,"AI Overview,Thumbnail,People also ask,Image pack,Videos,Sitelinks",1100,10,150,2021-08-17,,
1364,دعوة للوطن,90,400,60,1,0,20,,,2026-06-05 11:28:46,"AI Overview,Thumbnail,People also ask,Image pack,Video preview",20,0,20,2015-09-01,,
1365,دعاء المظلوم المقهور,90,250,300,1,3,250,0.02,0.71,2026-06-06 7:21:48,"AI Overview,Thumbnail,Image pack,People also ask",1100,1300,5500,2015-09-08,"297, 123, 267, 269, 213, 154, 213, 274, 216, 356, 264, 228, 219, 176, 228, 295, 341, 198, 217, 232, 239, 255, 249, 319","211, 211, 206, 185, 175, 176, 183, 212, 219, 234, 228, 292"
1366,دعاء حفظ اللسان,80,150,10,1,0,80,,,2026-05-20 23:17:12,"AI Overview,People also ask,Image pack",150,10,10,2015-10-31,"26, 7, 19, 17, 83, 74, 50, 64, 37, 73, 75, 90, 116, 116, 81, 84, 96, 59, 31, 84, 74, 84, 31, 13",
1367,دعاء الطهارة من الدورة,80,750,200,2,0,70,,,2026-05-18 8:04:32,"AI Overview,Thumbnail,People also ask,Image pack",450,30,100,2016-03-02,,
1368,اللهم اعني ولا تعن علي,80,150,1250,6,0,900,0.15,,2026-06-05 20:56:01,"Image pack,People also ask,Video preview",1000,200,200,2015-09-20,"1354, 1063, 1113, 1241, 1343, 1123, 1000, 1019, 666, 970, 799, 966, 959, 795, 792, 792, 1460, 959, 954, 1014, 671, 858, 750, 728","758, 670, 617, 642, 764, 869, 621, 618, 400, 517, 480"
1369,دعاء لمن مات له طفل رضيع,80,210,750,2,0,80,,,2026-05-09 23:31:52,"People also ask,Image pack,Sitelinks",200,100,400,2022-02-04,,
1370,صباح الخير دعاء بالصور.,80,800,450,1,0,150,0.03,,2026-06-02 16:19:27,People also ask,2000,800,14000,2020-01-17,,
1371,هل دعاء المسافر مستجاب ابن باز,80,170,300,2,0,70,,,2026-06-08 22:55:36,"AI Overview,People also ask",150,100,150,2021-05-01,,
1372,دعاء فاروق,80,2320,500,2,0,80,,0.52,2026-05-27 4:48:35,"Thumbnail,People also ask,Knowledge panel,Video preview",2300,0,300,2015-09-30,"411, 125, 103, 57, 103, 89, 90, 87, 62, 48, 71, 92, 165, 62, 54, 84, 70, 58, 56, 125, 73, 69, 55, 52","129, 70, 69, 65, 58, 68, 195, 112, 67, 64, 52, 49"
1373,ادعيه رمضان,80,400,25000,1,0,4200,0.1,0.74,2026-06-07 18:46:38,"AI Overview,Thumbnail,People also ask,Videos,Image pack,Video preview",14000,11000,27000,2016-05-12,"46, 18, 12, 9, 12, 12, 19, 524, 4433, 42805, 512, 34, 41, 16, 18, 15, 15, 18, 121, 777, 5937, 43092, 8, 83","6, 5, 4, 3, 3, 3, 192, 796, 5956, 43112, 1, 102"
1374,دعاء رد الزوج,80,250,20,1,0,20,0.5,,2026-05-06 3:01:52,"People also ask,Video preview",70,100,350,2015-09-28,,
1375,دعاء لنفسي وأهلي ومن أحب,80,300,200,1,0,350,0.03,,2026-06-07 8:45:37,"AI Overview,Thumbnail,People also ask,Image pack",500,5400,10000,2021-08-26,"255, 245, 328, 106, 167, 204, 187, 254, 172, 735, 132, 168, 286, 594, 501, 172, 204, 247, 402, 310, 299, 388, 325, 334","392, 445, 408, 360, 376, 397, 419, 440, 428, 518, 455, 463"
1376,دعاء للميت قبل الدفن,80,770,950,2,1,350,0.04,0.83,2026-06-05 16:15:20,"AI Overview,Thumbnail,People also ask,Image pack",1800,69000,355000,2015-10-11,"393, 403, 394, 397, 401, 401, 395, 410, 318, 331, 337, 339, 322, 393, 375, 361, 360, 363, 406, 430, 380, 371, 362, 392","405, 397, 400, 363, 364, 357, 388, 430, 380, 371, 362, 392"
1377,دعاء القوه,80,360,120,4,0,40,0.08,,2026-05-19 4:24:38,"AI Overview,Thumbnail,People also ask,Image pack,Videos",100,30,40,2020-01-10,,
1378,دعاء للمعتمر,80,550,600,2,0,300,0.09,,2026-05-05 22:15:56,"AI Overview,People also ask",2000,1300,3000,2015-10-15,"59, 281, 283, 226, 280, 276, 282, 272, 246, 1098, 117, 125, 62, 273, 283, 180, 228, 232, 222, 241, 247, 1102, 106, 208","114, 302, 315, 201, 234, 256, 238, 269, 276, 1131, 135, 238"
1379,دعاء الاستغاثة,80,340,2700,2,0,20,,,2026-05-05 18:59:54,"AI Overview,Thumbnail,People also ask,Video preview",150,30,1500,2015-09-07,,
1380,دعاء ١٨ رمضان,80,350,80,1,0,80,,,2026-05-26 16:04:26,"Image pack,People also ask,Video preview",350,30,80,2017-06-12,,
1381,دعاء خطبة الجمعة,80,440,300,2,0,80,0.03,1.31,2026-05-29 17:06:50,"People also ask,Videos,Image pack",400,60,150,2015-10-30,"114, 116, 142, 114, 115, 139, 122, 146, 92, 94, 84, 95, 63, 75, 76, 60, 90, 90, 74, 75, 75, 91, 88, 93","99, 105, 77, 74, 76, 77, 76, 74, 74, 90, 87"
1382,دعاء النسيان عند الامتحان,80,1300,40,1,0,60,,,2026-06-01 8:07:16,"AI Overview,Thumbnail,Videos,People also ask,Image pack,Sitelinks",250,6600,67000,2020-10-03,,
1383,دعاء شامل جامع لكل هم وغم,80,350,1400,1,2,300,0.06,,2026-05-04 14:12:57,"AI Overview,People also ask,Video preview",900,3400,5400,2021-07-09,"611, 413, 414, 343, 335, 516, 419, 517, 508, 1401, 226, 216, 243, 219, 220, 222, 339, 343, 415, 352, 359, 516, 395, 330","369, 350, 332, 335, 355, 376, 387, 367, 375, 532, 411, 346"
1384,دعاء اخر جمعة من شعبان,80,350,20,1,0,40,,,2026-05-11 10:57:38,"People also ask,Video preview,Thumbnail,Image pack",200,40,90,2017-05-26,"0, 0, 0, 0, 0, 0, 0, 0, 1922, 48, 4, 5, 5, 2, 0, 0, 0, 0, 6, 1, 462, 4, 3, 30",
1385,دعاء الحجاج,80,450,70,1,0,80,,,2026-05-13 14:52:56,"AI Overview,Thumbnail,Image pack,People also ask,Video preview",450,20,70,2015-09-11,,
1386,دعاء نصرة المظلوم,80,700,250,1,3,80,,,2026-05-22 12:54:35,"AI Overview,Thumbnail,Image pack,People also ask,Videos,Video preview",700,20,250,2019-01-05,,
1387,اللهم اني اسألك من الخير كله,80,170,3200,2,0,1900,0.1,0.63,2026-05-20 20:23:59,"Image pack,Sitelinks,People also ask,Video preview",3200,0,30,2015-09-01,"3969, 955, 1764, 1409, 1183, 1370, 1789, 2105, 1137, 5979, 1713, 1712, 3927, 1315, 1395, 1398, 1362, 1146, 1185, 2023, 1151, 4677, 1300, 1787","2604, 1140, 1075, 1301, 1362, 1142, 1225, 1889, 1616, 2952, 2226, 1749"
1388,ادعية سفر,80,350,250,1,1,60,,,2026-05-22 1:26:59,"AI Overview,Thumbnail,People also ask,Videos,Image pack",300,80,250,2016-03-08,,
1389,دعاء ختم القرآن ابن باز,80,210,4100,2,3,1800,,,2026-05-30 8:04:38,"Image pack,People also ask,Video preview",4900,1100,2200,2018-06-09,"471, 95, 111, 210, 241, 236, 270, 203, 350, 20394, 167, 229, 89, 29, 26, 23, 27, 30, 625, 2505, 239, 11411, 6515, 10","9549, 7, 6, 3820, 3096, 173, 3, 3, 2, 2, 2, 1"
1390,دعاء رضا الله,80,150,50,1,0,80,,,2026-05-20 23:24:31,"AI Overview,People also ask,Image pack,Video preview",150,30,50,2015-11-04,"186, 127, 160, 150, 115, 157, 93, 64, 29, 117, 55, 38, 43, 70, 73, 36, 75, 35, 79, 68, 117, 187, 122, 32",115
1391,دعاء شفاء المريض مكتوب قصير,80,1140,10100,6,2,3600,0.01,,2026-06-04 7:14:03,"AI Overview,Thumbnail,People also ask,Video preview,Image pack",26000,53000,146000,2020-06-30,"806, 1000, 1797, 1512, 4751, 3531, 3011, 2379, 2829, 4646, 2273, 5916, 7172, 3267, 3018, 2643, 3081, 3454, 2954, 2341, 2789, 4590, 2250, 5864","7117, 3245, 3001, 2630, 3068, 3441, 2945, 2335, 2783, 4581, 2246, 5855"
1392,دعاء الاجازة,80,150,20,2,0,50,,,2026-05-18 22:09:32,"Image pack,People also ask,AI Overview,Video preview,Sitelinks",90,10,10,2016-03-10,,
1393,دعاء لحفظ الأبناء في المدارس,80,250,320,3,0,60,,,2026-05-27 23:08:58,"AI Overview,Image pack,People also ask,Video preview",200,90,150,2022-03-10,,
1394,دعاء قضاء الحاجة في نفس اليوم,80,800,9700,1,0,600,0.03,,2026-05-21 2:42:45,"AI Overview,Video preview,People also ask,Image pack",7000,300,3300,2017-02-08,"1000, 1200, 1000, 803, 1001, 947, 591, 969, 750, 982, 766, 672, 633, 647, 784, 595, 566, 665, 670, 640, 558, 592, 552, 502","452, 590, 572, 587, 760, 715, 623, 634, 553, 588, 549"
1395,دعاء حكم ويكيبيديا,80,1950,600,3,0,,,,2026-05-18 21:48:22,"AI Overview,People also ask,Image pack,Video preview",30,0,150,2021-07-13,,
1396,تهنئة زواج صديقتي,80,490,750,2,0,200,0.15,0.74,2026-05-13 6:21:04,"AI Overview,People also ask,Image pack",1500,200,400,2015-09-25,"532, 543, 433, 298, 356, 441, 363, 358, 199, 99, 382, 248, 308, 358, 238, 155, 126, 207, 194, 197, 178, 169, 175, 193","458, 292, 228, 174, 175, 222, 189, 200, 181, 172, 177, 196"
1397,دعوة بظهر الغيب,80,290,1200,2,0,150,,,2026-05-09 21:58:31,"AI Overview,Thumbnail,Video preview,People also ask,Sitelinks,Image pack",600,300,500,2016-01-30,,
1398,دعاء للمريض بعد العملية,80,100,40,1,0,80,,,2026-06-04 5:33:28,"AI Overview,Thumbnail,People also ask,Video preview,Image pack",100,40,40,2015-11-22,,
1399,لبيك اللهم لبيك لبيك لا شريك لك لبيك,80,360,9200,2,0,600,0.02,0.43,2026-06-01 6:18:23,"AI Overview,Video preview,People also ask,Image pack",2300,10,3600,2015-09-09,"5221, 443, 289, 280, 323, 403, 527, 648, 533, 1326, 321, 883, 1944, 321, 396, 337, 350, 276, 297, 539, 521, 619, 420, 439","1449, 1051, 363, 352, 239, 223, 217, 254, 237, 335, 135"
1400,دعاء يوم الجمعة قصير للأصدقاء,80,210,280,4,0,40,,,2026-05-27 1:27:50,"AI Overview,Thumbnail,People also ask,Image pack,Video preview,Sitelinks",80,40,70,2022-12-16,,
1401,دعاء للحمل بتوأم مجرب,80,300,400,4,0,150,,,2026-05-07 7:29:14,"AI Overview,People also ask,Video preview",600,300,600,2020-01-30,"56, 42, 214, 408, 166, 14, 187, 185, 146, 234, 54, 225, 154, 114, 123, 158, 281, 156, 158, 124, 146, 237, 213, 8",154
1402,دعاء سورة الكهف,80,530,550,4,5,50,,,2026-05-19 2:13:34,"AI Overview,Thumbnail,People also ask,Image pack,Video preview",400,30,150,2018-12-10,,
1403,دعاء لفك عقدة اللسان عند الأطفال,80,350,20,1,0,100,,,2026-05-18 12:40:04,"AI Overview,Thumbnail,Video preview,Image pack,People also ask",450,0,0,2020-07-14,,
1404,دعاء عن اليوم الوطني,80,110,170,3,0,100,0.01,1.53,2026-05-06 19:43:22,"People also ask,Sitelinks",100,40,40,2015-09-27,"6, 0, 13, 1981, 110, 7, 8, 6, 6, 6, 6, 6, 0, 0, 6, 806, 33, 8, 7, 144, 113, 127, 122, 121","125, 141, 118, 1155, 193, 137, 148, 149, 118, 132, 127, 126"
1405,دعاء السفر قصير,80,200,0,1,1,1000,0.03,0.56,2026-05-21 12:45:02,"AI Overview,Image pack,People also ask,Video preview,Sitelinks",6200,4400,46000,2015-11-13,"4495, 3787, 2442, 1917, 1284, 1944, 1339, 2013, 1103, 1632, 1101, 897, 1073, 1338, 1316, 1094, 905, 1078, 917, 1068, 800, 917, 785, 800","1056, 1469, 1286, 1183, 949, 1173, 889, 1067, 800, 917, 785, 800"
1406,دعاء الامساك في رمضان,80,200,90,3,0,40,,,2026-05-20 15:30:36,"People also ask,Sitelinks,Image pack",100,30,30,2016-06-06,,
1407,دعاء للاموات في رمضان,80,260,4300,2,0,200,,,2026-05-13 7:56:50,"AI Overview,People also ask,Image pack",400,500,3600,2016-07-22,,
1408,دعاء السنة الجديدة لشخص,80,450,200,1,0,80,,,2026-05-18 20:11:55,"People also ask,Image pack",450,70,200,2022-12-31,,
1409,عبارات تخرج من الثانوي,80,90,150,1,0,80,,1.07,2026-05-24 6:50:35,"AI Overview,Thumbnail,People also ask,Image pack,Sitelinks",100,100,150,2016-01-13,,
1410,دعاء ٢٥ رمضان,80,450,20,1,0,80,,,2026-05-23 7:16:03,"Image pack,People also ask",450,20,20,2017-06-20,"0, 0, 0, 0, 0, 1, 1, 1, 0, 528, 2, 1, 0, 1, 4, 0, 2, 7, 6, 3, 6, 973, 0, 1",
1411,دعاء صباح يوم الجمعة,80,300,1600,2,0,150,,,2026-05-25 11:02:33,"AI Overview,Thumbnail,Video preview,Image pack,People also ask,Videos",1200,100,900,2015-10-02,,
1412,دعاء الام لابنها اثناء الامتحانات,80,600,150,1,0,80,0.09,,2026-05-14 22:30:38,"AI Overview,Thumbnail,People also ask,Video preview,Image pack",600,30,150,2019-12-20,,
1413,دعاء الرضا,80,800,200,1,0,80,,,2026-05-06 7:52:24,"AI Overview,People also ask",800,40,200,2015-12-20,,
1414,دعاء كشف الحقائق,80,180,90,3,0,80,,,2026-06-04 3:31:12,"AI Overview,Thumbnail,Image pack,People also ask,Video preview",80,10,30,2015-11-07,,
1415,مرادف كلمة مقرنين في دعاء الركوب,80,80,20,2,0,80,,,2026-06-07 12:33:03,"AI Overview,Thumbnail,People also ask,Video preview",80,10,10,2022-01-31,,
1416,دعاء استوداع الأبناء للمدرسة,80,330,500,3,0,70,,,2026-05-08 20:18:19,"AI Overview,People also ask,Image pack",200,80,150,2020-11-04,,
1417,دعاء 15 رمضان,80,600,70,1,0,50,,,2026-06-06 7:19:08,"AI Overview,Thumbnail,Image pack,People also ask,Video preview",400,50,100,2016-06-20,,
1418,دعاء قيام الليل مستجاب,80,600,22000,1,1,600,,,2026-06-03 10:01:56,"AI Overview,Thumbnail,People also ask,Image pack,Video preview",3500,2700,12000,2015-11-07,"146, 241, 196, 162, 202, 254, 238, 268, 199, 367, 174, 223, 219, 467, 488, 624, 564, 577, 688, 739, 511, 1737, 168, 776",
1419,دعاء الغريق,80,900,400,2,0,80,,1.21,2026-06-06 5:24:13,"AI Overview,Thumbnail,People also ask,Video preview,Image pack",900,10,400,2015-09-04,,
1420,دعاء العديلة,80,670,280,3,0,70,,0.71,2026-06-04 5:19:10,People also ask,500,10,100,2015-10-13,"65, 66, 54, 43, 66, 66, 120, 80, 81, 119, 80, 80, 81, 108, 83, 67, 60, 54, 68, 71, 70, 72, 65, 52","50, 51, 61, 45, 53, 62, 67, 71, 69, 72, 65, 52"
1421,دعاء قبل العمليه,80,580,6600,6,0,20,,,2026-05-20 9:47:08,"AI Overview,Thumbnail,Video preview,People also ask,Image pack,Videos",50,40,1100,2015-09-02,,
1422,دعاء قبل الفطور في رمضان,80,250,7200,1,0,900,,,2026-05-26 1:11:33,"AI Overview,People also ask,Image pack,Video preview",1200,13000,25000,2016-06-08,"617, 379, 371, 415, 411, 405, 402, 399, 398, 1357, 3746, 910, 673, 434, 425, 469, 464, 458, 454, 450, 449, 1407, 3796, 959","721, 482, 472, 515, 510, 503, 499, 495, 493, 1450, 3839, 1001"
1423,دعاء بعد الصدقة,80,150,50,1,0,80,,,2026-05-24 0:13:44,"AI Overview,People also ask,Video preview",150,50,50,2020-05-19,"25, 28, 47, 53, 65, 61, 55, 58, 36, 135, 57, 70, 66, 38, 48, 61, 74, 69, 121, 107, 121, 183, 25, 21",
1424,رزقني الله بمولود,80,320,1140,3,0,600,0.08,0.97,2026-05-26 5:13:53,"People also ask,Image pack,Video preview",700,300,350,2015-09-02,"759, 805, 766, 592, 655, 674, 686, 606, 466, 586, 641, 784, 639, 757, 586, 571, 597, 489, 486, 535, 521, 554, 527, 592","590, 598, 553, 537, 534, 532, 535, 535, 521, 554, 527, 592"
1425,دعاء الامساك,80,310,450,3,0,50,,,2026-05-28 4:29:58,"Image pack,People also ask,Thumbnail",150,20,150,2016-06-06,,
1426,دعاء وقت المطر لنفسي,80,100,600,1,0,100,,,2026-05-26 21:35:19,"AI Overview,Thumbnail,People also ask,Video preview,Image pack",150,500,700,2022-01-14,,
1427,دعاء للمحبه بين الزوجين مجرب,80,400,150,1,0,80,0.7,,2026-05-12 3:59:24,"AI Overview,Video preview,Thumbnail,Image pack,People also ask,Sitelinks",400,70,150,2020-10-30,,
1428,دعاء دخول شهر رجب,80,1900,1700,1,0,150,,,2026-05-16 18:09:14,"Image pack,People also ask,Video preview",600,500,1400,2016-04-08,"1, 0, 0, 0, 0, 0, 1502, 296, 1, 0, 0, 0, 0, 1, 3, 1, 2, 5, 2002, 23, 0, 3, 0, 0",2
1429,دعاء إتمام الزواج على خير,80,300,19000,5,0,800,0.3,,2026-06-02 14:20:17,"AI Overview,Thumbnail,People also ask,Video preview,Image pack",4200,4300,22000,2020-05-17,"1054, 825, 1048, 851, 1091, 1084, 1048, 1068, 595, 843, 1067, 1068, 1032, 1100, 1054, 859, 848, 712, 713, 705, 631, 677, 670, 728","691, 629, 639, 655, 729, 693, 640, 636, 569, 608, 603, 662"
1430,دعاء لامي المتوفية تويتر,80,250,60,1,0,80,,,2026-06-01 18:59:50,"AI Overview,People also ask",250,50,60,2020-04-03,,
1431,دعاء خسوف القمر إسلام ويب,80,250,1800,1,0,80,,,2026-06-07 11:44:53,"People also ask,Image pack,Video preview",250,300,1800,2020-06-20,,
1432,دعاء الاستيقاظ لصلاة الفجر,80,1600,400,2,0,40,,,2026-06-04 8:22:01,"AI Overview,Thumbnail,Image pack,People also ask",900,10,200,2015-11-01,,
1433,دعاء ختم العمرة,80,80,600,1,0,600,0.05,,2026-05-26 12:53:09,"AI Overview,People also ask,Video preview,Image pack,Sitelinks",600,4000,4000,2017-06-02,"83, 525, 534, 449, 426, 521, 525, 613, 535, 2154, 338, 281, 140, 388, 512, 335, 515, 450, 533, 664, 583, 2337, 277, 361","212, 379, 564, 375, 621, 517, 621, 757, 676, 2432, 372, 456"
1434,دعاء يجعل زوجك يحبك اكثر من روحه,80,450,20,1,0,10,,,2026-05-13 7:59:38,"AI Overview,Thumbnail,Video preview,People also ask,Sitelinks,Image pack",60,100,250,2018-12-27,,
1435,دعاء تسخير الزوج لزوجته وتقوية المحبه,80,290,470,6,0,60,0.35,,2026-05-09 20:04:36,Sitelinks,200,40,80,2019-04-24,,
1436,مساء الخير دعاء 2022,80,2800,500,1,0,,,,2026-05-28 18:14:18,"Image pack,People also ask,Sitelinks,Video preview,Videos",,60,600,2022-03-30,,
1437,دعاء تثبيت الميت عند السؤال,80,350,90,1,0,80,,,2026-06-04 1:53:22,"AI Overview,Thumbnail,People also ask,Image pack,Video preview",350,30,90,2016-11-13,,
1438,أدعية رمضان,80,450,500,1,0,300,0.01,1.08,2026-05-07 3:02:18,"People also ask,Video preview",2500,15000,34000,2016-04-19,"14, 5, 3, 3, 3, 4, 5, 21, 380, 3377, 18, 12, 16, 8, 5, 5, 5, 5, 10, 56, 563, 3136, 3, 11","20, 17, 16, 15, 9, 1, 1, 52, 559, 3132, 1, 7"
1439,دعاء للمعلمة بالخير,80,230,50,3,0,10,,,2026-05-14 14:23:49,"AI Overview,Thumbnail,People also ask,Image pack,Video preview",40,30,30,2016-02-15,,
1440,دعاء التهجد,80,140,1300,3,0,1200,0.03,1.1,2026-05-26 0:51:10,"AI Overview,Image pack,People also ask,Video preview,Thumbnail",2300,18000,26000,2015-10-29,"56, 37, 312, 46, 46, 55, 67, 67, 83, 12544, 51, 50, 41, 51, 49, 48, 40, 51, 314, 228, 775, 12963, 228, 715","716, 720, 639, 703, 739, 668, 1119, 1113, 1116, 2166, 2389, 1701"
1441,دعاء شرح الصدور,80,100,150,1,0,100,,,2026-05-16 5:35:29,"People also ask,Video preview",200,150,200,2015-09-23,"39, 15, 60, 52, 64, 192, 187, 174, 138, 226, 204, 171, 205, 166, 125, 124, 97, 113, 135, 130, 79, 49, 76, 65",
1442,دعاء تحصين الأطفال عند الخروج,80,120,90,2,0,70,,,2026-05-22 5:54:55,"AI Overview,Thumbnail,People also ask,Image pack,Video preview",100,10,60,2020-03-22,,
1443,دعاء للام في رمضان,80,400,20,1,0,30,,,2026-05-20 7:03:12,"People also ask,Videos,Image pack,Thumbnail,Video preview",90,20,70,2016-05-14,,
1444,دعاء عصر الجمعه,80,190,580,4,0,1400,0.02,,2026-06-03 1:29:02,"AI Overview,Thumbnail,People also ask,Image pack,Video preview",1900,25000,72000,2015-09-11,"1348, 1362, 1695, 1381, 1361, 1669, 1384, 2036, 1395, 1686, 1369, 1707, 898, 1107, 1642, 1308, 1635, 1285, 1393, 1668, 1650, 914, 1464, 1539","1473, 1466, 1446, 1453, 1488, 1446, 1523, 1602, 1495, 1615, 1478, 1554"
1445,دعاء الحظ,70,100,30,1,0,70,,,2026-05-27 1:11:56,"AI Overview,Thumbnail,People also ask,Image pack,Video preview",100,20,30,2015-12-05,"178, 39, 9, 32, 13, 21, 2, 14, 43, 122, 25, 21, 23, 42, 66, 40, 59, 31, 45, 34, 161, 184, 63, 133",
1446,دعاء لفلسطين قصير,70,1570,10560,6,0,50,,,2026-06-04 21:36:33,"AI Overview,Thumbnail,People also ask,Image pack,Video preview",1300,20,500,2015-10-06,,
1447,الملك سلمان وولي عهده,70,70,0,1,0,150,0.07,0.41,2026-05-16 8:10:08,"People also ask,Top stories,Thumbnail,Knowledge panel",200,21000,27000,2015-09-13,"108, 57, 112, 1102, 323, 267, 401, 224, 223, 181, 117, 174, 120, 77, 94, 498, 170, 119, 151, 143, 147, 176, 148, 195","111, 173, 560, 1883, 289, 259, 243, 142, 146, 176, 148, 195"
1448,عبارات شكر للمعلمة قصيرة جدا تويتر,70,350,40,1,0,900,0.08,,2026-06-02 20:36:21,"AI Overview,Thumbnail,People also ask,Image pack,Video preview",2300,150,300,2020-08-19,"1117, 251, 251, 317, 411, 347, 318, 328, 356, 347, 246, 3119, 4550, 235, 247, 322, 548, 379, 331, 340, 418, 333, 268, 3398","4867, 256, 269, 350, 593, 411, 360, 369, 454, 362, 291, 3689"
1449,دعاء صباح يوم الجمعه,70,200,10,1,0,20,,,2026-06-09 3:07:16,"AI Overview,Video preview,Image pack,People also ask",100,60,150,2016-03-25,,
1450,دعاء العافيه,70,200,70,1,0,70,,,2026-05-27 13:41:36,"AI Overview,Video preview,Thumbnail,People also ask,Image pack",200,10,70,2017-06-18,,
1451,دعاء التسخير والتسهيل,70,220,250,3,1,400,0.1,,2026-05-28 2:12:17,"AI Overview,Image pack,People also ask,Video preview",400,700,2000,2016-11-19,"197, 548, 675, 275, 284, 178, 106, 208, 247, 272, 188, 78, 216, 47, 60, 152, 454, 531, 661, 654, 625, 641, 590, 577","580, 614, 612, 556, 561, 536, 513, 529, 522, 524, 487, 467"
1452,دعاء دخول رجب,70,250,600,1,0,70,,,2026-05-12 21:08:25,"AI Overview,Thumbnail,People also ask,Image pack,Video preview,Sitelinks",250,250,600,2016-04-07,,
1453,دعاء اليوم الثامن عشر من رمضان,70,800,100,1,0,70,,,2026-06-05 5:39:28,"Image pack,People also ask,Video preview",800,30,100,2016-06-23,,
1454,دعاء ١٦ رمضان,70,400,70,1,0,80,,,2026-05-09 19:44:05,"People also ask,Image pack,Video preview",350,40,100,2017-06-11,"0, 0, 0, 0, 0, 0, 0, 0, 1, 998, 0, 0, 1, 2, 2, 0, 0, 4, 0, 8, 5, 958, 0, 60",
1455,دعاء للمسافر توصل بالسلامة,70,600,100,1,0,60,,,2026-05-18 18:39:52,"Featured snippet,Thumbnail,People also ask,Image pack,Sitelinks,Video preview",400,250,1300,2020-12-11,,
1456,دعاء لزوجي يوم عرفه,70,310,370,6,0,50,,,2026-05-20 0:13:55,"People also ask,Image pack,Video preview",200,40,60,2018-08-20,,
1457,دعاء لزوجتي بالشفاء,70,300,150,5,0,70,,,2026-05-20 12:44:43,"AI Overview,People also ask,Video preview,Image pack",250,30,50,2015-09-30,,
1458,دعاء مقاتل,70,100,40,1,0,70,,,2026-06-03 19:12:46,"Video preview,People also ask",100,30,40,2015-10-05,,
1459,صلاة الاستخارة عند الشيعة,70,700,200,1,0,80,,,2026-05-24 9:33:04,"AI Overview,Thumbnail,People also ask,Videos,Video preview,Image pack",1000,200,1500,2015-10-10,,
1460,يامن اليه ملجأ العباد في المهمات,70,200,100,1,0,100,,,2026-05-27 2:27:25,Video preview,150,60,100,2020-04-07,,
1461,اللهم فاطر السموات والارض,70,250,300,1,0,2600,0.08,,2026-06-06 12:39:17,"Image pack,People also ask,Video preview",4300,400,700,2015-10-27,"1545, 1511, 2798, 4221, 3583, 2748, 2228, 2727, 1991, 1845, 4152, 4044, 3206, 3199, 2139, 1745, 2624, 2888, 2821, 2135, 2046, 1976, 2152, 1919","2036, 2430, 3346, 2803, 2913, 2344, 3906, 2138, 2049, 1979, 2155, 1921"
1462,دعاء لبناتي بالتوفيق,70,230,60,2,0,20,,,2026-05-10 2:48:34,"AI Overview,Thumbnail,Video preview,People also ask,Image pack",40,20,80,2020-01-23,,
1463,دعاء 27 رمضان,70,400,0,1,0,70,,,2026-06-04 13:49:15,"Image pack,People also ask,Video preview",400,0,0,2016-07-01,,
1464,فضل الصدقة عن الميت,70,150,40,1,0,100,0.3,,2026-06-04 15:22:15,"AI Overview,Thumbnail,People also ask,Sitelinks",150,450,700,2015-10-25,,
1465,ادعية للميت دعاء اول ليلة في القبر,70,180,890,5,0,50,,,2026-05-12 13:55:27,"AI Overview,Video preview,Thumbnail,People also ask,Sitelinks,Image pack",100,70,300,2020-01-15,"81, 94, 74, 94, 89, 88, 73, 92, 100, 56, 77, 74, 24, 60, 61, 50, 86, 50, 38, 34, 32, 40, 12, 6",
1466,دعاء لزوجي بالشفاء,70,800,2100,6,0,40,,,2026-05-08 6:30:36,"AI Overview,Thumbnail,People also ask,Video preview",800,20,350,2020-01-30,,
1467,دعاء لاهل الميت,70,90,100,1,3,700,0.01,,2026-05-20 10:00:15,"AI Overview,People also ask,Image pack,Sitelinks,Video preview",1000,800,1200,2015-09-14,"683, 684, 880, 884, 880, 710, 651, 818, 642, 877, 681, 693, 604, 612, 614, 716, 706, 688, 689, 712, 703, 726, 692, 689","678, 665, 685, 687, 709, 698, 680, 712, 703, 726, 692, 688"
1468,دعاء كميل عبد الحي,70,70,20,1,0,70,,0.79,2026-05-07 10:30:00,"Video preview,Thumbnail",70,20,20,2015-10-01,"25, 25, 30, 20, 53, 46, 66, 92, 56, 37, 80, 77, 88, 81, 57, 91, 51, 53, 63, 58, 53, 54, 50, 47","57, 45, 46, 39, 41, 41, 44, 44, 37, 40, 36, 34"
1469,دعاء الهداية والصلاح لشخص,70,270,160,2,0,70,,,2026-05-26 16:35:38,"AI Overview,People also ask,Image pack",250,30,60,2020-04-26,,
1470,دعاء أنس بن مالك للرزق,70,150,800,1,0,,,,2026-05-21 13:44:58,"AI Overview,Thumbnail,Image pack,People also ask,Video preview,Sitelinks",10,600,900,2020-07-20,,
1471,أدعية,70,150,5200,1,9,1900,0.02,0.72,2026-05-28 8:45:55,"People also ask,Image pack,Video preview",11000,57000,134000,2015-09-02,"1959, 1524, 1519, 1281, 1534, 1521, 1510, 1873, 1561, 6225, 1033, 1462, 1804, 1438, 1502, 1243, 1268, 1245, 1600, 1865, 1554, 5895, 1394, 1418","1822, 1444, 1490, 1245, 1309, 1287, 1580, 1851, 1542, 5839, 1452, 1398"
1472,اذا حبسني حابس,70,70,1100,1,0,1000,0.45,0.9,2026-05-28 21:37:33,"AI Overview,Thumbnail,People also ask,Image pack,Video preview",1100,900,900,2015-09-19,"1112, 1138, 983, 773, 910, 935, 756, 932, 668, 3869, 463, 993, 667, 1064, 1038, 687, 715, 784, 794, 1034, 922, 1651, 1484, 872","823, 788, 799, 692, 666, 684, 606, 645, 541, 1277, 1118, 513"
1473,دعاء الجوشن الصغير,70,350,300,2,0,300,0.01,0.79,2026-05-11 15:38:20,Video preview,2000,10,20,2015-09-06,"187, 150, 125, 188, 419, 341, 279, 340, 225, 1147, 278, 341, 342, 279, 225, 280, 283, 281, 232, 342, 203, 685, 147, 159","135, 96, 121, 129, 152, 118, 152, 167, 163, 202, 194, 151"
1474,ادعية ايام التشريق,70,100,0,1,0,30,,,2026-05-26 1:04:04,"AI Overview,Thumbnail,People also ask,Image pack",30,10,10,2016-09-10,,
1475,دعاء الشهر الجديد,70,250,30,1,0,70,,,2026-05-09 0:25:49,"AI Overview,Thumbnail,Image pack,People also ask,Video preview",250,10,30,2015-10-14,,
1476,دعاء اتمام العمرة,70,80,10,1,0,1200,0.06,,2026-06-02 12:58:26,"AI Overview,Thumbnail,People also ask,Image pack,Video preview",1200,4600,4700,2015-12-04,"935, 864, 1044, 803, 771, 912, 915, 1158, 918, 4505, 485, 421, 619, 783, 913, 629, 977, 937, 1122, 1261, 1055, 4832, 292, 785","731, 997, 1155, 868, 1338, 1196, 1418, 1470, 1261, 5041, 502, 997"
1477,دعاء للميت مفاتيح الجنان,70,300,100,1,0,70,,,2026-05-14 16:38:13,"AI Overview,People also ask",300,40,100,2017-02-02,"79, 94, 75, 73, 71, 66, 67, 65, 60, 117, 49, 70, 49, 71, 68, 77, 88, 74, 106, 106, 88, 65, 44, 0",37
1478,طريقة الدعاء المستجاب,70,100,1400,1,4,150,,,2026-05-11 0:08:13,"AI Overview,Image pack,People also ask,Video preview",450,800,1100,2015-11-10,,
1479,اللهم اني اعوذ بك من فواجع الاقدار,70,700,20,1,0,150,0.15,,2026-06-07 17:42:11,"People also ask,Video preview",350,50,150,2016-01-08,"93, 125, 148, 125, 119, 132, 105, 106, 80, 123, 96, 91, 85, 96, 116, 695, 183, 156, 518, 31, 5, 12, 3, 8",
1480,اللهم لك صمت,70,260,2900,3,0,1200,0.06,0.68,2026-05-26 0:05:15,"People also ask,Video preview,Image pack",1800,200,400,2015-09-18,"430, 286, 25, 64, 147, 183, 198, 416, 839, 10578, 376, 361, 524, 346, 64, 64, 123, 149, 283, 359, 850, 10952, 376, 474","635, 437, 153, 152, 205, 232, 412, 448, 939, 11041, 465, 564"
1481,دعاء 23 رمضان,70,400,50,1,0,70,,,2026-06-05 10:42:24,"People also ask,Image pack",400,10,50,2016-06-28,,
1482,دعاء لقاء العدو,70,110,170,4,0,20,,,2026-06-01 19:34:17,"AI Overview,People also ask,Image pack,Video preview",30,30,50,2015-10-17,,
1483,اللهم انت ربي,70,410,2800,4,0,1400,0.09,0.76,2026-05-23 23:10:55,"AI Overview,Image pack,People also ask,Video preview",2200,400,450,2015-09-04,"1648, 1489, 1448, 1227, 1301, 1381, 1364, 1434, 1378, 1513, 1460, 1517, 1632, 1472, 1432, 1210, 1284, 1364, 1348, 1417, 1361, 1497, 1444, 1500","1615, 1456, 1415, 1193, 1268, 1348, 1331, 1400, 1345, 1480, 1427, 1483"
1484,دعاء للبلاد,70,250,10,1,0,70,,,2026-05-23 15:03:40,"Featured snippet,People also ask,Image pack",250,10,10,2016-02-22,,
1485,دعاء سورة يس لقضاء الحوائج فتكات,70,900,50,1,0,70,,,2026-05-12 6:40:40,"AI Overview,Thumbnail,Video preview,People also ask,Image pack",900,0,50,2018-09-02,,
1486,دعاء ختم القرآن للميت,70,1700,500,1,0,70,,,2026-05-07 11:45:00,"AI Overview,Thumbnail,People also ask,Video preview",1700,30,500,2017-02-07,,
1487,دعاء من استصعب عليه امر,70,250,50,2,0,70,,,2026-05-18 20:03:42,"AI Overview,People also ask,Image pack,Video preview",250,30,40,2015-09-30,,
1488,دعاء لاخي بالسعاده والرزق,70,300,70,1,0,70,0.01,,2026-05-22 12:34:22,"AI Overview,Thumbnail,Video preview,People also ask,Videos,Image pack",300,50,70,2020-06-26,,
1489,دعاء الانبياء,70,250,60,1,0,900,0.04,0.6,2026-06-08 12:44:01,"Image pack,People also ask,Thumbnail,Video preview",1500,300,1000,2015-09-23,"1362, 715, 702, 581, 683, 653, 634, 656, 529, 2578, 563, 709, 1496, 702, 565, 672, 676, 673, 682, 694, 580, 2333, 764, 707","1453, 772, 614, 670, 706, 691, 686, 708, 585, 2434, 719, 712"
1490,دعاء الحيرة في أمر الزواج,70,340,150,2,0,40,,,2026-05-22 7:31:17,"AI Overview,Thumbnail,Video preview,People also ask,Videos,Image pack",250,30,70,2021-02-03,,
1491,دعاء للاخوة والاخوات,70,300,40,1,0,100,,,2026-05-10 20:05:35,"AI Overview,Thumbnail,Video preview,People also ask,Image pack",200,800,900,2015-10-27,,
1492,دعاء لشخص عنده اختبار,70,440,2600,6,0,80,,,2026-05-13 8:49:27,"AI Overview,Video preview,Thumbnail,People also ask,Image pack",100,800,2800,2015-12-17,,
1493,يذكر المصلي دعاء القنوت في صلاة,70,90,40,2,0,70,,,2026-05-09 21:24:10,"AI Overview,People also ask,Image pack",70,20,20,2020-04-14,,
1494,دعاء لحفظ الزوج,70,430,1000,4,0,20,,,2026-05-27 7:10:04,"AI Overview,Thumbnail,People also ask,Image pack,Video preview",250,50,250,2015-09-09,,
1495,دعاء حفظ النعم,70,100,30,1,0,70,,,2026-05-23 7:44:24,"AI Overview,People also ask,Thumbnail,Image pack",100,30,30,2015-11-01,,
1496,دعاء لفقيدي,70,150,30,1,2,70,,,2026-05-29 3:10:43,"AI Overview,Thumbnail,People also ask,Videos,Image pack",150,30,30,2017-11-03,,
1497,٢١ رمضان,70,350,30,1,0,80,,,2026-06-01 22:46:54,"People also ask,Video preview",350,100,150,2017-06-16,,
1498,دعاء الحش,70,100,10,1,0,70,,,2026-05-06 0:17:32,"AI Overview,Thumbnail,People also ask,Sitelinks",100,10,10,2016-11-24,,
1499,دعاء للأب المتوفي بالجنة,70,200,100,1,0,800,,,2026-05-22 21:23:50,"AI Overview,People also ask,Video preview,Image pack",2600,3800,4800,2023-03-19,"7, 14, 2, 15, 21, 19, 3, 3, 326, 934, 401, 569, 467, 546, 856, 815, 959, 862, 1070, 969, 931, 432, 249, 518",
1500,دعاء بعد نجاح العملية الجراحية,70,290,140,2,0,150,,,2026-05-11 6:32:03,"AI Overview,People also ask,Image pack,Video preview",300,250,250,2020-02-27,,
1501,دعاء اليوم التاسع عشر من رمضان,70,700,300,1,0,70,,,2026-05-19 0:38:51,"Videos,People also ask,Image pack,Video preview",700,10,300,2016-06-24,,
1502,دعاء جبل عرفات,70,80,60,2,0,60,,,2026-05-29 22:19:44,"AI Overview,Thumbnail,People also ask,Image pack,Video preview",70,30,30,2015-09-23,,
1503,ادعية لصديقتي,70,80,100,1,0,50,,,2026-05-10 2:12:30,"AI Overview,Thumbnail,People also ask,Image pack",100,0,20,2016-01-06,,
1504,اللهم لك الحمد,70,350,20,1,0,2800,0.1,0.31,2026-06-03 3:45:42,"AI Overview,Thumbnail,People also ask,Video preview,Image pack",8800,1700,1900,2015-09-02,"3228, 2957, 2862, 2515, 2584, 2520, 2553, 2766, 2510, 2675, 3096, 3847, 3242, 2968, 2872, 2522, 2591, 2526, 2558, 2771, 2514, 2679, 3100, 3851","3245, 2971, 2875, 2524, 2593, 2528, 2560, 2773, 2515, 2680, 3101, 3853"
1505,دعاء ليلة القدر الذي أوصى به الرسول,70,280,400,3,0,300,,,2026-05-20 17:01:39,"AI Overview,People also ask,Video preview,Image pack",2100,1300,8900,2021-04-19,"10, 10, 0, 10, 0, 0, 0, 10, 10, 3442, 32, 10, 10, 11, 11, 11, 11, 12, 11, 264, 274, 1149, 1857, 813","644, 711, 711, 151, 2, 2, 1, 322, 331, 1154, 1927, 876"
1506,دعاء السديس في رمضان,70,80,50,1,0,70,0.02,,2026-05-16 22:43:30,"Video preview,People also ask,Image pack",80,50,50,2016-01-19,,
1507,دعاء اخر اختبار,70,200,60,1,0,70,,,2026-05-13 1:42:26,"AI Overview,Thumbnail,Video preview,People also ask,Image pack",200,30,60,2020-02-25,,
1508,دعاء لصديق بالتوفيق,70,90,1500,3,0,250,0.05,1.12,2026-05-03 0:16:15,"AI Overview,People also ask,Video preview",1000,2000,2900,2016-01-03,"591, 402, 400, 394, 395, 390, 396, 396, 267, 606, 218, 259, 248, 321, 268, 219, 219, 215, 266, 226, 210, 282, 326, 298","236, 248, 232, 223, 243, 251, 248, 226, 210, 281, 325, 298"
1509,دعاء الافتتاح الفتلاوي,70,450,130,2,0,50,,,2026-06-07 21:55:59,Video preview,150,20,60,2018-05-22,,
1510,اللهم ارحم خالتي,70,400,30,1,0,10,,,2026-06-06 11:40:54,"Thumbnail,People also ask,Image pack,Video preview",30,30,50,2015-09-02,,
1511,دعاء للجنود,70,140,30,2,0,30,,1.03,2026-05-26 8:02:55,"AI Overview,Thumbnail,Image pack,People also ask,Video preview",60,20,20,2015-09-09,,
1512,للصائم دعوة لا ترد,70,250,900,2,0,500,,1.35,2026-05-21 16:50:59,"AI Overview,Video preview,People also ask,Image pack",1700,350,500,2016-05-28,"252, 259, 30, 51, 49, 63, 78, 121, 481, 4660, 147, 140, 166, 247, 30, 28, 51, 51, 75, 173, 608, 4771, 15, 222","195, 279, 34, 42, 88, 89, 107, 227, 663, 4826, 2, 278"
1513,دعاء زيارة القبور يوم الجمعة,70,300,90,1,0,70,,,2026-06-09 2:18:44,"AI Overview,Thumbnail,People also ask,Video preview,Image pack",300,30,90,2019-03-29,,
1514,دعاء الكرب والهم والحزن والضيق مكتوب,70,310,550,2,0,700,0.02,0.36,2026-05-20 15:58:51,"AI Overview,Image pack,People also ask,Video preview,Sitelinks",2300,3300,17000,2015-09-03,"404, 501, 502, 701, 761, 769, 743, 740, 620, 910, 606, 464, 620, 858, 828, 823, 531, 504, 710, 646, 669, 641, 592, 578","747, 734, 702, 725, 683, 646, 656, 647, 670, 642, 592, 578"
1515,دعاء ٢٣ رمضان,70,300,30,1,0,70,,,2026-06-08 8:45:40,"People also ask,Video preview,Image pack",300,30,30,2020-05-13,,
1516,دعاء ختم القران مكتوب للنابلسي,70,300,60,1,0,70,,,2026-05-18 9:00:27,"AI Overview,Thumbnail,People also ask,Image pack",300,30,60,2021-07-05,,
1517,دعاء التوبة والستر,70,350,130,2,0,50,,,2026-06-04 0:06:38,"AI Overview,Thumbnail,People also ask,Image pack",150,20,60,2019-10-30,,
1518,دعاء العصبية والتوتر,70,250,50,1,0,70,,,2026-05-20 22:36:46,"AI Overview,Thumbnail,Image pack,People also ask,Videos",250,30,50,2020-05-01,,
1519,دعاء عن الفضاء,70,70,20,1,0,70,,,2026-06-08 11:55:32,"People also ask,Image pack",70,20,20,2017-10-25,,
1520,دعاء للمريض اللهم اشفي مرضانا,70,150,80,1,0,50,,,2026-05-27 10:52:36,"AI Overview,Thumbnail,People also ask,Video preview,Image pack",200,30,40,2020-03-03,,
1521,دعاء السفر مكتوب pdf,60,350,100,1,0,60,,,2026-06-04 14:41:29,"Image pack,People also ask",350,30,100,2021-09-11,,
1522,تجربتي مع دعاء لا إله إلا الله العظيم الحليم,60,150,10,1,0,60,,,2026-06-05 7:55:51,"AI Overview,Thumbnail,Video preview,Image pack,People also ask",150,10,10,2020-08-21,,
1523,دعاء زمزم,60,150,150,1,0,600,,,2026-05-19 1:45:34,"AI Overview,People also ask,Image pack,Video preview",1400,3500,14000,2015-10-28,"439, 452, 441, 437, 449, 535, 503, 612, 491, 1203, 548, 462, 469, 551, 447, 459, 551, 547, 673, 640, 620, 712, 684, 592","593, 626, 631, 607, 612, 641, 650, 667, 648, 739, 711, 620"
1524,دعاء اليوم السابع والعشرين من رمضان,60,700,50,1,0,60,,,2026-05-06 21:16:59,People also ask,700,20,50,2016-07-01,,
1525,دعاء لطالبات القرآن,60,250,40,1,0,60,,,2026-05-28 11:56:11,"AI Overview,Thumbnail,People also ask,Video preview,Image pack,Sitelinks",250,20,40,2020-09-17,,
1526,ما اسم اول مسجد بني في الاسلام,60,60,900,1,0,450,,,2026-05-10 8:32:49,"AI Overview,People also ask,Video preview,Image pack",1100,8900,15000,2020-04-06,"12, 12, 15, 6, 5, 23, 56, 66, 33, 4679, 84, 64, 81, 59, 54, 48, 57, 57, 31, 39, 2690, 1123, 78, 1212",
1527,دكتورة دعاء نجم,60,60,10,1,0,60,0.4,,2026-05-22 0:43:52,Image pack,60,10,10,2021-05-13,,
1528,دعاء لراحة البال وعدم التفكير,60,600,200,1,0,60,,,2026-05-30 2:13:49,"AI Overview,Thumbnail,Image pack,People also ask,Video preview",600,20,200,2015-12-18,,
1529,دعاء الندبة مكتوب بخط كبير,60,300,400,1,0,300,0.03,,2026-06-04 8:06:37,Video preview,1900,1000,3000,2019-04-26,"265, 173, 178, 177, 194, 265, 257, 481, 353, 551, 287, 298, 314, 226, 235, 225, 370, 274, 287, 312, 310, 316, 304, 295","309, 306, 321, 297, 312, 309, 309, 333, 331, 336, 325, 316"
1530,دعاء لجدي المريض,60,160,60,2,0,10,,,2026-06-06 12:38:41,"AI Overview,Thumbnail,People also ask,Image pack,Video preview",50,0,10,2015-12-02,,
1531,دعاء لحفظ الوطن,60,150,50,1,0,60,,,2026-06-01 17:51:49,"AI Overview,Thumbnail,People also ask,Image pack,Video preview",150,50,50,2015-09-05,,
1532,دعاء لحماية شخص من الأذى,60,280,750,3,0,100,,,2026-05-29 8:55:57,"AI Overview,Video preview,People also ask,Image pack",500,200,300,2021-04-19,,
1533,دعاء للابنة,60,150,250,1,0,,,,2026-05-20 3:04:30,"AI Overview,People also ask,Image pack",10,10,60,2019-04-12,,
1534,دعاء المريض مستجاب,60,150,400,1,0,1100,0.01,0.69,2026-05-23 22:13:28,"AI Overview,Video preview,People also ask,Image pack,Thumbnail",5400,350,2400,2016-01-25,"2529, 2140, 2553, 2191, 2610, 2153, 2107, 2179, 1720, 2135, 1682, 1436, 1149, 1158, 1171, 1188, 1420, 907, 1150, 1029, 1053, 954, 914, 806","689, 800, 1269, 1165, 1292, 1241, 1218, 1090, 1115, 1011, 968, 853"
1535,دعاء رمضان لصديقتي,60,150,0,1,0,10,,,2026-06-02 11:52:03,"AI Overview,Thumbnail,People also ask,Video preview",50,100,150,2020-04-15,,
1536,دعاء لغزة وفلسطين,60,800,4100,3,0,10,,,2026-05-11 11:44:38,"AI Overview,Thumbnail,People also ask,Image pack,Video preview",250,20,1600,2018-02-17,,
1537,دعاء بعد صلاه الجمعه,60,150,200,1,0,60,,,2026-05-24 2:09:13,"AI Overview,Thumbnail,People also ask,Image pack,Video preview",150,20,200,2020-01-17,,
1538,دعاء جميل للحياه,60,160,20,2,0,1000,0.02,,2026-05-20 17:53:22,"AI Overview,People also ask,Image pack,Video preview,Thumbnail",2800,900,1300,2021-04-23,"566, 922, 1207, 963, 1184, 1169, 965, 1177, 975, 1836, 765, 736, 677, 914, 985, 937, 409, 925, 1424, 1182, 1076, 1598, 959, 912","898, 1172, 1297, 1200, 1035, 1323, 1462, 1349, 1243, 1765, 1126, 1079"
1539,دعاء الاستغاثة بالحجة,60,700,400,1,0,60,,,2026-05-20 22:20:52,"People also ask,Videos,Image pack",700,50,400,2016-03-11,,
1540,دعاء الحمل بتوأم,60,200,20,1,0,60,,,2026-05-30 4:23:21,"AI Overview,Thumbnail,People also ask,Image pack,Video preview",200,10,20,2020-02-05,,
1541,دعاء لجمال الجنين في بطن امه,60,350,90,1,0,60,,,2026-06-04 23:31:22,"AI Overview,Thumbnail,People also ask,Image pack",350,20,90,2020-02-19,,
1542,دعاء الافتتاح مكتوب مفاتيح الجنان,60,300,5000,1,0,200,,,2026-05-17 5:54:19,"AI Overview,People also ask,Video preview,Image pack",1800,1500,6000,2020-02-06,"46, 19, 18, 20, 19, 9, 10, 28, 39, 2338, 47, 38, 28, 29, 11, 19, 20, 10, 12, 8, 8, 2076, 43, 233","11, 101, 3, 57, 24, 24, 16, 5, 11, 2079, 45, 235"
1543,دعاء 6 رمضان,60,400,40,1,0,60,,,2026-05-10 10:36:30,"People also ask,Image pack",400,20,40,2018-05-21,,
1544,دعاء ١٧ رمضان,60,250,30,1,0,60,,,2026-05-26 20:39:48,"People also ask,Image pack,Video preview",250,20,30,2020-05-05,,
1545,دعاء لابنتي بالشفاء,60,430,20,2,0,20,,,2026-05-17 10:46:33,"AI Overview,Thumbnail,People also ask,Image pack,Video preview",150,10,150,2015-11-12,,
1546,دعاء للوالدين في رمضان,60,150,30,1,0,60,,,2026-06-02 1:05:21,"People also ask,Image pack,Video preview",150,20,30,2016-06-06,,
1547,دعاء يجعل زوجي يكره النساء,60,560,310,3,0,200,0.7,,2026-06-06 13:36:01,"Image pack,People also ask,Video preview,AI Overview,Thumbnail",1400,0,20,2020-01-15,"976, 566, 454, 434, 274, 207, 245, 308, 238, 449, 252, 212, 383, 169, 169, 259, 307, 202, 201, 231, 191, 195, 170, 179","242, 192, 179, 157, 122, 123, 154, 161, 126, 130, 108, 119"
1548,سبوح قدوس رب الملائكة والروح,60,180,650,2,0,1600,,0.6,2026-05-22 2:23:04,"AI Overview,Thumbnail,People also ask,Image pack,Video preview",6500,400,600,2015-10-23,"1186, 1240, 2955, 2319, 1887, 1282, 1235, 1914, 982, 3760, 1211, 1206, 1223, 1336, 2261, 1255, 914, 1809, 2338, 1968, 1055, 2781, 1171, 1585","1341, 1383, 1653, 1325, 1403, 1941, 1662, 1408, 1132, 1821, 1450, 1138"
1549,دعاء للزوج بالسعادة,60,350,150,1,0,150,0.07,,2026-05-07 12:49:23,"AI Overview,People also ask",1300,1900,5400,2021-04-23,,
1550,دعاء ٢٨ رمضان,60,250,30,1,0,60,,,2026-05-23 23:46:20,"People also ask,Videos,Image pack",250,20,30,2020-05-13,,
1551,دعاء التوتر والقلق,60,200,80,1,6,200,0.03,,2026-05-15 16:47:56,"AI Overview,Thumbnail,People also ask,Video preview,Image pack",600,800,1300,2016-03-03,"83, 79, 103, 104, 98, 84, 68, 102, 108, 70, 101, 173, 141, 143, 170, 147, 150, 214, 226, 221, 212, 168, 156, 217","149, 138, 156, 134, 129, 139, 130, 153, 148, 111, 105, 175"
1552,دعاء لسرعة الحفظ والفهم وعدم النسيان مجرب بعد ثانية واحدة,60,540,16800,3,0,350,,,2026-05-07 4:36:44,"AI Overview,People also ask,Video preview",2400,1000,6300,2018-03-21,"481, 157, 317, 592, 829, 603, 830, 309, 583, 263, 397, 579, 464, 106, 168, 395, 475, 378, 608, 125, 433, 104, 244, 414","290, 34, 32, 313, 463, 382, 585, 103, 414, 84, 224, 394"
1553,دعاء لطرد الفئران,60,800,300,1,0,60,0.45,,2026-05-10 6:07:09,"AI Overview,Thumbnail,People also ask,Sitelinks,Image pack,Video preview",800,30,300,2016-07-14,,
1554,سورة قرآنية لطرد الحشرات من المنزل,60,200,250,1,0,60,0.15,,2026-05-07 14:35:09,"AI Overview,Thumbnail,People also ask,Video preview",500,0,10,2020-04-09,,
1555,دعاء حب الزوج لزوجته,60,150,300,2,0,60,0.04,,2026-06-06 12:56:53,"People also ask,Image pack,Video preview",150,40,150,2015-09-30,"369, 242, 166, 129, 160, 100, 101, 94, 80, 194, 49, 76, 140, 84, 84, 66, 39, 28, 44, 47, 42, 53, 60, 67","55, 55, 41, 42, 42, 39, 42, 40, 38, 48, 55, 63"
1556,ماذا يقال بعد الاذان,60,130,1350,5,1,100,,,2026-05-13 16:03:26,"AI Overview,People also ask,Image pack",150,200,250,2016-01-01,,
1557,دعاء قبل الافطار اللهم رب النور العظيم,60,220,40,2,0,50,,,2026-06-08 19:38:32,"Video preview,Image pack,People also ask,Thumbnail",200,20,20,2016-06-08,,
1558,دعاء ليلة النصف من شعبان,60,1300,6000,2,0,450,,1.26,2026-05-30 2:52:58,"AI Overview,Thumbnail,Image pack,People also ask,Video preview",14000,40,4500,2016-05-19,"5, 3, 3, 2, 1, 1, 3, 22, 6514, 20, 4, 2, 2, 1, 1, 1, 2, 1, 1, 0, 2617, 2602, 255, 266","236, 232, 240, 220, 214, 208, 202, 191, 2587, 1645, 568, 426"
1559,دعاء 9 رمضان,60,350,20,1,0,60,,,2026-05-20 16:29:45,"People also ask,Image pack,Video preview",350,10,20,2017-06-04,"0, 0, 0, 0, 0, 0, 0, 0, 3, 675, 1, 0, 1, 1, 0, 0, 0, 1, 6, 2, 659, 9, 3, 0",5
1560,ادعية الرزق والتوفيق,60,100,5600,2,3,450,0.03,,2026-05-26 19:28:16,"AI Overview,People also ask,Image pack",1000,1300,2900,2016-10-26,"852, 535, 529, 532, 545, 479, 469, 470, 443, 1213, 309, 446, 495, 477, 467, 394, 322, 458, 472, 381, 354, 1122, 252, 474","530, 536, 504, 417, 347, 490, 487, 382, 355, 1123, 253, 475"
1561,دعاء للحمل بولد مجرب,60,300,300,1,0,60,,,2026-05-14 18:02:53,"AI Overview,Thumbnail,Image pack,People also ask,Video preview",300,90,300,2016-12-03,,
1562,مقدمة الدعاء,60,150,50,1,2,60,,,2026-05-18 0:04:06,"AI Overview,Thumbnail,Sitelinks,People also ask,Image pack,Video preview",150,40,50,2016-01-12,,
1563,دعاء اول شعبان,60,450,250,1,0,50,,,2026-05-27 7:02:45,"People also ask,Image pack,Video preview",500,100,350,2016-05-07,,
1564,دعاء ابي حمزة الثمالي ميثم التمار,60,250,50,1,0,60,,,2026-05-22 13:35:12,"Featured snippet,Video preview,Image pack",250,20,50,2015-11-07,,
1565,دعاء بعد صلاة العشاء مفاتيح الجنان,60,300,50,1,0,60,,,2026-06-02 22:30:53,"AI Overview,Thumbnail,People also ask,Image pack",300,20,50,2020-01-31,,
1566,دعاء لطرد البق من المنزل,60,700,60,1,0,60,,,2026-05-10 6:37:28,"AI Overview,Thumbnail,People also ask,Image pack,Sitelinks",700,10,60,2020-02-09,,
1567,سمى الله دعاء النبي في يوم بدر استغاثه,60,140,40,3,0,50,,,2026-05-12 2:52:53,"Sitelinks,Video preview",50,20,20,2020-11-13,,
1568,زيارة النبي في المدينة,60,70,300,1,0,600,1,,2026-05-28 0:24:50,"People also ask,Video preview,Image pack",600,4600,5600,2017-04-04,"796, 544, 662, 536, 442, 557, 360, 826, 440, 193, 361, 365, 532, 1754, 939, 356, 237, 188, 290, 595, 560, 460, 468, 506","559, 626, 592, 525, 506, 587, 546, 617, 582, 482, 489, 527"
1569,دعاء جميل جدا يريح القلب,60,100,200,1,0,500,0.09,,2026-05-20 7:23:56,"AI Overview,People also ask,Video preview",1100,4200,5300,2018-09-23,"524, 518, 539, 356, 444, 443, 528, 456, 436, 965, 354, 363, 276, 369, 528, 433, 520, 542, 550, 561, 442, 614, 545, 443","409, 447, 451, 402, 401, 419, 462, 482, 364, 535, 470, 368"
1570,دعاء المجير,60,700,9060,6,0,800,0.02,0.81,2026-05-24 7:06:12,"Featured snippet,Video preview,Image pack",4300,0,90,2015-09-04,"64, 36, 17, 16, 41, 22, 22, 1458, 438, 3011, 5095, 139, 49, 18, 14, 18, 73, 24, 24, 1312, 443, 2799, 5178, 132","59, 31, 16, 16, 46, 22, 21, 1387, 426, 2882, 4964"
1571,دعاء اللهم اني اسالك صبر الشاكرين لك,60,150,90,1,0,60,,,2026-05-16 23:22:16,"Video preview,AI Overview,Image pack,People also ask",150,20,90,2021-02-13,"0, 0, 0, 0, 0, 0, 14, 632, 2, 2, 0, 0, 0, 0, 0, 0, 0, 0, 555, 98, 4, 3, 0, 2",
1572,اللهم اجعل فيما تقضي وتقدر,60,400,60,1,0,80,,,2026-05-06 21:16:08,"People also ask,Video preview",300,30,30,2018-06-07,,
1573,دعاء عرفة,60,170,7400,2,1,1300,0.15,0.78,2026-05-26 6:15:58,"AI Overview,People also ask,Video preview,Image pack",5100,1300,6800,2015-09-13,"20377, 33, 19, 20, 20, 20, 25, 32, 25, 32, 25, 704, 14601, 31, 25, 20, 25, 26, 31, 33, 31, 31, 229, 118","11143, 1159, 1590, 1251, 1215, 1225, 1871, 1901, 1931, 1960, 1990, 2106"
1574,دعاء سورة يس للشفاء,60,1100,200,1,4,60,,,2026-06-03 22:56:05,"People also ask,Video preview",1100,20,200,2015-10-27,,
1575,دعاء لحفظ الزوج من الخيانة,60,150,30,1,0,60,1.9,,2026-06-08 23:13:26,"AI Overview,Thumbnail,People also ask,Image pack,Video preview,Sitelinks",150,20,30,2020-04-26,,
1576,دعاء عن التعاون,60,300,50,1,0,60,,1.63,2026-06-03 7:32:12,"AI Overview,Thumbnail,People also ask,Image pack,Video preview",300,10,50,2015-11-08,,
1577,ربي اوزعني ان اشكر نعمتك,60,110,1300,3,0,2600,0.1,0.77,2026-05-30 10:27:55,"Image pack,People also ask,Video preview,Thumbnail",6600,900,1100,2015-09-05,"2424, 1936, 1645, 2064, 2047, 2019, 2096, 2189, 1831, 3199, 1722, 2400, 1658, 1690, 2663, 2018, 3731, 2581, 2904, 2374, 2357, 3966, 2863, 3470","3182, 3301, 2723, 3454, 2901, 2934, 2659, 2380, 2362, 3973, 2868, 3475"
1578,دعاء لابنتي المتوفيه,60,340,80,2,0,50,,,2026-05-30 6:04:13,"AI Overview,Thumbnail,Image pack,People also ask",250,10,40,2020-01-15,,
1579,دعاء قبل قراءة سورة البقرة,60,250,900,2,4,40,,,2026-06-04 7:02:19,"AI Overview,Thumbnail,Image pack,People also ask",200,10,200,2018-08-18,,
1580,معنى مقرنين,60,100,600,3,0,200,,,2026-05-29 3:46:43,"AI Overview,People also ask,Video preview",600,200,200,2015-10-09,"173, 116, 141, 139, 176, 173, 142, 176, 143, 743, 326, 176, 170, 115, 140, 119, 117, 133, 179, 610, 323, 216, 295, 294","223, 207, 202, 224, 229, 211, 206, 140, 504, 689, 302, 302"
1581,دعاء الرسول بعد صلاة الفجر,60,400,200,1,0,60,,,2026-05-07 2:02:19,"AI Overview,Video preview,People also ask",400,10,200,2016-01-02,,
1582,دعاء في الميقات,60,60,100,1,0,60,,,2026-05-12 0:12:19,"AI Overview,Thumbnail,People also ask,Image pack",60,90,100,2017-04-02,,
1583,دعاء الامام الحسين يوم عاشوراء,60,200,100,1,0,60,,,2026-06-01 11:13:55,"Image pack,People also ask",200,40,100,2016-04-07,,
1584,دعاء لتسهيل الامتحان والنجاح,60,600,800,1,0,800,0.1,,2026-05-23 0:56:19,"AI Overview,People also ask,Video preview,Image pack",8100,1500,8700,2016-01-31,"768, 91, 74, 184, 343, 418, 438, 192, 791, 93, 192, 922, 1716, 347, 283, 275, 777, 422, 1784, 511, 774, 966, 599, 717","1007, 449, 443, 503, 650, 1057, 942, 572, 835, 1028, 660, 779"
1585,دعاء الهم والحزن والخوف,60,150,10,1,0,60,,0.45,2026-06-07 10:20:54,"AI Overview,People also ask,Image pack",150,10,10,2015-09-15,,
1586,دعاء عظيم,60,110,100,2,1,500,0.01,0.86,2026-05-23 23:30:45,"AI Overview,Image pack,People also ask,Video preview",700,10,20,2015-09-23,"690, 538, 540, 494, 497, 493, 560, 526, 402, 1283, 386, 520, 481, 403, 501, 506, 488, 409, 543, 574, 563, 790, 731, 623","620, 621, 571, 563, 580, 573, 590, 589, 578, 805, 746, 638"
1587,دعاء لابنتي بالتوفيق,60,220,90,2,0,60,,,2026-06-04 5:48:23,"AI Overview,Thumbnail,People also ask,Video preview,Image pack",200,10,40,2016-02-11,,
1588,بسم الله ارقيك,60,200,250,1,0,4100,0.04,0.68,2026-06-07 11:33:37,"AI Overview,Image pack,People also ask,Video preview",12000,50,500,2015-09-06,"4008, 4100, 3681, 3375, 3865, 3585, 3600, 4023, 4026, 3891, 3124, 4117, 4357, 4448, 4030, 3724, 4213, 3933, 3949, 4371, 4374, 4240, 3472, 4465","4705, 4797, 4378, 4072, 4562, 4282, 4297, 4720, 4723, 4588, 3821"
1589,دعاء ٢ رمضان,60,250,80,1,0,100,,,2026-05-20 7:33:58,"People also ask,Image pack,Video preview",300,40,50,2017-05-27,,
1590,دعاء استجابة المستحيل,60,250,200,1,0,60,,,2026-06-02 12:40:26,"AI Overview,Thumbnail,People also ask,Image pack",250,60,200,2015-10-16,,
1591,دعاء اليوم السادس من رمضان مفاتيح الجنان,60,500,850,2,0,20,,,2026-05-11 22:29:19,"People also ask,Image pack",80,100,500,2019-05-11,,
1592,دعاء لا يرد قائله,60,180,60,2,0,40,,,2026-05-08 12:17:03,"AI Overview,Image pack,Video preview,People also ask",150,30,30,2015-09-28,"269, 161, 246, 184, 219, 156, 168, 74, 89, 603, 261, 79, 95, 52, 48, 72, 16, 15, 22, 45, 65, 32, 2, 25",21
1593,دعاء للام المتوفيه في رمضان,60,450,100,1,0,10,,,2026-06-01 17:04:03,"AI Overview,Thumbnail,People also ask,Image pack,Video preview",30,1300,3400,2017-06-17,,
1594,ادعية يوم الترويه لغير الحاج,60,350,30,1,0,10,,,2026-05-25 10:57:06,"AI Overview,Thumbnail,People also ask,Videos,Video preview,Image pack",20,10,60,2020-07-28,,
1595,دعاء الضيق والاكتئاب والخوف,60,250,150,1,0,60,,,2026-05-28 15:03:08,"AI Overview,People also ask,Image pack",250,40,150,2020-03-27,,
1596,دعاء و تهنئة بشهر رمضان المبارك,60,250,60,1,0,2500,0.02,1.11,2026-06-05 8:11:08,"AI Overview,Thumbnail,Image pack,People also ask,Video preview",9500,1200,8200,2016-06-05,"9, 4, 4, 6, 6, 6, 7, 59, 21894, 813, 10, 5, 4, 4, 4, 4, 3, 3, 8, 0, 29380, 439, 341, 337",373
1597,دعاء بعد المذاكره,60,130,27000,3,0,2400,,,2026-06-08 7:14:00,"AI Overview,Thumbnail,People also ask,Image pack,Videos,Video preview",4100,3800,6800,2015-11-11,"3251, 208, 1339, 957, 1774, 3019, 2794, 3444, 3022, 2804, 1999, 3191, 3470, 221, 1423, 1015, 1879, 3192, 2948, 3629, 3179, 2945, 2097, 3342","3629, 231, 1484, 1057, 1955, 3318, 3061, 3763, 3293, 3047, 2167, 3451"
1598,دعاء نيه الصيام,60,600,150,1,0,150,,,2026-05-19 20:09:35,"AI Overview,Thumbnail,Image pack,People also ask,Video preview",800,30,200,2020-03-25,,
1599,دعاء الصلح بين الزوجين,60,530,730,3,0,50,,,2026-05-18 8:13:38,"AI Overview,People also ask,Image pack",300,60,500,2015-12-07,,
1600,دعاء السفر بالانجليزي,60,700,450,1,0,60,,,2026-06-07 14:40:07,"AI Overview,Thumbnail,Image pack,People also ask",700,20,450,2015-09-15,,
1601,دعاء للاب المتوفي في رمضان,60,330,300,2,0,60,,,2026-06-05 20:38:12,"AI Overview,Thumbnail,People also ask,Video preview,Image pack",250,30,150,2020-04-16,,
1602,4 رمضان دعاء,60,250,10,1,0,10,,,2026-05-29 8:05:51,"People also ask,Image pack",40,30,30,2019-05-09,,
1603,دعاء باسم الله الاعظم,60,170,550,4,0,200,,,2026-05-20 1:53:58,"AI Overview,People also ask,Image pack,Video preview",350,350,350,2016-11-12,,
1604,دعاء للاهل والاصدقاء,60,80,210,3,0,150,,,2026-05-16 9:30:15,"AI Overview,Thumbnail,People also ask,Image pack",150,800,1400,2015-09-11,,
1605,دعاء المعراج,60,250,400,1,0,90,,,2026-05-05 18:26:02,Thumbnail,1200,10,350,2015-09-27,,
1606,دعاء الله,60,400,70,1,2,90,0.09,0.38,2026-06-09 1:44:22,"AI Overview,People also ask,Image pack",300,40,80,2015-09-04,,
1607,دعاء آخر ساعة من الجمعة للميت,60,60,110,4,0,30,0.02,,2026-05-07 7:58:33,"AI Overview,Thumbnail,People also ask,Video preview",30,20,20,2021-03-19,,
1608,دعاء للزوج في يوم عرفه,60,250,160,2,0,20,,,2026-05-26 12:19:16,"AI Overview,Thumbnail,People also ask,Image pack,Video preview",30,50,90,2019-08-10,,
1609,دعاء ادم عليه السلام,60,170,60,2,0,50,,,2026-05-20 2:28:54,"AI Overview,Thumbnail,Image pack,People also ask,Video preview",150,10,30,2015-10-04,,
1610,دعاء الاستخارة مكتوب بخط كبير,50,500,50,1,0,50,,,2026-06-02 19:40:39,"Image pack,AI Overview,Thumbnail,People also ask,Video preview",500,10,50,2020-08-20,,
1611,دعاء الجاثوم,50,190,130,3,0,30,,,2026-05-24 0:02:13,"AI Overview,Thumbnail,People also ask,Videos,Image pack,Video preview",90,20,40,2016-08-22,,
1612,ادعيه للرزق,50,2400,1900,1,10,1300,0.07,1,2026-05-18 21:26:25,"People also ask,Image pack,Video preview",7200,9000,39000,2015-09-21,"1083, 1152, 876, 882, 987, 1012, 983, 1223, 994, 2532, 629, 794, 1027, 1216, 1218, 1050, 1282, 1332, 1678, 1216, 1202, 1527, 1455, 1185","1275, 1421, 1333, 1281, 1350, 1351, 1403, 1394, 1380, 1704, 1632, 1362"
1613,دعاء ياذا الذي كان,50,200,200,1,0,50,,,2026-06-07 18:11:06,Video preview,200,10,200,2016-06-24,,
1614,في اخر ساعة من يوم الجمعة,50,60,30,1,1,150,,,2026-05-26 15:34:25,"AI Overview,Thumbnail,People also ask,Videos,Sitelinks,Image pack",150,700,700,2015-12-18,,
1615,نية الصيام,50,600,5500,1,4,900,0.03,1.11,2026-05-21 15:01:25,"AI Overview,People also ask,Video preview,Image pack",13000,600,3300,2015-09-22,"466, 441, 123, 57, 154, 180, 266, 595, 1151, 4860, 2030, 347, 450, 446, 117, 47, 152, 166, 261, 622, 1212, 4760, 2257, 308","474, 452, 125, 56, 158, 181, 271, 615, 1191, 4956, 2124, 347"
1616,دعاء ختم القران ابن باز pdf,50,60,3300,3,5,400,,,2026-05-16 4:56:45,"People also ask,Image pack,Video preview",600,56000,91000,2022-03-12,"127, 89, 98, 82, 62, 21, 29, 33, 61, 1027, 53, 102, 63, 86, 61, 77, 44, 45, 29, 53, 547, 2737, 51, 1056",
1617,دعاء دخول المنزل للاطفال,50,270,10,2,0,30,0.02,0.84,2026-06-02 22:54:32,"Image pack,Video preview,People also ask",200,0,10,2015-09-03,"10, 15, 39, 65, 59, 44, 51, 27, 25, 13, 38, 32, 12, 13, 17, 49, 66, 38, 37, 28, 28, 19, 16, 18","13, 13, 22, 63, 83, 61, 57, 35, 31, 22, 18, 20"
1618,اكثر دعاء النبي,50,80,30,1,0,50,,,2026-05-21 19:56:37,"AI Overview,Thumbnail,People also ask,Image pack",80,20,30,2020-01-11,,
1619,دعاء لزوجي المريض,50,960,1150,6,0,20,,,2026-05-18 7:42:06,"AI Overview,Thumbnail,People also ask,Image pack,Video preview",200,40,350,2017-04-17,,
1620,دعاء وداع شخص غالي,50,210,20,2,0,50,,,2026-05-24 5:06:14,"People also ask,Sitelinks",200,10,10,2021-06-03,,
1621,افضل دعاء للميت في قبره,50,200,1700,1,4,450,,0.91,2026-05-26 11:07:51,"AI Overview,People also ask,Image pack",2100,68000,346000,2016-08-17,"1883, 1615, 1586, 1305, 1595, 1577, 1029, 584, 248, 859, 320, 392, 474, 581, 594, 480, 711, 312, 335, 342, 325, 426, 412, 477","477, 473, 437, 393, 408, 387, 380, 368, 349, 457, 442, 512"
1622,دعاء اهل البيت المعمور,50,400,40,1,0,50,,,2026-06-07 23:12:00,"Image pack,People also ask",400,10,40,2017-05-27,,
1623,دعاء لتسخير جنود الله,50,250,40,1,0,50,,,2026-05-28 5:38:26,"Image pack,People also ask,Thumbnail",250,20,40,2020-01-27,,
1624,دعاء وافوض امري الى الله,50,150,40,2,0,30,,,2026-05-23 18:03:39,"AI Overview,People also ask,Image pack,Video preview",100,10,20,2015-11-09,,
1625,اللهم اقسم لنا من خشيتك,50,200,300,1,0,1000,0.25,0.99,2026-05-23 14:47:18,"Image pack,People also ask,Video preview",3200,350,450,2015-09-03,"1158, 641, 736, 644, 749, 644, 631, 655, 969, 2716, 519, 534, 722, 1354, 1171, 632, 634, 742, 652, 712, 961, 2791, 850, 579","811, 1219, 1079, 637, 662, 731, 654, 706, 961, 2789, 809, 572"
1626,دعاء فك التعلق,50,130,30,3,0,30,,,2026-05-21 9:35:45,"AI Overview,Thumbnail,Video preview,Image pack,People also ask",70,10,10,2020-05-25,,
1627,دعاء على الزوج الظالم,50,140,1000,4,0,100,,,2026-05-11 16:17:40,"AI Overview,Thumbnail,People also ask,Image pack",500,150,250,2015-09-17,,
1628,دعاء استفتاح قيام الليل,50,210,660,2,0,450,0.02,,2026-05-02 16:36:50,"AI Overview,People also ask",1500,0,20,2015-12-21,"414, 350, 338, 423, 671, 748, 953, 729, 636, 955, 492, 486, 376, 307, 433, 392, 442, 489, 553, 508, 470, 497, 489, 470","410, 391, 403, 413, 462, 501, 576, 525, 487, 514, 506, 487"
1629,اللهم رب الناس، أذهب الباس، اشفه وأنت الشافي؛ لا شفاء إلا شفاؤك، شفاء لا يغادر سقماً,50,240,33500,6,0,6700,,,2026-06-01 6:50:13,"People also ask,Video preview",7900,4200,5400,2017-12-04,"2930, 3112, 3139, 4871, 4833, 4040, 4225, 4462, 4628, 5923, 5183, 5470, 5714, 5896, 5924, 7656, 7618, 6825, 7010, 7247, 7413, 8707, 7967, 8255","8499, 8681, 8708, 10441, 10402, 9609, 9794, 10031, 10197, 11492, 10752"
1630,اللهم اجبر قلب صديقتي بوفاة والدها,50,90,0,1,0,10,,,2026-05-26 6:15:16,"AI Overview,Thumbnail,People also ask,Image pack,Video preview",30,10,10,2020-01-24,,
1631,دعاء لكف شر الناس عني,50,240,380,3,0,150,,,2026-05-11 11:13:04,"AI Overview,Image pack,People also ask",300,350,800,2017-03-07,,
1632,دعاء دخول المجلس,50,60,20,1,0,50,,,2026-06-05 17:16:10,"AI Overview,Thumbnail,People also ask,Image pack",60,20,20,2015-09-20,,
1633,دعاء لصديقتي في يوم الجمعه,50,130,20,2,0,10,,,2026-05-27 20:02:12,"AI Overview,People also ask,Image pack",50,10,10,2020-01-10,,
1634,دعاء نسيان,50,250,20,1,0,20,,,2026-05-14 23:58:05,"AI Overview,Thumbnail,People also ask,Image pack,Sitelinks,Video preview",250,300,800,2016-03-02,"108, 37, 31, 35, 37, 98, 13, 1, 51, 7, 8, 0, 27, 4, 8, 7, 2, 44, 55, 42, 21, 16, 23, 21",
1635,دعاء ليلة الاسراء والمعراج 2024,50,990,820,2,0,,,,2026-05-13 8:29:52,"AI Overview,Thumbnail,People also ask,Video preview,Image pack",90,0,20,2024-02-06,,
1636,ماذا يقال عند بداية الطواف,50,50,1100,1,1,900,,,2026-05-29 1:08:29,"AI Overview,People also ask,Video preview,Image pack",1000,42000,44000,2015-11-01,"1347, 1090, 894, 657, 732, 934, 926, 1191, 756, 2655, 464, 671, 729, 744, 666, 531, 668, 1230, 796, 972, 819, 1808, 749, 1006","818, 868, 899, 823, 934, 1218, 975, 1060, 947, 1503, 1137, 834"
1637,دعاء التحصين,50,140,11600,4,0,15000,0.03,0.41,2026-06-02 15:22:01,"Image pack,People also ask,AI Overview,Thumbnail,Video preview",31000,2000,4100,2015-09-01,"14615, 14737, 15678, 14261, 16057, 16452, 11722, 16677, 13976, 14619, 15853, 15672, 14964, 15668, 15334, 14386, 14576, 14882, 14562, 14451, 15230, 15346, 14617, 15383","15858, 16608, 15745, 14797, 14987, 15293, 14973, 14862, 15641, 15757, 15028"
1638,دعاء الخسوف,50,150,7400,1,0,6600,,0.89,2026-06-02 11:22:25,"AI Overview,Thumbnail,People also ask,Video preview,Image pack",25000,14000,24000,2015-09-27,"2, 1, 3, 663, 7, 4, 3, 3, 2, 273, 6, 2, 3, 3, 10, 73170, 2535, 374, 1606, 567, 295, 82, 331, 654","764, 7146, 2392, 9036, 2621, 461, 1692, 654, 381, 168, 418, 741"
1639,بالصور دعاء السفر,50,690,0,2,,,,,,,,,,2015-11-09,,
1640,دعاء لطول العمر,50,70,0,1,0,10,,,2026-05-27 14:34:35,"AI Overview,Image pack,People also ask,Video preview",30,20,40,2016-01-24,,
1641,دعاء التوحيد للشيعة,50,60,20,1,0,50,,,2026-05-09 5:29:53,"AI Overview,People also ask,Image pack",60,20,20,2017-07-21,,
1642,دعاء ليلة النصف من شعبان إلهي تعرض,50,400,2300,1,0,20,,,2026-05-07 6:50:39,"People also ask,Video preview",300,150,2300,2020-03-25,,
1643,دعاء الستر وراحة البال,50,520,250,2,0,40,,,2026-06-06 20:42:15,"AI Overview,People also ask,Image pack,Video preview",450,10,100,2021-01-25,,
1644,عبارات عن اليوم العالمي للمسنين,50,70,100,1,0,80,,,2026-05-12 10:19:00,"People also ask,Image pack",150,80,80,2016-10-12,,
1645,دعاء وداع شهر رمضان الصحيفة السجادية,50,150,10,1,0,50,,,2026-05-16 9:34:53,"Video preview,Sitelinks,People also ask",150,10,10,2016-06-08,,
1646,الدعاء في المسجد النبوي مستجاب,50,60,1200,1,0,1000,,,2026-05-20 7:53:29,"AI Overview,People also ask,Image pack,Sitelinks,Video preview",1100,3300,3400,2017-03-24,"1205, 1301, 1499, 1189, 1340, 1745, 1408, 1708, 1122, 1551, 985, 652, 548, 930, 1097, 957, 1257, 1360, 1303, 1426, 716, 1046, 391, 692",
1647,دعوة رمضان,50,450,100,1,0,150,0.2,,2026-05-15 7:10:56,"AI Overview,Image pack,People also ask,Thumbnail",400,11000,29000,2016-05-17,,
1648,دعاء بطول العمر والصحة,50,350,50,1,0,50,,,2026-05-29 17:16:30,"AI Overview,Thumbnail,People also ask,Image pack,Videos",350,20,50,2015-12-08,,
1649,أعوذ بكلمات الله التامات التي لا يجاوزهن بر ولا فاجر,50,100,150,1,0,1500,0.2,,2026-05-29 8:00:15,"Image pack,People also ask,Video preview,Thumbnail",2300,300,350,2016-02-19,"1409, 1535, 1489, 1459, 1530, 1568, 1563, 1560, 1602, 1504, 1494, 1527, 1385, 1515, 1472, 1445, 1518, 1558, 1555, 1553, 1597, 1499, 1490, 1523","1382, 1512, 1470, 1443, 1517, 1557, 1554, 1552, 1596, 1499, 1490, 1523"
1650,فراق الام دعاء للأم المتوفيه,50,500,90,1,0,50,,,2026-06-07 11:37:46,"AI Overview,Thumbnail,People also ask,Image pack",500,10,90,2023-01-30,,
1651,فضل دعاء اللهم أخرجني من حلق الضيق,50,190,70,3,0,40,,,2026-05-10 23:44:28,"AI Overview,Thumbnail,People also ask,Image pack,Sitelinks",150,20,20,2022-04-16,,
1652,صور دعاء السفر,50,200,10,1,0,150,0.02,0.42,2026-05-09 14:39:48,"Image pack,People also ask,Thumbnail",600,0,30,2015-09-02,,
1653,دعاء للام المتوفية يوم الجمعة,50,200,450,2,0,150,0.01,,2026-05-22 18:07:37,"AI Overview,Thumbnail,Video preview,Sitelinks,People also ask,Image pack",450,0,800,2015-09-02,,
1654,دعاء الاستخارة لشراء سيارة,50,250,10,1,3,50,,,2026-05-06 7:48:00,"AI Overview,Thumbnail,People also ask,Video preview",250,10,10,2015-10-17,"25, 40, 62, 77, 77, 83, 55, 55, 10, 54, 77, 57, 68, 82, 95, 82, 61, 51, 45, 20, 5, 27, 56, 6",
1655,دعاء التوكل على الله في الصباح,50,150,70,1,0,50,,,2026-06-04 16:57:47,"AI Overview,People also ask,Image pack,Video preview",150,20,70,2015-10-20,,
1656,ساعة استجابة يوم الجمعة,50,70,900,1,3,2000,0.02,0.59,2026-06-09 8:07:21,"People also ask,Image pack,Video preview,Thumbnail",2500,1700,2300,2015-09-18,"2274, 2823, 4206, 2821, 3417, 3484, 2769, 3401, 2179, 1863, 1857, 2798, 1363, 1937, 2389, 1928, 2544, 1729, 1651, 1859, 1792, 1930, 1621, 1816","1816, 2055, 1925, 1955, 1946, 1780, 1943, 1853, 1785, 1923, 1614, 1809"
1657,طريقة دعاء الرسول,50,70,20,1,0,50,,,2026-05-11 22:53:46,"AI Overview,People also ask,Image pack,Video preview",70,20,20,2017-06-10,,
1658,اللهم اني استودعتك نفسي,50,240,1000,3,0,1800,0.1,0.34,2026-05-18 3:14:30,"Image pack,People also ask,Sitelinks,Video preview",2000,350,400,2015-09-07,"1380, 1761, 2240, 1851, 1718, 2192, 2202, 2250, 1747, 1661, 2028, 1955, 1732, 1945, 1950, 1944, 1938, 1563, 1582, 1708, 1347, 1627, 1496, 1565","1573, 1644, 1737, 1592, 1577, 1604, 1526, 1627, 1271, 1552, 1415"
1659,دعاء سريع الاجابة,50,260,20,2,0,30,0.01,1.26,2026-06-02 19:58:10,"People also ask,Image pack,AI Overview,Thumbnail,Videos",600,60,90,2015-09-01,"29, 22, 23, 21, 22, 28, 25, 21, 23, 26, 21, 32, 24, 21, 21, 21, 37, 31, 25, 30, 34, 33, 33, 24","26, 23, 23, 20, 22, 20, 23, 28, 31, 31, 30, 22"
1660,دعاء قص الشعر عند أهل البيت,50,280,250,2,0,40,,,2026-05-22 14:36:23,"AI Overview,Thumbnail,People also ask,Video preview",200,20,50,2020-06-07,,
1661,سبحان الله عدد ماخلق,50,200,800,1,0,2300,0.02,0.7,2026-06-01 7:33:26,"Image pack,People also ask,Videos,Video preview",4000,450,800,2015-09-06,"2759, 1707, 1666, 3802, 2364, 1932, 1959, 1979, 2007, 4434, 1575, 2986, 2869, 2518, 1838, 1908, 1977, 2018, 1932, 2114, 1914, 2468, 3061, 2735","2649, 2708, 2227, 2384, 2235, 2108, 2114, 2228, 2028, 2582, 3175, 2849"
1662,هل دعاء المرأة الحائض مستجاب؟,50,190,120,2,0,10,,,2026-05-06 20:39:50,"AI Overview,Thumbnail,People also ask,Sitelinks",40,20,70,2020-07-28,,
1663,دعاء نصف رمضان,50,150,450,1,0,60,,,2026-05-09 8:44:05,"People also ask,Image pack,Video preview",600,30,400,2016-06-19,,
1664,الحمد لله على السلامة بعد إجراء العملية,50,100,3500,1,0,1900,0.15,,2026-05-23 7:50:11,"AI Overview,Thumbnail,People also ask,Image pack,Videos,Video preview",3600,3000,3400,2020-04-13,"2542, 3323, 3346, 2970, 3617, 3311, 2802, 2693, 2217, 1486, 1748, 1754, 988, 1529, 1802, 1893, 2324, 2306, 2398, 1982, 1867, 1894, 1703, 2096","1927, 1871, 2037, 1966, 2179, 2231, 2119, 1986, 1870, 1896, 1704, 2097"
1665,دعاء يبطل السحر فورًا,50,1200,200,1,0,50,0.8,,2026-05-27 15:27:15,"AI Overview,Video preview,Thumbnail,People also ask,Image pack",1200,10,200,2020-08-31,,
1666,دعاء لوقف النزيف مفاتيح الجنان,50,250,10,1,0,50,,,2026-05-11 12:33:31,"AI Overview,People also ask,Image pack",250,10,10,2016-12-03,,
1667,ادعية تحصين النفس,50,1100,350,1,0,1400,0.08,0.8,2026-05-21 16:53:35,"Image pack,People also ask,Video preview",3100,4200,11000,2015-10-02,"1733, 1734, 1750, 1422, 1409, 1712, 1403, 1681, 1127, 1134, 1662, 1677, 1348, 1674, 1370, 1367, 1365, 1345, 1174, 1387, 1228, 1285, 1301, 1417","1359, 1476, 1416, 1336, 1347, 1395, 1373, 1455, 1299, 1355, 1372, 1488"
1668,دعاء عبد الرحمن,50,600,300,2,0,30,,0.63,2026-05-12 22:52:40,"People also ask,Knowledge panel,Thumbnail,Image pack,Video preview",500,20,150,2015-09-05,,
1669,دعاء لراحة القلب والفكر,50,260,80,2,0,40,,,2026-05-26 14:46:57,"AI Overview,Thumbnail,People also ask,Image pack,Videos",200,20,40,2016-11-30,,
1670,اللهم رب جبرائيل,50,260,6700,8,0,1100,0.15,,2026-05-28 0:29:25,"Image pack,People also ask,Video preview",1900,500,900,2015-10-09,"2055, 1644, 1431, 1309, 1969, 1571, 2997, 1739, 1918, 1900, 1157, 1058, 1088, 808, 1113, 1245, 744, 910, 1409, 1045, 1346, 1270, 993, 223","1532, 1296, 1409, 1237, 1199, 1158, 1657, 1325, 1310, 1763, 1513, 1742"
1671,الاستغفار الصحيح,50,250,100,1,1,500,0.25,,2026-05-28 8:15:25,"AI Overview,People also ask,Image pack,Video preview",4300,300,1400,2016-01-10,"540, 575, 490, 367, 523, 431, 462, 463, 426, 647, 525, 451, 431, 583, 592, 511, 466, 470, 511, 490, 470, 573, 501, 485","519, 568, 544, 488, 516, 502, 537, 515, 496, 599, 526, 511"
1672,دعاء اصلاح الحال,50,80,70,1,0,30,,,2026-05-12 2:13:16,"AI Overview,Video preview,Thumbnail,People also ask,Image pack",100,200,800,2015-09-11,"65, 55, 102, 53, 59, 47, 0, 15, 21, 31, 11, 17, 10, 14, 16, 8, 19, 8, 36, 45, 63, 67, 51, 61",
1673,زيارة شهداء أحد مفاتيح الجنان,50,50,20,1,0,100,,,2026-05-23 20:19:34,"People also ask,Sitelinks,Video preview",100,250,250,2020-07-30,,
1674,دعاء ادريس ابكر مكتوب,50,90,10,1,0,50,,,2026-06-03 18:58:54,"Video preview,Image pack",90,10,10,2015-10-25,,
1675,لا تجعلوا دعاء الرسول بينكم كدعاء بعضكم بعضا,50,250,150,1,0,50,,,2026-05-21 20:38:36,"AI Overview,People also ask,Image pack",250,30,150,2015-11-11,,
1676,يوم الترويه دعاء,50,150,400,1,0,50,,,2026-05-19 3:28:59,"AI Overview,Thumbnail,Image pack,People also ask,Videos",100,700,1200,2020-07-28,,
1677,دعاء لرفع المشيمة,50,250,30,1,0,50,,,2026-05-12 12:55:34,"Image pack,People also ask,Video preview",250,10,30,2020-04-18,,
1678,دعاء دخول الاختبار,50,90,2550,4,0,2100,0.03,0.77,2026-05-30 0:32:02,"AI Overview,Thumbnail,People also ask,Video preview,Image pack",2800,13000,30000,2015-10-10,"1853, 162, 161, 1327, 4228, 2982, 5962, 1458, 2549, 1562, 2138, 5788, 1267, 1122, 141, 1053, 2378, 1759, 3639, 1512, 2190, 2306, 2119, 3178","2738, 937, 832, 1335, 3161, 2953, 3678, 1619, 2296, 2414, 2226, 3286"
1679,دعاء العشر الوسطى من رمضان,50,200,70,1,0,50,,,2026-05-18 23:22:13,"People also ask,Video preview",200,30,70,2017-06-05,,
1680,دعاء لأختي بالتوفيق,50,150,20,1,0,50,,,2026-06-06 8:39:48,"AI Overview,Thumbnail,People also ask,Image pack,Video preview",150,10,20,2015-12-22,,
1681,دعاء السفو,50,900,700,1,0,600,0.02,,2026-05-21 2:20:20,Video preview,1100,3700,9700,2017-04-27,"769, 789, 748, 518, 446, 763, 514, 760, 529, 771, 635, 509, 632, 783, 805, 451, 448, 675, 543, 671, 523, 734, 621, 574","640, 745, 799, 527, 528, 692, 614, 710, 616, 731, 721, 626"
1682,دعاء القنوت مكتوب كاملا,50,350,900,1,2,1500,0.03,,2026-06-02 15:59:23,"AI Overview,Thumbnail,Image pack,People also ask,Video preview",8600,7400,13000,2017-05-24,"210, 167, 145, 160, 190, 190, 236, 217, 521, 23031, 123, 128, 121, 108, 105, 121, 156, 86, 107, 178, 356, 15174, 1834, 2173","104, 101, 100, 109, 140, 72, 175, 122, 226, 15797, 5469, 657"
1683,دعاء لأختي بالسعادة,50,260,100,4,0,20,,,2026-05-18 9:09:01,"AI Overview,Thumbnail,People also ask,Video preview,Image pack",90,10,20,2017-02-09,,
1684,تجربتي مع دعاء التعار من الليل,50,70,20,1,0,50,,,2026-06-06 11:46:16,"People also ask,Image pack,Video preview",70,20,20,2015-10-27,,
1685,دعاء بداية الدرس,50,180,400,2,0,30,,,2026-05-17 19:38:55,"AI Overview,People also ask,Image pack",80,20,200,2016-10-21,,
1686,دعاء عبدالله,50,150,10,1,0,50,,,2026-05-08 20:04:06,"Thumbnail,People also ask,Image pack",150,10,10,2015-11-09,,
1687,دعاء عن النظافة,50,160,50,3,0,30,,1.83,2026-05-28 7:32:33,"AI Overview,Thumbnail,People also ask,Video preview,Image pack",90,20,30,2015-10-19,"3, 2, 124, 201, 110, 50, 79, 46, 11, 2, 84, 41, 2, 7, 12, 82, 74, 49, 21, 40, 9, 28, 27, 56","1, 1, 4, 66, 95, 33, 65, 45, 14, 33, 32, 61"
1688,هل دعوة الحامل مستجابة,50,100,100,1,0,20,,,2026-05-19 16:33:22,"AI Overview,People also ask",150,40,150,2017-02-13,,
1689,دعاء بالصور عن الام,50,630,80,2,0,50,,,2026-05-27 14:44:10,"Image pack,People also ask,Video preview",600,10,40,2020-07-19,,
1690,دعاء المرور من المقبرة,50,60,70,1,0,50,,,2026-06-07 5:55:21,"AI Overview,Thumbnail,People also ask,Image pack,Video preview",60,60,70,2020-05-24,,
1691,دعاء للمريض في رمضان,50,110,110,2,1,50,0.01,,2026-05-11 1:03:21,"People also ask,Image pack",100,30,80,2016-06-17,,
1692,دعاء عند نزول المطر للرزق,50,270,2800,2,0,1600,,,2026-05-23 7:27:58,"AI Overview,Thumbnail,People also ask,Videos,Image pack,Video preview",5200,500,700,2019-01-27,"80, 150, 10831, 341, 641, 420, 103, 772, 641, 13297, 144, 80, 13, 82, 525, 87, 35, 337, 12838, 123, 780, 3937, 2252, 895","1129, 1407, 3013, 442, 722, 3713, 839, 1265, 659, 3666, 2150"
1693,دعاء لكشف خيانة الزوج,50,250,40,2,0,10,0.5,,2026-06-01 7:35:24,"AI Overview,People also ask,Videos,Image pack,Video preview",70,30,60,2020-02-20,,
1694,28 رمضان,50,400,100,1,0,200,,,2026-05-15 17:33:42,"People also ask,Video preview",600,150,200,2016-02-12,,
1695,دعاء 26 رمضان,50,700,30,1,0,30,,,2026-05-19 10:52:34,"AI Overview,People also ask,Image pack,Video preview",300,10,60,2017-06-19,,
1696,دعاء آخر الليل لتفريج الهم,50,150,30,1,0,50,,,2026-06-02 13:23:23,"AI Overview,Thumbnail,People also ask,Videos,Image pack,Sitelinks",150,20,30,2020-06-03,,
1697,دعاء قبل دخول العملية,50,280,3400,3,0,20,,,2026-06-03 1:29:21,"AI Overview,Thumbnail,People also ask,Image pack,Video preview",150,50,1100,2016-01-21,,
1698,دعاء للاخره,50,90,350,2,0,100,,,2026-05-21 7:47:40,"AI Overview,People also ask,Image pack,Video preview",150,100,150,2016-11-15,,
1699,دعاء بعد صلاه التراويح,50,100,250,1,0,50,,,2026-05-10 5:21:48,"AI Overview,Thumbnail,Image pack,People also ask,Sitelinks,Video preview",100,80,250,2020-04-23,,
1700,دعاء اتخاذ قرار الطلاق,50,150,150,1,0,10,,,2026-06-05 17:28:12,"Featured snippet,People also ask,Video preview,Image pack",50,0,20,2021-06-21,,
1701,فضل دعاء اللهم اغفر لي وَلِوَالِدَيَّ وَلِلْمُؤْمِنِينَ والمؤمنات,50,70,40,2,0,50,,,2026-06-07 15:29:20,"AI Overview,Thumbnail,People also ask,Image pack,Video preview",70,20,20,2020-04-04,,
1702,دعاء فاطمة الزهراء لتسهيل الولادة,50,150,250,1,0,50,,,2026-05-18 11:23:59,"AI Overview,People also ask,Video preview,Image pack",150,90,250,2020-03-21,,
1703,دعاء الفرج يوم الجمعة,50,100,30,1,0,50,,,2026-05-09 23:14:29,"AI Overview,Thumbnail,People also ask,Image pack,Video preview",100,20,30,2018-11-30,"140, 129, 141, 106, 86, 67, 55, 14, 15, 9, 37, 77, 12, 65, 27, 101, 112, 45, 27, 80, 30, 19, 22, 5",
1704,دعاء الرؤيا الصالحة,50,100,60,3,0,40,,,2026-05-13 23:33:47,"AI Overview,Video preview,People also ask,Image pack",60,20,20,2015-12-02,,
1705,دعاء للتخلص من وسواس المرض,50,190,70,2,0,20,,,2026-05-14 8:51:42,"AI Overview,People also ask,Image pack",90,0,30,2019-03-04,,
1706,آيات لنوم الطفل عن أهل البيت,50,250,60,1,0,20,,,2026-06-07 22:16:41,"AI Overview,Thumbnail,People also ask",70,80,450,2020-05-31,,
1707,دعاء الاغتسال من الجنابة,50,210,350,7,0,10,,,2026-06-03 19:58:55,"AI Overview,Thumbnail,Image pack,People also ask,Sitelinks,Video preview",30,10,50,2017-11-17,,
1708,دعاء لابي المتوفي في يوم عرفه,50,270,410,9,0,20,,,2026-06-05 1:25:25,"AI Overview,Thumbnail,People also ask,Image pack",100,10,40,2020-01-10,,
1709,دعاء للمطر,50,80,700,1,0,900,0.02,,2026-06-05 6:13:54,"AI Overview,Thumbnail,People also ask,Image pack,Video preview",2300,4500,25000,2015-11-16,"27, 51, 1722, 771, 1066, 1226, 51, 1458, 1212, 2845, 64, 42, 6, 27, 970, 205, 14, 1132, 3194, 1046, 1030, 1364, 1694, 511","152, 290, 546, 190, 718, 1880, 980, 1053, 1035, 1379, 1688, 509"
1710,دعاء لاهل القران,50,150,20,1,0,50,,,2026-05-19 6:04:51,"AI Overview,Thumbnail,People also ask,Image pack,Video preview,Sitelinks",150,20,20,2020-01-13,,
1711,دعاء الحاجة الشديدة,50,50,1600,1,0,700,0.03,,2026-05-22 9:41:39,"AI Overview,Thumbnail,Image pack,People also ask,Video preview,Sitelinks",6900,450,7000,2016-02-06,"1019, 839, 930, 938, 951, 1087, 876, 924, 862, 1122, 774, 900, 763, 801, 903, 885, 904, 727, 613, 613, 526, 614, 655, 596","536, 961, 807, 731, 771, 723, 657, 642, 551, 643, 686, 624"
1712,اللهم في يوم الترويه اروي قبور موتانا,50,150,70,1,0,30,,,2026-06-05 11:07:31,"Thumbnail,People also ask,Image pack",50,10,10,2020-07-28,,
1713,دعاء يوم الاربعاء وزيارته,50,230,250,2,0,40,,,2026-06-06 12:20:54,Image pack,80,20,100,2015-11-18,,
1714,دعاء للحصول على منزل جديد,50,200,200,3,2,50,,,2026-05-11 12:08:57,"AI Overview,Video preview,People also ask,Image pack",200,40,80,2020-01-10,"480, 127, 125, 87, 117, 72, 53, 28, 6, 163, 30, 38, 256, 62, 18, 10, 7, 8, 45, 26, 54, 95, 10, 0",36
1715,دعاء التوبة من ترك الصلاة,40,200,20,1,0,40,,,2026-05-26 3:44:42,"AI Overview,Thumbnail,People also ask,Image pack",200,10,20,2018-03-23,"229, 196, 241, 209, 223, 219, 120, 64, 88, 174, 97, 109, 99, 18, 25, 46, 20, 26, 15, 26, 20, 27, 5, 19",
1716,دعاء كثير البركات,40,100,20,1,0,40,,,2026-05-06 13:10:54,"People also ask,Thumbnail",100,10,20,2016-01-09,,
1717,دعاء اليوم التاسع والعشرين من رمضان,40,500,60,1,0,40,,,2026-05-13 5:36:18,People also ask,500,20,60,2016-07-04,,
1718,اللهم ياولي نعمتي وملاذي عند كربتي,40,40,800,2,0,350,0.1,0.74,2026-06-02 19:24:25,"Image pack,People also ask,Videos,Video preview",400,350,350,2015-10-21,"339, 445, 511, 585, 289, 348, 256, 301, 217, 338, 420, 427, 329, 433, 497, 570, 282, 340, 250, 295, 213, 331, 412, 420","324, 426, 490, 562, 279, 336, 247, 292, 210, 328, 408"
1719,دعاء نية صيام رمضان,40,190,1800,2,0,250,,,2026-05-13 5:07:56,"AI Overview,Image pack,People also ask",2300,10,300,2016-06-05,"5, 5, 6, 6, 6, 6, 6, 12, 1996, 418, 496, 180, 170, 170, 169, 169, 169, 169, 168, 172, 1252, 1, 325, 256","257, 258, 259, 260, 261, 263, 264, 265, 334, 399, 345, 284"
1720,دعاء لحفظ ابني من كل شر,40,610,2000,2,0,200,0.02,,2026-05-13 2:03:54,"AI Overview,Thumbnail,People also ask,Image pack",1100,100,900,2021-06-23,"937, 574, 685, 701, 832, 884, 662, 652, 355, 1363, 369, 395, 304, 181, 119, 173, 149, 113, 288, 214, 73, 75, 56, 69",
1721,دعاء الشفاء لنفسي حالات واتس,40,450,1600,1,0,150,,,2026-05-16 10:57:54,"AI Overview,Thumbnail,People also ask,Image pack",2100,400,900,2021-11-30,,
1722,دعاء رؤية الهلال عند الشيعة,40,200,150,1,0,40,,,2026-05-27 15:58:02,"AI Overview,Thumbnail,People also ask,Image pack,Sitelinks",200,20,150,2016-06-05,,
1723,دعاء الشكر للمولود الجديد,40,100,100,1,0,40,0.45,,2026-05-27 4:26:36,"AI Overview,Thumbnail,People also ask,Image pack",150,150,500,2017-02-14,,
1724,دعاء لاخواتي في يوم عرفه,40,150,30,1,0,40,,,2026-06-02 2:15:04,"AI Overview,Thumbnail,People also ask,Image pack,Videos",150,20,30,2020-07-26,,
1725,دعاء لجم العدو وقهره,40,160,130,2,0,30,,,2026-05-09 20:33:31,"Image pack,People also ask",150,40,70,2016-03-09,,
1726,دعاء قيام الليل للزواج,40,910,500,2,0,40,,,2026-05-27 20:04:52,"AI Overview,People also ask,Image pack,Video preview",900,10,300,2015-11-23,,
1727,دعاء الضباب,40,200,50,1,0,40,,,2026-06-02 17:22:21,"AI Overview,Thumbnail,People also ask,Video preview,Image pack",200,10,50,2020-01-11,,
1728,هل دعاء الزوج لزوجته مستجاب,40,60,10,2,0,20,,,2026-05-17 10:58:27,"AI Overview,People also ask,Sitelinks",20,0,0,2016-12-25,,
1729,دعاء الحرب والنصر,40,600,20,1,0,40,,,2026-05-28 7:30:46,"AI Overview,People also ask,Image pack",600,10,20,2017-04-23,"89, 102, 58, 154, 200, 82, 81, 4, 7, 17, 16, 11, 33, 30, 7, 2, 12, 6, 0, 25, 76, 222, 24, 0",83
1730,دعاء الركن اليماني,40,40,100,1,0,500,,,2026-05-22 17:14:13,"AI Overview,Image pack,People also ask,Video preview",600,250,250,2015-10-28,"319, 401, 402, 279, 404, 417, 496, 609, 423, 1351, 275, 339, 411, 496, 507, 415, 488, 468, 506, 610, 492, 1102, 467, 399","464, 508, 532, 455, 516, 530, 561, 646, 557, 1100, 573, 431"
1731,دعاء للمريض بالشفاء,40,60,11000,2,1,7400,0.01,0.66,2026-06-09 8:55:08,"AI Overview,Thumbnail,People also ask,Video preview,Image pack,Sitelinks",28000,55000,141000,2015-09-06,"7762, 8457, 8631, 7673, 8934, 8250, 7739, 10520, 9221, 9035, 7536, 7157, 7178, 7313, 7057, 6695, 6907, 8172, 7602, 7866, 6921, 7435, 8107, 6498","6342, 6569, 6310, 5986, 6173, 7476, 6896, 7129, 6219, 6747, 7445, 5818"
1732,دعاء للميت جدي,40,80,40,1,0,20,,,2026-05-26 14:02:15,"AI Overview,People also ask,Image pack",50,100,350,2016-02-03,,
1733,بيت جديد,40,70,750,3,6,450,0.04,0.4,2026-05-09 15:28:53,People also ask,1000,2200,2800,2015-09-02,"307, 366, 359, 298, 255, 368, 326, 391, 298, 360, 371, 452, 443, 449, 441, 438, 435, 430, 522, 496, 463, 471, 449, 471","475, 467, 456, 454, 451, 484, 518, 507, 474, 482, 460, 482"
1734,دعاء نزول المطر اللهم اسقنا الغيث,40,250,1500,2,0,40,,,2026-06-01 11:30:25,"AI Overview,Thumbnail,People also ask,Image pack,Video preview",250,20,800,2020-12-01,,
1735,دعاء رمضان طويل,40,200,50,1,0,40,,,2026-05-26 21:25:35,"AI Overview,Thumbnail,People also ask,Videos,Image pack,Sitelinks",90,11000,28000,2020-04-21,,
1736,دعاء صلاة الاستسقاء,40,80,40,1,0,350,0.07,0.77,2026-05-04 18:32:30,"AI Overview,People also ask,Video preview",400,150,200,2015-10-26,"14, 14, 11, 16, 53, 1690, 40, 31, 18, 14, 18, 22, 18, 23, 18, 14, 32, 3070, 50, 365, 197, 168, 152, 140","137, 145, 141, 150, 286, 1073, 494, 449, 192, 157, 142, 130"
1737,فقرة دعاء الصباح,40,150,10,1,0,40,,,2026-05-19 20:42:38,"Videos,Image pack,People also ask,Video preview,Sitelinks",150,0,10,2022-03-19,"1, 1, 14, 55, 38, 47, 58, 29, 9, 0, 83, 62, 0, 4, 33, 161, 105, 25, 16, 10, 13, 7, 7, 3",
1738,دعاء دخول الحرم ورؤية الكعبة,40,40,800,1,0,800,0.15,,2026-05-28 7:24:15,"AI Overview,People also ask,Image pack,Video preview",900,800,900,2016-07-23,"852, 861, 843, 845, 835, 1106, 1091, 1111, 1120, 2501, 501, 622, 618, 766, 500, 631, 767, 1101, 1097, 874, 759, 1074, 425, 421","360, 469, 274, 494, 665, 1003, 997, 833, 779, 2166, 346, 456"
1739,دعاء للفرج,40,200,3700,2,0,300,0.02,0.95,2026-05-07 0:03:39,"AI Overview,People also ask,Video preview",1900,250,3500,2015-09-03,"280, 355, 347, 294, 343, 339, 422, 399, 336, 405, 279, 326, 268, 329, 279, 270, 267, 264, 262, 277, 267, 302, 298, 281","264, 269, 263, 237, 270, 255, 268, 277, 267, 302, 298, 281"
1740,انتهت الاجازه,40,60,200,1,0,400,0.03,,2026-06-05 15:53:10,"Image pack,People also ask,Video preview",400,200,200,2015-10-03,"57, 71, 2803, 56, 36, 995, 26, 531, 35, 35, 1119, 26, 108, 40, 1763, 46, 36, 528, 47, 522, 145, 155, 853, 129","208, 178, 1469, 164, 160, 789, 165, 649, 252, 350, 704"
1741,دعاء صيام رمضان,40,250,600,1,0,250,0.07,,2026-05-21 12:31:01,"AI Overview,Image pack,People also ask",1000,250,1400,2016-06-05,"11, 6, 5, 6, 5, 5, 5, 11, 1947, 1889, 19, 6, 11, 7, 6, 6, 7, 6, 14, 107, 1484, 1511, 3, 93","125, 125, 122, 104, 99, 93, 95, 154, 598, 1347, 467, 195"
1742,تهنئة حفظ كتاب الله,40,100,400,1,0,200,0.03,,2026-05-03 15:10:22,"AI Overview,People also ask",400,500,700,2016-04-23,,
1743,دعاء الختمه,40,50,3000,1,20,4600,0.05,1.12,2026-06-01 7:24:17,"Image pack,Video preview,People also ask,Sitelinks",5800,10000,44000,2015-09-23,"2485, 998, 1452, 1460, 266, 264, 1519, 1516, 2082, 50596, 1592, 1108, 1619, 1061, 1868, 1515, 1588, 1108, 1121, 2625, 3255, 36334, 2339, 4676","4284, 1488, 2712, 2165, 3073, 2993, 3165, 3005, 3113, 14630, 13470, 4444"
1744,دعاء المجلس الجديد,40,50,60,1,0,40,,,2026-06-08 17:29:34,"AI Overview,Thumbnail,People also ask,Sitelinks,Video preview",50,0,60,2020-04-08,,
1745,دعاء للمتقاعد,40,40,20,1,0,40,,,2026-06-08 6:35:13,"AI Overview,Thumbnail,Image pack,People also ask,Video preview",40,10,20,2017-03-06,,
1746,دعاء اليوم التاسع من رمضان,40,300,250,1,0,200,,0.87,2026-05-11 8:55:49,"People also ask,Image pack,Thumbnail,Video preview",2100,10,70,2016-06-08,,
1747,دعاء نوح عليه السلام,40,360,150,3,0,10,,,2026-05-08 19:03:46,"AI Overview,Thumbnail,People also ask,Image pack,Sitelinks",80,10,40,2017-10-13,,
1748,دعاء بداية الدراسة,40,300,100,1,0,150,,,2026-06-06 13:47:40,"AI Overview,Thumbnail,Image pack,People also ask,Video preview",1500,400,2300,2016-01-17,,
1749,دعاء الاستفتاح من واجبات الصلاة القولية,40,40,20,2,0,30,,,2026-05-25 3:19:17,"AI Overview,People also ask,Videos,Sitelinks,Video preview",30,10,10,2020-10-30,,
1750,دعاء صلاة التراويح,40,150,1400,1,0,2100,0.01,1.22,2026-06-07 20:08:02,"AI Overview,Thumbnail,Image pack,Video preview,People also ask",3900,18000,26000,2015-10-08,"55, 24, 23, 27, 34, 34, 33, 38, 2179, 21363, 59, 37, 30, 16, 21, 20, 25, 30, 26, 51, 1825, 21206, 1694, 1804","1170, 5, 83, 99, 3, 151, 60, 45, 1820, 21203, 1691, 1801"
1751,دعاء ذو الحجة,40,150,300,1,0,150,,,2026-05-18 6:56:03,"AI Overview,People also ask,Video preview,Image pack",700,600,2200,2015-09-15,"1813, 3, 1, 1, 3, 2, 0, 0, 0, 0, 0, 1175, 471, 12, 8, 5, 7, 4, 4, 3, 0, 3, 11, 10",
1752,دعاء لشخص تحبه في المطر تويتر,40,70,10,1,0,40,,,2026-05-10 15:13:33,"AI Overview,Thumbnail,People also ask",70,10,10,2021-09-05,,
1753,دعوة المظلوم,40,100,1700,1,2,1500,0.02,0.52,2026-05-20 6:08:42,"AI Overview,People also ask,Image pack,Video preview",6100,400,1100,2015-09-01,"1797, 1502, 1594, 1578, 1658, 1621, 1386, 1607, 1329, 1479, 1703, 1732, 1739, 1444, 1537, 1520, 1601, 1564, 1330, 1550, 1273, 1423, 1647, 1676","1684, 1389, 1481, 1465, 1546, 1509, 1275, 1495, 1219, 1369, 1593, 1622"
1754,دعاء التراويح السديس مكتوب كامل,40,40,60,2,0,200,,,2026-05-21 16:34:51,"AI Overview,Video preview,Image pack,People also ask",600,900,1000,2021-04-29,"44, 23, 25, 27, 35, 45, 45, 79, 287, 3903, 55, 55, 66, 16, 32, 52, 59, 39, 53, 205, 246, 842, 644, 227","260, 235, 227, 246, 247, 237, 258, 263, 304, 900, 702, 285"
1755,دعاء طلب الرزق,40,50,100,1,10,1000,0.07,0.85,2026-05-28 18:58:07,"AI Overview,People also ask,Image pack,Video preview,Thumbnail",2100,4100,7900,2015-09-18,"1212, 1036, 1037, 1034, 1197, 1193, 1177, 1420, 1397, 2236, 661, 831, 807, 825, 861, 839, 866, 999, 1021, 987, 968, 1201, 1226, 1085","996, 1127, 967, 927, 952, 970, 1050, 1022, 1003, 1235, 1261, 1120, 1031"
1756,دعاء لفك الكرب الشديد,40,160,50,2,0,500,0.04,,2026-05-10 9:12:35,"AI Overview,Image pack,People also ask,Video preview",3800,300,2200,2016-09-20,"783, 813, 808, 725, 826, 794, 576, 682, 530, 662, 460, 684, 447, 691, 654, 523, 437, 359, 391, 399, 385, 480, 394, 445","408, 410, 444, 397, 414, 437, 357, 381, 369, 463, 377, 428"
1757,دعاء ركوب السيارة للاطفال,40,80,50,1,0,40,,,2026-05-30 6:35:15,"Video preview,Image pack,People also ask",80,20,50,2015-09-30,,
1758,دعاء النصر على الحساد والأعداء والكارهين والحاقدين ودفع أذاهم,40,100,30,1,0,30,,,2026-05-24 5:10:08,"AI Overview,Thumbnail,People also ask,Videos,Image pack",90,300,800,2020-08-18,,
1759,الدعاء على من سحرني وظلمني,40,150,150,3,0,30,,,2026-05-14 2:36:21,"AI Overview,Thumbnail,Image pack,People also ask,Video preview",100,20,50,2020-07-30,,
1760,دعاء اخر السنه,40,200,40,1,0,30,,,2026-05-08 20:35:47,"People also ask,Image pack,Video preview,Thumbnail",100,10,20,2015-10-09,,
1761,دعاء لشخص,40,150,0,1,0,2000,0.08,0.89,2026-05-29 3:06:14,"AI Overview,People also ask,Image pack,Video preview,Thumbnail",3600,9100,14000,2015-09-23,"3536, 2407, 2423, 1989, 2442, 2401, 1966, 1989, 1960, 6700, 1586, 1922, 2182, 1633, 1654, 1317, 1310, 1608, 1631, 1516, 1686, 6401, 1116, 2207","2064, 1870, 1903, 1476, 1272, 1774, 1847, 1501, 1722, 6426, 1142, 2231"
1762,دعاء القبول والجمال,40,400,90,1,0,20,,,2026-05-10 8:57:43,"AI Overview,Thumbnail,Video preview,Image pack,People also ask",250,90,700,2020-08-22,,
1763,دعاء يستجاب له كالسحر,40,200,70,1,0,40,,,2026-05-23 21:00:16,"AI Overview,Thumbnail,People also ask,Videos,Image pack",200,20,70,2016-05-13,,
1764,دعاء السديس ليلة القدر,40,100,10,1,0,20,,,2026-06-08 7:24:30,"Video preview,People also ask",30,20,20,2016-06-15,,
1765,اللهم في اول جمعه من رمضان,40,250,110,2,0,30,,,2026-05-28 13:21:00,"People also ask,Videos,Image pack,Video preview",80,10,40,2020-04-23,,
1766,دعاء لامي في العشر الاواخر من رمضان,40,200,20,1,0,40,,,2026-05-21 12:21:14,"AI Overview,Thumbnail,People also ask,Video preview,Image pack",200,0,20,2020-05-12,,
1767,دعاء للتوفيق في الدراسة,40,1800,20,1,0,300,,,2026-05-09 2:07:24,"AI Overview,People also ask,Image pack,Video preview",3200,11000,50000,2016-02-29,"573, 205, 568, 570, 700, 561, 548, 308, 554, 557, 376, 578, 432, 133, 319, 307, 309, 198, 480, 177, 242, 281, 264, 248","249, 112, 188, 282, 362, 431, 293, 136, 207, 245, 231, 212, 216"
1768,٤ رمضان,40,200,500,1,0,450,,,2026-05-12 18:34:21,"People also ask,Video preview",900,70,70,2016-09-26,"4, 4, 4, 4, 4, 4, 4, 9, 31, 3628, 5, 223, 169, 155, 151, 163, 165, 167, 169, 176, 191, 3490, 80, 239","233, 229, 228, 219, 218, 217, 216, 218, 226, 2872, 957, 295"
1769,دعاء اللهم امدد لي في عمري,40,450,300,1,0,40,,,2026-05-27 3:16:45,"Video preview,Image pack",450,30,300,2016-06-28,,
1770,دعاء لهداية الأبناء للصلاة,40,100,10,1,0,40,0.06,,2026-06-06 3:18:30,"AI Overview,People also ask,Image pack",100,10,10,2020-03-24,,
1771,دعاء عن الام,40,90,0,1,0,350,0.01,0.79,2026-05-27 4:35:37,"AI Overview,People also ask,Video preview,Image pack",1100,1900,7500,2015-09-07,"505, 495, 599, 658, 651, 496, 577, 574, 357, 677, 431, 456, 302, 252, 310, 377, 450, 365, 301, 292, 261, 372, 279, 233","180, 170, 160, 188, 196, 167, 149, 126, 105, 139, 95, 70"
1772,دعاء للوالدين المتوفين بالصور,40,150,30,1,0,40,,,2026-05-17 21:45:03,"Image pack,Thumbnail",150,10,30,2015-09-04,"4, 6, 11, 6, 2, 1, 1, 1, 0, 2, 0, 9, 14, 36, 36, 25, 57, 52, 60, 45, 75, 56, 31, 0",30
1773,دعاء لأختي المتوفية يوم الجمعة,40,110,100,2,0,40,,,2026-05-21 16:50:01,"AI Overview,Thumbnail,Image pack,People also ask,Video preview,Sitelinks",100,10,50,2021-11-19,,
1774,دعاء السجود بالقران,40,150,450,1,0,20,0.04,,2026-05-17 16:52:00,"AI Overview,Video preview,Thumbnail,Image pack,People also ask",30,1400,3200,2016-05-12,,
1775,اللهم اجعل القرآن ربيع قلبي,40,40,60,2,0,900,,0.33,2026-05-28 3:01:41,"AI Overview,People also ask,Image pack,Video preview",900,100,150,2015-09-10,"1090, 537, 666, 905, 930, 873, 602, 493, 415, 954, 1181, 1386, 1160, 607, 735, 975, 1000, 943, 672, 563, 485, 1024, 1251, 1456","1230, 676, 805, 1045, 1070, 1013, 742, 632, 555, 1094, 1321, 1526"
1776,دعاء غير الله من الأموات شرك أكبر,40,40,10,1,0,40,,,2026-06-07 14:48:28,"AI Overview,Thumbnail,People also ask,Sitelinks,Video preview",40,10,10,2022-04-05,,
1777,رمضان دعاء,40,60,900,1,0,200,,,2026-05-18 8:37:55,"AI Overview,People also ask,Image pack,Video preview",600,11000,29000,2016-06-05,,
1778,دعاء التسخير والتوفيق,40,110,120,2,0,400,,,2026-05-05 6:25:20,"People also ask,Video preview",450,600,3300,2020-01-12,"166, 128, 272, 114, 135, 101, 376, 299, 151, 496, 309, 494, 459, 769, 518, 427, 413, 274, 283, 218, 237, 237, 242, 208","173, 147, 150, 162, 162, 180, 228, 174, 169, 190, 180, 160"
1779,دعاء وقت المطر تويتر,40,60,30,1,0,20,,,2026-05-21 21:32:01,,30,10,20,2019-11-14,,
1780,دعاء للحامل التعبانة,40,450,150,1,0,40,,,2026-05-07 11:19:35,"AI Overview,Thumbnail,People also ask,Video preview",450,30,150,2020-05-16,,
1781,تشميت العاطس,40,100,80,1,0,350,,0.94,2026-05-13 7:22:05,"AI Overview,People also ask,Image pack,Video preview",800,300,450,2015-09-28,"340, 336, 337, 454, 405, 413, 418, 436, 342, 307, 371, 357, 279, 317, 286, 356, 401, 329, 342, 342, 343, 342, 322, 336","302, 304, 309, 345, 364, 351, 352, 341, 342, 341, 322, 336"
1782,دعاء العقيقة عند الشيعة,40,500,80,1,0,40,,,2026-05-08 21:10:43,"Image pack,People also ask",500,10,80,2019-03-09,,
1783,عبارات صباحيه تويتر,40,100,350,1,0,90,0.03,1.17,2026-05-25 16:24:19,People also ask,100,3500,7900,2015-09-29,"96, 107, 131, 99, 99, 99, 98, 86, 72, 11, 98, 87, 63, 74, 93, 93, 96, 118, 89, 85, 82, 76, 77, 106","93, 93, 90, 92, 116, 98, 90, 85, 82, 77, 77, 106"
1784,دعاء الحج مفاتيح الجنان,40,90,10,1,0,40,,,2026-06-08 12:38:28,"AI Overview,Thumbnail,People also ask,Image pack,Video preview",90,10,10,2020-05-05,,
1785,دعاء اليقين بالله,40,100,40,2,0,30,,,2026-06-04 0:28:18,"AI Overview,Thumbnail,People also ask,Video preview,Image pack",70,10,30,2016-03-16,,
1786,دعاء التعب,40,650,80,2,0,30,,,2026-05-09 4:55:28,"AI Overview,Thumbnail,Image pack,People also ask",600,0,20,2016-02-27,,
1787,دعاء المظلوم من القرآن,40,200,1000,1,0,250,,,2026-05-11 23:33:25,"AI Overview,People also ask,Image pack,Video preview",1300,200,1100,2020-03-20,"711, 707, 496, 518, 629, 619, 605, 626, 453, 550, 294, 357, 293, 330, 240, 217, 197, 210, 196, 212, 180, 193, 76, 145",
1788,اللهم اني اسألك الثبات في الامر,40,80,1000,1,0,1700,0.15,0.98,2026-06-06 9:40:06,"Image pack,People also ask,Video preview,Thumbnail",3800,450,1000,2015-10-06,"1335, 1140, 1154, 1175, 1188, 942, 1108, 1089, 586, 933, 1684, 899, 1674, 1147, 1102, 1355, 3826, 2003, 1128, 1838, 1295, 1681, 2658, 2040","1789, 1311, 1598, 1261, 1810, 1015, 1310, 1190, 1064, 1372, 2487, 1869"
1789,دعاء حسن الظن بالله,40,90,10,1,0,40,,,2026-05-09 16:43:16,"AI Overview,Video preview,People also ask,Image pack",90,10,10,2015-12-15,,
1790,دعاء لخطيبي,40,1500,200,1,0,40,,,2026-06-04 16:21:54,"AI Overview,Thumbnail,People also ask,Image pack,Video preview",1500,20,200,2015-09-27,,
1791,دعاء استخارة الزواج,40,50,2300,1,4,500,0.02,,2026-05-23 4:44:16,"AI Overview,People also ask,Video preview,Image pack",2000,450,2300,2015-09-02,"494, 613, 585, 474, 460, 490, 477, 478, 387, 497, 515, 493, 491, 612, 611, 584, 496, 491, 611, 509, 522, 531, 499, 544","691, 708, 633, 621, 597, 544, 566, 545, 559, 568, 534, 582"
1792,جوامع الدعاء للأبناء بالتوفيق,40,60,600,1,0,80,,,2026-05-26 3:51:00,"AI Overview,Thumbnail,Video preview,People also ask,Image pack,Videos",150,150,600,2021-09-28,,
1793,دعاء اليوم السابع من رمضان,40,300,300,1,0,200,0.03,0.52,2026-05-14 3:59:53,"AI Overview,People also ask,Image pack,Video preview",2000,0,150,2016-06-11,,
1794,بداية الدعاء,40,50,80,1,1,700,0.2,,2026-05-21 14:27:12,"People also ask,Image pack,Video preview",900,500,500,2015-09-23,"2803, 419, 420, 404, 424, 491, 422, 397, 406, 2797, 255, 486, 2269, 372, 370, 305, 296, 291, 329, 397, 406, 2561, 576, 469","2344, 419, 380, 325, 321, 331, 350, 400, 407, 2575, 561, 472"
1795,اسلوب الدعاء,40,50,10,1,0,60,,,2026-05-09 0:18:20,"AI Overview,Image pack,People also ask",70,10,10,2016-02-07,"64, 8, 108, 132, 39, 42, 104, 53, 135, 58, 69, 26, 79, 22, 49, 136, 74, 37, 80, 122, 39, 13, 14, 5",
1796,ادعية وقت المطر,40,500,1800,1,0,800,0.03,,2026-05-23 4:03:35,"AI Overview,People also ask,Video preview,Image pack",1400,2800,5900,2015-09-10,"71, 167, 1584, 865, 843, 548, 165, 1318, 871, 1599, 206, 112, 13, 54, 838, 134, 36, 712, 3228, 1798, 612, 1277, 702, 371","123, 281, 921, 252, 450, 982, 1534, 1018, 492, 1108, 559, 244"
1797,دعاء الاربعين,40,300,90,1,0,40,,,2026-05-24 8:52:32,"AI Overview,Thumbnail,People also ask,Videos,Image pack,Video preview",300,0,90,2015-10-22,,
1798,ادعية السحر في شهر رمضان,40,300,200,1,0,30,,,2026-06-02 5:37:49,"AI Overview,Thumbnail,Videos,People also ask,Image pack,Video preview",250,60,150,2016-06-07,,
1799,دعاء لرؤية ماتريد في المنام مجرب,40,510,180,2,0,40,,,2026-05-14 22:23:06,"AI Overview,Thumbnail,People also ask,Video preview",500,10,90,2018-09-27,,
1800,دعاء للخلاص من شخص مؤذي,40,190,40,2,0,30,,,2026-05-19 9:39:32,"AI Overview,Image pack,People also ask,Video preview,Videos",100,0,10,2015-12-31,,
1801,زيارة الحمزة,40,50,50,1,0,450,,,2026-06-05 9:41:22,,500,500,500,2015-09-20,"364, 460, 557, 307, 249, 460, 306, 555, 249, 137, 459, 248, 363, 845, 849, 191, 251, 475, 427, 460, 311, 291, 537, 360","408, 695, 672, 191, 295, 434, 412, 475, 370, 308, 444, 373"
1802,التضلع,40,50,250,1,0,300,,0.91,2026-05-27 16:11:08,"AI Overview,People also ask,Image pack,Video preview",300,350,400,2015-09-15,"239, 364, 368, 360, 356, 369, 359, 362, 216, 730, 300, 251, 250, 324, 316, 235, 301, 222, 284, 260, 247, 334, 294, 229","226, 258, 287, 229, 334, 259, 286, 253, 240, 323, 288, 223"
1803,دعاء من القرآن مستجاب,40,150,0,1,0,40,,,2026-05-26 22:33:15,"Featured snippet,People also ask,Videos,Sitelinks,Image pack",150,0,0,2022-05-29,"102, 40, 54, 45, 51, 21, 11, 7, 28, 88, 15, 46, 49, 26, 29, 17, 40, 24, 40, 44, 57, 86, 7, 1",32
1804,استوداع الابناء,40,300,300,2,0,350,0.3,,2026-05-07 3:27:04,People also ask,900,300,450,2015-09-03,"272, 278, 422, 619, 609, 498, 340, 454, 401, 256, 402, 324, 317, 268, 346, 506, 414, 424, 362, 354, 330, 291, 268, 292","260, 219, 288, 346, 312, 238, 226, 230, 199, 174, 149, 183"
1805,دعاء دخول عمر جديد,40,130,90,3,0,20,,,2026-05-27 18:15:34,"AI Overview,Thumbnail,People also ask,Image pack",40,10,30,2020-02-02,,
1806,دعاء بعد صلاة العصر,40,340,320,4,0,30,,,2026-05-22 9:32:10,"AI Overview,Thumbnail,People also ask,Video preview,Image pack",250,20,90,2016-08-06,,
1807,دعاء المذاكره,40,110,14300,3,0,5900,0.02,0.62,2026-06-01 6:54:25,"AI Overview,Image pack,People also ask,Thumbnail,Video preview",11000,1500,2400,2015-09-12,"6901, 1372, 1820, 7944, 10730, 7786, 13216, 3315, 10674, 3501, 6838, 11809, 5457, 1474, 1019, 3731, 9217, 4325, 8787, 5501, 7732, 5559, 6071, 8773","5915, 1863, 2072, 4575, 8945, 9182, 11161, 5687, 7915, 5743, 6256, 8958"
1808,دعاء اول يوم عمل,40,300,30,1,0,250,0.07,,2026-05-04 8:16:11,"AI Overview,People also ask,Video preview",700,500,1800,2016-05-15,"238, 247, 568, 314, 257, 320, 239, 224, 230, 98, 245, 192, 190, 151, 470, 299, 246, 246, 198, 210, 207, 143, 220, 201","218, 215, 489, 318, 260, 265, 221, 230, 228, 164, 241, 223"
1809,دعاء للاختبارات بالتوفيق للابناء,40,50,150,1,0,40,,,2026-05-27 17:14:10,"AI Overview,Thumbnail,People also ask,Sitelinks,Image pack,Video preview",50,30,150,2022-11-19,,
1810,دعاء العشر من ذي الحجة,40,100,1000,2,0,1100,,,2026-05-28 9:07:43,"AI Overview,People also ask,Image pack,Video preview",2700,900,2200,2015-09-14,"2149, 3650, 1447, 907, 415, 570, 533, 455, 536, 411, 592, 463, 2245, 3746, 1543, 1003, 511, 666, 630, 551, 633, 508, 689, 559","2342, 3843, 1640, 1099, 608, 763, 726, 648, 729, 604, 785, 656"
1811,دعاء رمضان.,40,150,1100,1,0,40,,,2026-05-20 14:34:18,"Video preview,People also ask,Videos,Sitelinks",60,50,900,2020-04-14,,
1812,دعاء عن الرفق,40,50,20,1,0,40,,1.24,2026-05-23 9:01:54,"AI Overview,Thumbnail,People also ask,Video preview,Image pack",50,20,20,2015-10-08,"6, 6, 6, 517, 122, 50, 145, 78, 6, 6, 95, 20, 6, 7, 7, 157, 83, 34, 14, 36, 38, 35, 38, 36",
1813,دعاء اليوم الثلاثين من رمضان,40,300,40,1,0,40,,,2026-05-21 1:28:46,"People also ask,Videos,Image pack",300,10,40,2016-06-08,,
1814,كيف انام بدون تفكير,40,200,300,1,0,250,0.02,,2026-05-17 6:25:06,"AI Overview,People also ask",1500,350,700,2015-09-09,"555, 566, 508, 445, 362, 345, 228, 227, 207, 311, 453, 443, 453, 443, 296, 196, 237, 191, 161, 182, 182, 187, 228, 221","219, 203, 206, 177, 169, 154, 148, 164, 163, 169, 210, 203"
1815,دعاء جميل لشخص,40,60,700,1,0,700,0.01,0.66,2026-06-02 23:52:53,"AI Overview,People also ask,Image pack,Video preview,Thumbnail",1600,9100,14000,2015-09-23,"983, 779, 976, 768, 983, 785, 943, 948, 765, 1494, 664, 765, 633, 685, 684, 558, 681, 680, 697, 677, 634, 858, 681, 718","658, 673, 644, 621, 646, 690, 674, 681, 652, 759, 749, 637"
1816,دعاء الحمى للاطفال,40,400,80,2,0,10,,,2026-05-26 17:19:25,"AI Overview,Thumbnail,Image pack,People also ask,Videos",100,0,60,2016-06-30,,
1817,ادعيه للعمره,40,300,3600,1,0,2000,0.07,0.85,2026-05-23 17:58:01,"Video preview,Image pack",2600,2000,2600,2015-11-10,"398, 2162, 2157, 1721, 1749, 2151, 2078, 2624, 1784, 7461, 966, 996, 517, 1857, 2199, 1442, 1708, 1784, 1754, 2328, 1569, 7748, 623, 1451","486, 1354, 2169, 1185, 1556, 1562, 1617, 2564, 1816, 7996, 872, 1703"
1818,دعاء شرب ماء زمزم للزواج,40,400,90,1,0,40,,,2026-06-08 11:56:28,"AI Overview,People also ask,Sitelinks,Video preview,Image pack",400,20,90,2016-08-04,,
1819,دعاء لمعلمة القران,40,300,100,1,0,40,,,2026-05-11 12:32:06,"AI Overview,Thumbnail,People also ask,Video preview,Image pack",300,20,100,2016-04-18,"193, 162, 170, 209, 349, 168, 57, 88, 115, 68, 49, 144, 48, 30, 40, 25, 63, 21, 25, 54, 26, 40, 9, 6",
1820,عبارات صباح الورد والياسمين,40,800,1400,1,0,100,,,2026-06-05 9:48:59,"AI Overview,Thumbnail,People also ask,Image pack",1500,20,150,2020-10-18,,
1821,ادعية الاختبار,40,70,100,1,0,350,0.02,0.97,2026-05-11 13:08:05,"AI Overview,People also ask,Image pack,Video preview",500,14000,32000,2015-10-25,"577, 80, 71, 276, 648, 859, 777, 174, 874, 174, 281, 653, 594, 83, 83, 151, 466, 235, 798, 593, 192, 110, 340, 519","593, 211, 222, 265, 470, 472, 649, 493, 320, 410, 388, 493"
1822,دعاء على الشخص الخبيث,40,70,10,1,0,40,,,2026-05-30 9:34:53,"Videos,People also ask,Image pack",70,10,10,2020-01-15,,
1823,دعاء البر,40,50,60,3,0,100,,,2026-06-08 5:12:03,"AI Overview,Thumbnail,Image pack,People also ask,Video preview,Sitelinks",150,250,350,2015-11-09,,
1824,دعاء الحوقلة,40,70,60,2,0,40,,,2026-05-09 7:34:38,"AI Overview,Video preview,People also ask,Image pack",60,20,30,2017-11-21,,
1825,دعاء لهداية الزوج من الخيانة,40,150,40,2,0,40,,,2026-06-01 18:43:35,"People also ask,Videos,Sitelinks",150,20,20,2021-04-16,,
1826,دعاء النشاط والقوة,40,290,140,2,0,40,,,2026-06-03 3:59:22,"AI Overview,Thumbnail,People also ask,Image pack,Video preview",250,20,70,2021-06-29,,
1827,يقرا دعاء الاستفتاح بعد تكبيرة الاحرام صح ام خطا,40,40,10,1,0,40,,,2026-05-20 20:47:41,"AI Overview,People also ask,Video preview,Sitelinks",40,10,10,2022-01-03,,
1828,دعاء القاموس,40,360,300,2,0,40,,0.95,2026-06-05 6:33:26,"People also ask,Image pack,Video preview",350,10,150,2015-11-01,,
1829,دعاء سليمان,40,900,120,2,0,10,,,2026-06-05 5:06:15,"AI Overview,Thumbnail,People also ask,Image pack,Video preview",70,10,40,2015-11-30,,
1830,دعاء النصف من شعبان,40,680,3500,2,0,400,,1.02,2026-05-10 4:42:14,"AI Overview,Image pack,People also ask,Video preview",9500,60,3300,2016-05-19,"2, 1, 1, 1, 1, 1, 1, 10, 5479, 17, 3, 2, 3, 1, 1, 1, 1, 1, 2, 160, 2801, 1824, 143, 160","144, 140, 136, 129, 125, 120, 116, 207, 2428, 1251, 376, 247"
1831,دعاء كميل اباذر,40,180,50,2,0,20,,0.89,2026-06-04 3:25:16,Video preview,30,10,10,2015-09-04,,
1832,دعاء عن الاخلاق,40,100,40,1,0,30,0.02,1,2026-06-07 21:42:10,"AI Overview,Thumbnail,Image pack,People also ask,Video preview",70,10,30,2015-10-20,"8, 8, 90, 112, 89, 40, 71, 37, 12, 8, 61, 43, 4, 8, 8, 77, 60, 36, 17, 36, 3, 15, 19, 44","2, 9, 1, 69, 50, 9, 31, 11, 1, 1, 10, 25"
1833,حديث الكساء,40,800,2000,1,0,900,0.02,0.88,2026-05-19 10:16:16,"Video preview,People also ask,Image pack",8800,250,1900,2015-09-01,"903, 880, 948, 797, 825, 876, 965, 937, 970, 977, 934, 830, 902, 879, 948, 796, 825, 876, 964, 936, 970, 977, 934, 830","902, 879, 948, 796, 825, 876, 964, 936, 969, 977, 934, 830"
1834,افضل دعاء لمن صنع لك معروفا,40,100,20,1,0,40,,,2026-05-17 9:25:59,"AI Overview,Thumbnail,People also ask,Image pack",100,20,20,2019-06-03,,
1835,اربط بين نوع دعاء المسألة ومثاله :,40,40,30,3,0,30,,,2026-05-25 4:02:44,"Videos,People also ask,Sitelinks,Video preview",30,10,10,2022-04-06,,
1836,اللهم بحق ليلتنا هذه,40,200,200,1,0,40,,,2026-05-07 1:19:58,"People also ask,Video preview",150,30,150,2016-05-21,,
1837,دعاء يجعل الملائكة توقظك لصلاة الفجر,40,450,80,1,0,40,,,2026-06-09 7:51:20,"AI Overview,Thumbnail,People also ask,Image pack,Video preview",450,10,80,2021-11-20,,
1838,اللهم اني اعوذ بك من عذاب القبر,40,100,160,3,0,100,,,2026-05-28 20:02:01,"Image pack,People also ask,Video preview,Sitelinks",500,30,50,2015-11-04,,
1839,دعاء السنة الجديدة للاصدقاء,40,270,750,3,0,30,,,2026-06-02 3:11:27,"Image pack,People also ask,Video preview",200,60,250,2020-08-17,,
1840,دعاء الانبياء المستجاب,40,150,10,1,2,40,0.02,,2026-06-02 8:15:43,"AI Overview,Thumbnail,Image pack,People also ask,Videos",150,0,10,2015-11-22,,
1841,دعاء الفتن,40,110,30,2,0,40,,,2026-05-12 4:30:28,"AI Overview,Thumbnail,People also ask,Image pack,Video preview",100,10,20,2015-10-17,,
1842,هل دعوة المريض مستجابة,40,80,400,2,0,100,,,2026-05-19 15:45:05,"AI Overview,Thumbnail,People also ask,Videos,Image pack",150,150,400,2017-02-25,,
1843,دعاء المريض قبل دخول غرفة العمليات,40,310,4400,4,0,20,,,2026-06-09 4:10:30,"AI Overview,Thumbnail,Image pack,People also ask,Video preview",100,60,1200,2018-01-06,"158, 323, 197, 312, 387, 202, 15, 14, 6, 7, 1, 2, 6, 25, 33, 17, 17, 21, 16, 20, 10, 5, 13, 3",
1844,دعاء للوطن في الحرب,40,280,50,2,0,30,,,2026-05-23 22:45:49,"AI Overview,Thumbnail,People also ask,Image pack,Videos",250,20,30,2020-03-05,"79, 61, 53, 166, 68, 34, 63, 8, 18, 26, 6, 26, 33, 16, 5, 12, 17, 3, 7, 11, 27, 154, 36, 14",
1845,دعاء عن الانضباط المدرسي,40,60,20,1,0,40,,,2026-05-22 9:03:58,"AI Overview,Thumbnail,Image pack,People also ask,Video preview",60,20,20,2022-03-23,,
1846,تحصين الزوج,40,210,90,2,0,50,0.45,,2026-05-06 14:27:35,"AI Overview,People also ask,Video preview",150,20,50,2015-09-30,,
1847,اللهم ادخلني مدخل صدق,40,90,10700,4,0,7200,0.15,0.61,2026-05-28 16:05:26,"Image pack,People also ask,Video preview",20000,800,2000,2015-09-11,"4420, 4480, 5627, 5486, 9905, 12439, 9808, 5466, 6789, 3662, 5587, 8304, 6682, 5334, 6752, 6916, 8220, 6830, 10325, 7501, 6541, 6727, 6348, 7670","8812, 7014, 7645, 8131, 9166, 8994, 9392, 8160, 7111, 7309, 6893, 8325"
1848,دعاء لزوجتي,40,220,90,2,0,1200,0.03,0.45,2026-05-29 0:54:27,"AI Overview,People also ask,Video preview,Videos,Image pack,Sitelinks",3900,800,1500,2015-10-20,"2511, 1168, 1147, 986, 1183, 1183, 1004, 1186, 995, 3245, 820, 986, 1891, 1008, 1014, 843, 995, 964, 1085, 1176, 1137, 1524, 1642, 1224","1495, 1472, 1157, 1081, 1143, 1172, 1203, 1224, 1185, 1572, 1689, 1272"
1849,دعاء للميت في العشر من ذي الحجة,40,170,200,2,0,30,,,2026-05-13 4:04:07,"People also ask,Thumbnail",150,20,100,2020-07-21,,
1850,صور دعاء للوالدين,40,150,20,1,0,40,,,2026-05-04 6:40:46,"Thumbnail,Sitelinks",150,20,20,2015-09-06,,
1851,رفع اليدين في الدعاء,40,100,160,2,3,80,,0.57,2026-06-05 22:06:18,"AI Overview,People also ask,Video preview,Image pack",350,40,100,2015-09-02,,
1852,١٢ رمضان,40,200,100,1,0,90,,,2026-06-08 23:02:40,People also ask,300,0,0,2019-05-17,,
1853,دعاء وجع الضرس,40,100,40,1,0,30,,,2026-06-04 1:21:32,"AI Overview,Thumbnail,People also ask,Image pack",150,20,100,2020-01-14,,
1854,عيد ميلادي,40,1300,29000,1,0,4500,0.05,0.32,2026-06-01 6:28:14,"People also ask,Image pack,Video preview",34000,2200,3600,2015-09-04,"5065, 6114, 5159, 5111, 6095, 5108, 6157, 6078, 4979, 3558, 5066, 5191, 5067, 5019, 4849, 3911, 4697, 3898, 4904, 4523, 4351, 4037, 3737, 4143","4202, 4302, 4494, 4201, 4676, 4353, 4753, 4488, 4319, 4002, 3705, 4110"
1855,دعاء الامام الحسين,40,910,160,2,0,40,0.2,,2026-05-15 2:24:34,"Image pack,People also ask,Video preview",900,0,80,2015-10-21,,
1856,دعاء الامن والامان,40,250,20,1,0,40,,0.89,2026-05-23 8:53:26,"AI Overview,Thumbnail,People also ask,Image pack,Videos",250,10,20,2015-12-27,"45, 30, 17, 72, 52, 16, 56, 16, 44, 42, 11, 23, 130, 12, 5, 35, 15, 34, 16, 32, 63, 62, 52, 44","52, 27, 35, 54, 40, 27, 32, 32, 54, 54, 46, 39"
1857,دعاء العقيقة,40,170,350,2,0,100,0.01,0.94,2026-05-26 17:57:09,"AI Overview,Thumbnail,People also ask,Image pack",900,150,2100,2015-12-22,"100, 131, 133, 132, 167, 157, 131, 110, 139, 141, 110, 115, 87, 112, 107, 132, 115, 140, 116, 124, 123, 131, 115, 114","112, 115, 115, 116, 126, 128, 129, 122, 121, 129, 113"
1858,مفاتيح الجنان,40,500,30,1,0,1200,0.05,0.91,2026-05-19 0:33:25,"Video preview,Knowledge panel,Image pack",7700,200,2900,2015-09-04,"1626, 1275, 1081, 867, 673, 830, 665, 1134, 1247, 1380, 2290, 725, 1816, 1260, 1155, 919, 699, 875, 709, 1204, 1302, 1360, 2370, 745","1731, 1325, 1141, 914, 706, 873, 702, 1195, 1310, 1434, 2401, 759"
1859,دعاء النصر والفرج,40,200,250,1,0,100,0.04,,2026-05-16 5:53:26,"AI Overview,People also ask,Image pack,Sitelinks,Video preview",450,100,250,2015-11-05,,
1860,اخر جمعه من شهر شعبان,40,200,90,1,0,80,,,2026-06-07 8:09:58,"Image pack,People also ask",300,200,250,2020-04-16,,
1861,دعاء ل ابي المريض,40,220,0,6,0,,,,2023-06-22 0:34:08,Image pack,30,3500,,2020-01-11,,
1862,دعاء لاختي,40,120,1400,5,0,600,0.03,0.73,2026-05-26 0:26:34,"AI Overview,People also ask,Image pack,Video preview,Thumbnail",1900,150,200,2015-09-12,"1136, 767, 795, 651, 775, 735, 444, 541, 459, 1493, 298, 451, 794, 465, 460, 495, 430, 518, 495, 514, 483, 763, 862, 647","573, 609, 545, 496, 498, 524, 517, 524, 494, 774, 873, 658"
1863,زيارة ائمة البقيع,40,50,3000,1,0,3600,0.02,1.06,2026-06-02 20:56:33,"Image pack,Video preview",4700,2600,2900,2015-10-14,"2594, 4572, 4549, 2345, 1777, 3430, 1479, 4535, 2025, 1376, 2747, 1664, 2663, 7738, 11732, 2478, 2228, 2737, 2275, 3690, 2246, 2228, 2005, 2155","4462, 5409, 5431, 2482, 2231, 2741, 2279, 3695, 2249, 2231, 2007, 2158"
1864,دعاء عن الأم قصير,40,140,80,2,0,10,,,2026-05-16 4:43:00,"AI Overview,Thumbnail,People also ask,Image pack,Sitelinks",60,10,30,2020-12-06,"7, 7, 8, 16, 10, 6, 7, 3, 20, 13, 12, 22, 4, 23, 7, 24, 9, 8, 16, 12, 3, 15, 0, 2",
1865,دعاء ابطال السحر,30,400,300,2,0,50,0.4,,2026-05-12 1:22:35,"AI Overview,Video preview,Image pack,People also ask",600,60,150,2015-09-16,,
1866,دعاء لزوج,30,70,600,1,0,350,0.03,,2026-05-16 6:59:49,"AI Overview,Thumbnail,People also ask,Image pack,Sitelinks",600,2800,6800,2015-10-15,"837, 347, 377, 89, 316, 105, 84, 363, 386, 903, 302, 428, 597, 86, 339, 309, 82, 472, 374, 294, 409, 566, 220, 384","485, 472, 436, 279, 257, 297, 252, 292, 241, 445, 489, 383"
1867,دعاء يوسف عليه السلام,30,1080,990,6,0,100,0.03,,2026-06-03 9:43:34,"AI Overview,Thumbnail,People also ask,Image pack,Video preview",150,40,150,2015-11-08,,
1868,دعاء سريع الإجابة لا يرده الله,30,200,100,1,0,30,,,2026-05-14 8:47:15,"AI Overview,Thumbnail,People also ask,Image pack",200,30,100,2021-04-30,"107, 124, 122, 108, 84, 118, 97, 87, 99, 47, 26, 111, 79, 38, 23, 19, 35, 28, 39, 60, 32, 19, 14, 0",12
1869,دعاء الزوج,30,40,500,1,0,700,0.03,0.49,2026-06-04 10:10:12,"AI Overview,People also ask,Video preview,Image pack",1400,2800,7100,2015-10-10,"1457, 624, 651, 538, 641, 630, 505, 617, 522, 1810, 448, 538, 1237, 549, 538, 435, 497, 485, 515, 650, 582, 1392, 501, 677","1176, 503, 587, 525, 563, 604, 648, 687, 663, 1118, 863, 651"
1870,دعاء السحر ضياء الصالحين,30,150,110,2,0,20,,,2026-05-07 1:42:20,"AI Overview,People also ask",80,20,100,2016-03-09,,
1871,اللهم لك الحمد حتى ترضى,30,240,3200,2,0,5400,0.1,0.46,2026-06-09 6:47:52,"AI Overview,People also ask,Image pack,Video preview",8700,1700,2000,2015-09-05,"6216, 5285, 5074, 4685, 5103, 5071, 4972, 5422, 5352, 5377, 5917, 6898, 6216, 5285, 5073, 4684, 5102, 5071, 4972, 5422, 5352, 5377, 5916, 6897","6215, 5284, 5073, 4684, 5102, 5070, 4971, 5421, 5351, 5377, 5916, 6897"
1872,السيفي,30,70,0,1,43,700,0.09,0.39,2026-05-20 7:51:04,"People also ask,Image pack,Thumbnail,Video preview",1200,100,350,2015-09-28,"677, 702, 730, 840, 708, 693, 817, 709, 780, 634, 695, 689, 666, 723, 710, 822, 687, 664, 658, 661, 689, 688, 661, 661","668, 672, 738, 685, 646, 683, 676, 659, 686, 687, 659, 658"
1873,دعاء بعد الجماع,30,130,180,2,2,20,,,2026-05-12 0:58:03,"AI Overview,People also ask,Image pack",60,20,100,2016-02-26,,
1874,خلفيات ادعيه,30,200,30,2,0,150,,0.32,2026-05-21 6:21:35,"Image pack,Thumbnail,Videos",250,10,20,2015-09-14,,
1875,دعاء دخول المنزل الجديد,30,100,150,1,3,1100,0.04,0.79,2026-05-22 13:15:03,"AI Overview,People also ask,Image pack,Video preview",1800,3000,5800,2015-09-01,"1092, 1360, 1380, 1099, 1105, 1293, 1245, 1317, 1090, 746, 860, 1090, 1099, 1349, 1387, 1065, 1104, 1066, 1052, 1151, 1075, 1091, 967, 1054","1123, 1193, 1236, 1080, 1096, 1118, 1117, 1153, 1077, 1093, 969, 1056"
1876,دعاء الرزق الذي لا يرد,30,400,30,1,5,30,,,2026-05-22 5:43:56,"AI Overview,People also ask,Image pack",400,10,30,2021-02-07,,
1877,دعاء لاختي في ليلة القدر,30,250,30,1,0,30,,,2026-05-27 14:16:58,"Image pack,People also ask,Video preview",250,10,30,2020-05-12,"1, 0, 0, 0, 0, 0, 0, 0, 0, 401, 0, 0, 0, 0, 0, 0, 0, 0, 0, 0, 0, 321, 1, 0",108
1878,دعاء لزوجي المسافر,30,2900,950,3,0,20,,,2026-05-15 21:12:32,"AI Overview,Thumbnail,Image pack,People also ask",2600,0,600,2015-11-15,,
1879,تربة ارضنا,30,70,1700,1,0,1900,0.15,0.81,2026-06-07 19:08:35,"AI Overview,Thumbnail,Video preview,Image pack,People also ask",2900,1400,1900,2015-10-23,"1549, 1642, 1384, 1773, 2115, 2639, 4806, 2928, 2830, 2525, 2547, 2506, 1990, 1929, 1636, 1635, 1882, 2478, 2107, 2119, 1707, 1360, 1776, 1738","1351, 1378, 1265, 1288, 1413, 1703, 1643, 1441, 1690, 1624, 1839, 1801, 1415"
1880,دعاء ابو بكر الصديق,30,100,0,1,0,30,,,2026-05-22 16:42:39,"AI Overview,Thumbnail,Image pack,People also ask,Video preview",100,0,0,2016-03-17,"36, 28, 42, 15, 43, 31, 56, 42, 20, 70, 32, 11, 11, 56, 35, 54, 32, 28, 21, 24, 41, 53, 30, 1",29
1881,دعاء لاختي في رمضان,30,150,30,1,0,30,,,2026-05-29 2:28:53,"AI Overview,People also ask,Image pack,Video preview",150,20,30,2020-04-08,,
1882,دعاء لبيك اللهم عمرة فإن حبسني حابس,30,40,1000,1,0,900,0.06,,2026-06-08 8:41:45,"AI Overview,Thumbnail,People also ask,Image pack,Video preview",1100,2400,2400,2020-01-16,"394, 1365, 1104, 817, 916, 1249, 906, 1045, 709, 4425, 330, 377, 253, 689, 830, 562, 498, 623, 786, 909, 773, 4499, 389, 544","176, 529, 751, 391, 332, 482, 747, 821, 697, 4421, 313, 469"
1883,دعاء تخفيف الم الدوره,30,40,30,3,0,20,,,2026-05-12 7:24:41,"AI Overview,People also ask,Image pack",30,10,10,2020-01-15,,
1884,دعاء خروج النمل من المنزل ابن عثيمين,30,100,30,1,0,30,,,2026-06-08 22:26:24,"AI Overview,Thumbnail,Video preview,People also ask,Image pack",100,10,30,2022-09-28,,
1885,دعاء تخفيف الم الاسنان,30,80,10,1,0,50,,,2026-05-24 5:19:45,"AI Overview,Video preview,People also ask,Image pack",150,80,200,2020-02-19,,
1886,دعاءالسفر,30,30,800,1,0,1700,0.02,0.41,2026-05-21 0:07:55,Video preview,4000,500,3000,2015-09-01,"2236, 2301, 2253, 1527, 1248, 2190, 1481, 2189, 1492, 2198, 1791, 1447, 1790, 2193, 2200, 1234, 1230, 1851, 1506, 2049, 1487, 1628, 1664, 1519","1711, 2094, 2190, 1623, 1461, 1665, 1481, 2067, 1500, 1642, 1679, 1533"
1887,دعاء للمريضة بالشفاء,30,1210,0,2,1,400,0.04,,2026-05-03 20:08:11,"AI Overview,People also ask,Video preview",600,15000,129000,2016-01-01,"502, 760, 515, 767, 639, 874, 738, 600, 595, 509, 276, 405, 169, 275, 273, 215, 426, 421, 508, 378, 374, 390, 398, 852","402, 440, 423, 411, 401, 400, 390, 376, 372, 388, 396, 848, 400"
1888,دعاء الغنى وذهاب الفقر,30,80,0,1,6,30,,,2026-06-08 17:27:52,"Image pack,People also ask,AI Overview,Thumbnail,Video preview",30,2600,18000,2020-07-09,,
1889,ادعية تحقيق الاماني,30,340,20,2,0,10,,,2026-05-27 3:53:40,"AI Overview,People also ask,Image pack,Video preview",10,350,1100,2020-11-15,,
1890,للواتس دعاء بالصور جميل,30,300,200,1,0,100,0.02,,2026-06-06 14:32:22,"Image pack,People also ask,Video preview",1500,80,100,2020-02-11,,
1891,صورة دعاء,30,150,700,1,0,100,0.03,0.17,2026-05-06 21:23:15,Thumbnail,400,10,700,2015-09-02,"196, 228, 227, 169, 153, 176, 170, 145, 140, 193, 135, 142, 130, 130, 120, 102, 120, 96, 103, 103, 114, 150, 125, 117","103, 101, 94, 106, 111, 105, 102, 103, 114, 150, 124, 117"
1892,دعاء لابنتي بالسعادة,30,100,100,1,0,30,0.04,,2026-06-07 10:52:40,"AI Overview,Thumbnail,People also ask,Video preview,Image pack",100,10,100,2017-08-13,,
1893,ماهو الشي الذي يطرد الوزغ من البيت,30,700,250,1,0,10,,,2026-05-18 15:31:33,"AI Overview,Thumbnail,People also ask,Sitelinks,Video preview",60,300,600,2021-07-01,,
1894,دعاء الذهاب الى مكه,30,60,160,2,0,30,,,2026-06-02 1:30:09,"AI Overview,Thumbnail,People also ask,Image pack,Video preview,Videos",50,20,80,2021-04-02,,
1895,معنى تعالى جدك,30,40,1900,2,0,1200,,0.98,2026-05-28 0:09:52,"AI Overview,People also ask,Video preview,Image pack,Thumbnail",2300,800,1300,2015-09-06,"1313, 2105, 2054, 1275, 1546, 1366, 1507, 1122, 1216, 1376, 1447, 1089, 1069, 1835, 1793, 1017, 1293, 1117, 1262, 881, 979, 1143, 1217, 862","846, 1616, 1577, 805, 1084, 911, 1059, 682, 783, 950, 1027, 675"
1896,طولة العمر,30,90,80,2,0,100,,,2026-05-26 3:07:21,"AI Overview,Thumbnail,People also ask,Sitelinks,Video preview,Image pack",300,10,10,2015-09-10,,
1897,دعاء الأرق خالد بن الوليد,30,50,10,1,0,30,,,2026-06-08 7:58:13,"AI Overview,Thumbnail,Image pack,People also ask,Video preview",50,10,10,2021-05-03,,
1898,دعاء للذرية,30,60,90,3,0,20,,,2026-05-29 2:22:20,"AI Overview,Thumbnail,Image pack,People also ask,Videos",40,20,30,2015-09-14,,
1899,دعاء لامي المتوفية في يوم الجمعة,30,60,250,2,0,300,0.05,,2026-05-12 17:50:40,"AI Overview,Video preview,People also ask,Image pack",1200,1500,1800,2020-02-07,"353, 466, 474, 456, 462, 385, 310, 467, 289, 273, 158, 242, 222, 234, 260, 237, 301, 290, 441, 342, 343, 340, 293, 312","311, 379, 318, 327, 327, 324, 352, 342, 343, 340, 293, 312"
1900,دعاء لامي الحبيبة بطول العمر,30,200,100,1,0,400,0.02,,2026-05-29 3:39:26,"AI Overview,People also ask,Image pack,Video preview",1000,700,1400,2021-10-16,"460, 453, 198, 168, 206, 249, 309, 215, 261, 648, 170, 227, 267, 364, 376, 369, 302, 293, 370, 376, 446, 950, 195, 178","238, 387, 243, 282, 246, 311, 346, 292, 397, 861, 212, 197"
1901,دعاء الثقة بالنفس,30,50,30,1,0,20,,,2026-06-05 1:32:25,"AI Overview,People also ask,Image pack,Video preview",100,10,20,2017-11-26,,
1902,دعاء ليلة القدر لصديقتي,30,350,10,1,0,20,,,2026-05-26 1:19:34,"People also ask,Video preview,Image pack",100,20,20,2020-05-13,,
1903,اللهم يا مفهم سليمان,30,40,30,1,0,90,,,2026-05-12 13:02:38,"Image pack,People also ask,Video preview,Thumbnail",90,20,20,2015-12-29,,
1904,دعاء الفجر لتسهيل الأمور,30,100,30,1,0,30,,,2026-05-11 11:53:16,"AI Overview,People also ask,Image pack,Video preview",100,10,30,2021-10-24,,
1905,دعاء الرسول قبل النوم لجلب الرزق,30,70,10,1,2,20,,,2026-05-19 4:43:05,"AI Overview,People also ask,Image pack,Video preview,Sitelinks",70,20,20,2020-01-10,,
1906,تجربتي مع نزيف الحمل,30,150,150,1,5,150,,,2026-05-11 0:01:17,"AI Overview,Thumbnail,People also ask,Sitelinks",500,20,20,2020-01-12,,
1907,دعوات من القلب,30,100,40,1,0,200,0.1,,2026-06-05 12:45:14,"AI Overview,Thumbnail,People also ask,Image pack,Video preview",250,4000,5600,2015-10-11,"367, 282, 287, 247, 285, 260, 233, 240, 228, 435, 133, 177, 153, 196, 198, 181, 156, 159, 194, 182, 177, 257, 162, 190","168, 193, 189, 180, 171, 180, 197, 187, 180, 245, 222, 178"
1908,هل الملائكة تساعد الإنسان,30,70,0,1,1,,,,2026-05-14 16:47:33,"AI Overview,Thumbnail,People also ask,Sitelinks",10,0,0,2020-03-26,,
1909,دعاء الشفاء من العين والحسد,30,70,20,2,0,20,,,2026-05-20 1:32:43,"AI Overview,Video preview,People also ask,Image pack",30,10,10,2016-01-25,,
1910,روايات دعاء عبد الرحمن,30,800,40,1,0,30,,0.98,2026-05-13 20:03:27,"People also ask,Image pack,Knowledge panel",800,0,40,2015-09-04,,
1911,الجمعه الاخيره من رمضان,30,250,250,1,0,50,,,2026-05-18 5:11:22,"Image pack,People also ask",300,450,500,2016-07-01,,
1912,افضل الدعاء يوم عرفه,30,70,700,1,0,800,0.02,0.92,2026-05-30 6:13:27,"AI Overview,Thumbnail,People also ask,Image pack,Video preview",1400,0,50,2015-09-09,"10029, 22, 11, 13, 9, 8, 8, 5, 4, 12, 8, 139, 7805, 22, 12, 9, 8, 5, 6, 448, 445, 446, 445, 423",
1913,دعاء لغض البصر,30,150,10,1,0,10,,,2026-05-13 4:34:54,"AI Overview,People also ask,Image pack",40,0,0,2019-10-20,,
1914,اللهم سخر لي,30,50,600,3,0,350,0.2,0.41,2026-05-19 5:22:23,"Image pack,People also ask,Video preview",350,450,450,2015-09-06,"1067, 687, 1070, 839, 991, 967, 1272, 810, 497, 772, 310, 311, 358, 315, 354, 314, 352, 315, 364, 354, 359, 473, 366, 367","317, 393, 342, 302, 304, 316, 301, 273, 295, 310, 303, 302"
1915,دعاء لم الشمل,30,170,80,2,0,20,,,2026-05-27 17:20:00,"People also ask,Image pack",100,10,40,2016-01-02,,
1916,دعاء لوجع الاذن مفاتيح الجنان,30,200,70,1,0,30,,,2026-05-27 14:00:10,"People also ask,Sitelinks,Video preview",200,0,70,2020-02-04,,
1917,دعاء اللهم لك الحمد كله مكتوب,30,50,20,2,0,,,,2026-05-20 4:15:44,"AI Overview,Video preview,Thumbnail,Image pack,People also ask",10,0,10,2020-09-18,,
1918,دعاء اخر جمعه من شهر رجب,30,300,10,2,0,20,,,2026-06-03 23:17:32,"Image pack,People also ask,Video preview",100,0,10,2018-04-13,,
1919,دعاء للمخطوبين بالتوفيق,30,250,20,1,0,20,,,2026-06-06 22:10:39,"Featured snippet,People also ask,Video preview,Image pack",70,10,20,2015-09-14,,
1920,دعاء للمريض والميت,30,30,0,2,3,10,,,2026-05-21 11:35:31,"AI Overview,Thumbnail,Image pack,People also ask,Sitelinks",10,10,10,2016-06-04,,
1921,دعاء سعد بن عبادة,30,40,0,1,0,30,,,2026-06-02 17:18:09,"AI Overview,Thumbnail,People also ask,Image pack,Video preview",40,0,0,2018-10-15,"61, 15, 96, 58, 5, 11, 0, 11, 7, 5, 97, 32, 13, 15, 13, 10, 0, 0, 8, 11, 8, 139, 31, 60",
1922,لابي الغالي دعاء لابي في رمضان,30,250,1300,1,0,30,,,2026-05-28 0:18:57,"People also ask,Image pack",200,7500,33000,2020-04-17,,
1923,اللهم اغفر لي ذنبي ووسع لي في داري,30,50,200,1,0,150,,,2026-05-15 16:35:47,"AI Overview,Image pack,People also ask,Video preview",450,150,250,2016-11-23,,
1924,دعاء الالحاح,30,350,50,1,0,30,,,2026-05-10 2:57:12,"Image pack,People also ask,Video preview",350,0,50,2020-01-31,,
1925,دعاء لامي في رمضان,30,90,70,1,0,80,,,2026-06-06 23:27:03,"AI Overview,Thumbnail,People also ask,Image pack",400,10,20,2018-05-13,,
1926,ياودود ياودود ياذا العرش المجيد,30,300,150,1,0,800,0.02,,2026-05-26 0:49:10,"Image pack,People also ask,Video preview",1800,1200,1700,2016-02-22,"325, 294, 308, 239, 484, 433, 294, 297, 310, 647, 340, 1377, 568, 329, 666, 589, 1142, 517, 1099, 761, 662, 740, 861, 1006","623, 693, 678, 1247, 931, 641, 959, 777, 675, 754, 878, 1026"
1927,دعاء استوداع الميت,30,30,100,1,5,150,,,2026-05-20 15:21:33,"AI Overview,Thumbnail,People also ask,Image pack,Sitelinks,Videos",450,68000,292000,2020-03-07,,
1928,اللهم يامسخر الجبال الراسيه,30,60,0,1,0,,,,2026-05-24 3:39:15,"Image pack,People also ask,Video preview",,0,0,2020-01-14,,
1929,دعاء الفوز في المباراة,30,350,10,1,0,30,,,2026-05-23 2:15:27,"AI Overview,People also ask,Video preview,Image pack",350,0,10,2018-12-21,,
1930,بسم الله توكلت على الله,30,60,2200,2,0,1500,0.07,0.8,2026-05-23 17:54:44,"AI Overview,People also ask,Image pack,Video preview",3500,500,1000,2015-09-04,"1212, 1325, 1411, 1743, 1860, 1595, 1237, 1456, 1503, 1173, 1529, 1212, 963, 1319, 1517, 1524, 1753, 1705, 1668, 2042, 1437, 1358, 1529, 1415","1528, 1430, 1473, 1546, 1828, 1708, 1624, 1554, 1593, 1642, 1532, 1659, 1567"
1931,الدعاء للأبناء بالصلاح,30,60,850,3,0,450,0.1,,2026-05-12 14:14:54,"AI Overview,Image pack,People also ask,Video preview",700,200,300,2015-09-21,"1217, 556, 580, 478, 570, 457, 459, 523, 393, 1502, 353, 451, 201, 428, 446, 490, 399, 392, 603, 461, 430, 652, 588, 419","589, 411, 392, 399, 470, 513, 505, 455, 425, 644, 581, 414"
1932,عبارات منزل جديد تويتر,30,60,160,4,0,800,0.05,,2026-06-02 18:21:26,"AI Overview,Thumbnail,Image pack,People also ask,Video preview",1600,300,350,2020-01-13,"687, 496, 475, 1430, 1552, 510, 486, 520, 508, 518, 418, 739, 765, 575, 553, 1509, 1631, 589, 564, 599, 587, 597, 497, 818","844, 654, 632, 1588, 1710, 667, 643, 677, 666, 675, 576, 897, 923"
1933,دعاء لفك الكرب وتسهيل الأمور,30,300,2600,2,0,700,0.05,,2026-06-06 12:07:33,"AI Overview,Image pack,People also ask,Video preview",3500,350,1300,2020-04-25,"1365, 1630, 1656, 1669, 1693, 1382, 1390, 1370, 1086, 1067, 875, 770, 599, 760, 842, 694, 832, 712, 599, 639, 540, 594, 557, 645","640, 769, 749, 657, 706, 623, 620, 644, 545, 599, 562, 651"
1934,دعاء تعزيه,30,50,0,1,3,150,,,2026-05-29 19:00:28,"AI Overview,Thumbnail,People also ask,Sitelinks,Image pack,Video preview",150,4900,6500,2020-01-19,,
1935,دعاء البركة في الرزق,30,60,300,1,0,250,0.07,,2026-05-04 9:57:34,"AI Overview,People also ask,Video preview",900,150,150,2015-10-10,"254, 251, 309, 314, 324, 251, 283, 359, 289, 381, 192, 239, 221, 247, 271, 218, 257, 263, 217, 239, 189, 207, 207, 176","230, 311, 274, 252, 245, 237, 225, 239, 189, 206, 207, 176"
1936,دعاء الام لابنها,30,250,10,1,0,30,,,2026-06-08 9:38:06,"AI Overview,People also ask,Image pack,Video preview",250,0,10,2015-09-15,,
1937,دعاء للعروسة,30,60,0,1,0,100,0.04,,2026-05-18 4:32:11,"AI Overview,People also ask,Image pack,Video preview",350,350,700,2015-09-04,,
1938,دعاء الاغتسال من الحيض,30,280,50,2,0,20,,,2026-06-03 1:11:01,"AI Overview,People also ask,Video preview,Sitelinks,Image pack",200,0,30,2015-10-30,,
1939,دعاء لاخوي,30,100,40,1,0,20,,,2026-05-22 0:25:28,"AI Overview,Thumbnail,People also ask,Image pack",30,150,500,2016-05-28,,
1940,دعاء اليوم الثامن والعشرين من رمضان,30,450,250,1,0,30,,,2026-05-27 3:31:08,"People also ask,Image pack",450,10,250,2016-07-03,,
1941,كيف اصلي صلاة الاستخارة,30,100,400,1,12,2400,0.01,0.82,2026-05-30 8:59:15,"AI Overview,Thumbnail,People also ask,Image pack,Video preview",16000,20000,74000,2015-09-21,"2554, 3708, 3849, 2534, 2516, 2531, 2068, 2484, 1709, 1972, 1962, 1837, 2218, 2898, 2856, 2521, 2456, 1951, 2076, 2721, 2202, 2668, 2783, 2955","3481, 4139, 4181, 3533, 2967, 2397, 2515, 3064, 2545, 3011, 3127, 3299"
1942,ادعيه النصف من شعبان,30,300,1200,1,0,90,,,2026-05-16 20:31:50,"People also ask,Image pack",3500,250,3100,2017-05-10,"1, 1, 1, 1, 1, 1, 1, 1, 1937, 2, 1, 1, 1, 1, 1, 1, 0, 0, 1, 6, 1, 1080, 29, 92","92, 83, 76, 54, 36, 20, 3, 25, 1, 134, 155, 161"
1943,دعاء للمسافر توصل بالسلامه حالات واتس,30,300,20,1,0,30,,,2026-05-14 2:23:21,"Featured snippet,Image pack,People also ask,Video preview",300,10,20,2020-12-06,,
1944,دعاء لمعلمتي,30,150,10,1,0,100,0.1,,2026-05-30 5:09:38,"AI Overview,Thumbnail,People also ask,Videos,Image pack",200,200,200,2015-09-12,"341, 124, 133, 133, 328, 142, 137, 135, 156, 195, 59, 199, 169, 48, 50, 76, 114, 70, 95, 89, 104, 112, 94, 117","130, 71, 74, 92, 103, 110, 109, 101, 107, 115, 114, 106"
1945,دعاء الظلم والقهر قصير,30,100,150,1,0,150,,,2026-05-17 22:12:32,"AI Overview,Video preview,Thumbnail,Image pack,People also ask",450,250,500,2015-09-18,,
1946,دعاء يوم الجمعة للامام الصادق,30,100,20,1,0,30,,,2026-05-12 13:40:14,"People also ask,Image pack,Video preview",100,10,20,2018-01-05,,
1947,دعاء منتصف شعبان,30,5200,2400,1,0,50,,,2026-05-19 4:50:31,"Image pack,People also ask,Videos,Video preview",400,10,2300,2016-05-20,,
1948,دعاء ميرة,30,30,10,1,0,30,,,2026-05-26 17:27:11,"Image pack,Video preview",30,10,10,2021-03-28,,
1949,دعاء يجعل الزوجة تحب زوجها بجنون,30,50,20,1,0,30,,,2026-05-19 23:44:43,"People also ask,Videos,Sitelinks,Video preview",50,10,20,2021-04-13,,
1950,الدعاء يوم عرفة لغير الحاج,30,80,150,1,11,100,0.02,,2026-05-06 19:26:25,"Featured snippet,People also ask",150,18000,31000,2017-08-31,,
1951,دعاء جوف الليل,30,200,100,1,0,30,,,2026-05-20 17:21:44,"AI Overview,Thumbnail,People also ask,Image pack",200,20,100,2015-09-26,,
1952,دعاء ختمة القران,30,150,450,1,9,1500,,1.01,2026-05-24 5:00:04,"Image pack,People also ask,Video preview",6800,12000,49000,2015-09-29,"702, 775, 145, 133, 147, 149, 163, 817, 225, 13314, 140, 131, 132, 157, 816, 604, 185, 136, 165, 824, 1838, 13055, 228, 3159","1202, 588, 1373, 1302, 1064, 861, 1332, 1345, 1315, 2197, 2502, 1843"
1953,دعاء زهران,30,40,20,1,0,30,,,2026-06-05 22:21:26,"Image pack,Video preview,People also ask",40,20,20,2016-06-23,,
1954,دعاء لتسخير الزوج,30,50,300,2,0,200,0.35,,2026-05-05 17:02:02,"AI Overview,Thumbnail,People also ask,Sitelinks,Video preview",300,0,0,2015-09-15,"847, 378, 320, 265, 268, 230, 223, 198, 193, 582, 129, 189, 376, 202, 215, 164, 202, 164, 134, 156, 166, 329, 126, 218","241, 190, 214, 186, 206, 190, 172, 200, 195, 233, 234, 193"
1955,الدعاء على الزوج الظالم,30,100,500,2,0,60,,,2026-05-28 6:32:37,"AI Overview,Video preview,People also ask,Image pack,Sitelinks",200,150,250,2015-09-13,,
1956,دعاء عند نزول المطر للزواج,30,150,10,1,0,30,,,2026-06-02 20:58:33,"AI Overview,Thumbnail,People also ask,Image pack,Video preview",150,10,10,2016-04-13,,
1957,دعاء مسجد القبلتين مفاتيح الجنان,30,30,30,1,0,100,,,2026-05-11 12:26:44,"AI Overview,Thumbnail,People also ask,Image pack,Video preview",100,300,300,2017-04-18,,
1958,دعاء ليلة الجمعة عند الشيعة,30,150,70,1,0,30,,,2026-06-04 17:28:54,"AI Overview,Thumbnail,People also ask,Video preview,Image pack",150,20,70,2019-01-17,,
1959,يد تدعي,30,150,20,1,0,100,,0.25,2026-05-17 10:14:22,Image pack,200,10,30,2015-09-04,"154, 128, 107, 122, 145, 99, 101, 130, 97, 173, 92, 94, 113, 82, 97, 112, 114, 76, 75, 94, 93, 113, 104, 86","93, 98, 83, 101, 109, 104, 95, 90, 89, 108, 101, 83"
1960,دعاء النبي يوم عرفة,30,100,10,1,0,30,,,2026-05-12 8:46:05,"People also ask,Image pack,Video preview",100,10,10,2016-09-06,,
1961,دعاء لابي الغالي,30,90,0,1,0,70,,,2026-05-29 3:25:08,"AI Overview,Thumbnail,Video preview,People also ask,Image pack",450,150,400,2015-09-23,,
1962,اللهم من تعبأ وتهيأ,30,90,70,1,0,40,,,2026-05-04 0:05:53,"Video preview,Sitelinks,Thumbnail",300,10,50,2015-09-23,,
1963,دعاء تقبل الصيام,30,250,50,1,0,30,,,2026-05-26 2:44:19,"AI Overview,People also ask,Video preview",250,10,50,2017-05-28,"56, 27, 3, 0, 3, 6, 8, 39, 55, 331, 7, 5, 4, 34, 1, 3, 5, 0, 17, 20, 124, 123, 13, 0",46
1964,دعاء الجمال والقبول,30,600,40,1,0,40,,,2026-06-08 13:08:25,"AI Overview,Thumbnail,Video preview,People also ask,Image pack",400,0,90,2016-05-28,,
1965,جمعة مباركة دعاء يوم الجمعه للاحبه,30,600,200,1,0,150,0.01,,2026-06-07 0:42:06,"Image pack,People also ask,AI Overview,Thumbnail",2100,4300,23000,2020-03-06,,
1966,دعاء السفر للاهل,30,170,20,2,0,20,,,2026-05-18 12:04:09,"AI Overview,Image pack,People also ask",150,10,10,2020-01-09,,
1967,دعاء ليلة القدر مكتوب السديس,30,100,310,2,0,300,,,2026-05-23 19:29:14,"AI Overview,Video preview,People also ask,Image pack",900,100,100,2021-05-02,"18, 8, 8, 8, 8, 8, 8, 8, 9, 2736, 16, 8, 8, 1, 9, 0, 8, 11, 9, 461, 476, 2444, 1, 245","252, 234, 231, 210, 200, 185, 163, 503, 508, 368, 1, 493"
1968,دعاء بعد العملية,30,90,50,1,0,30,,,2026-05-12 15:45:16,"AI Overview,Thumbnail,People also ask,Image pack",90,30,50,2020-02-15,,
1969,أجمل كلمات في عيد ميلاد بنتي,30,800,2700,1,0,250,0.05,,2026-05-26 7:41:12,"AI Overview,People also ask,Image pack,Video preview",4100,20,300,2021-11-02,"264, 274, 329, 333, 288, 286, 282, 155, 175, 144, 122, 138, 133, 168, 201, 216, 248, 305, 394, 360, 361, 357, 345, 367","336, 351, 368, 353, 368, 361, 361, 346, 348, 343, 332, 353"
1970,دعاء لامي في ليلة القدر,30,500,150,1,0,30,,,2026-05-14 2:00:35,"People also ask,Image pack,Video preview",500,20,150,2020-05-13,,
1971,دعاء ليلة ٢٩,30,40,70,1,0,30,,,2026-06-02 5:34:47,"People also ask,Video preview,Image pack",40,30,70,2020-05-21,,
1972,دعاء الطلاق,30,120,20,2,0,20,,,2026-06-04 20:09:29,"AI Overview,Thumbnail,Image pack,People also ask",90,0,10,2016-02-07,"11, 3, 6, 6, 3, 7, 5, 5, 5, 3, 1, 8, 13, 4, 18, 26, 79, 38, 32, 14, 6, 3, 7, 6",
1973,دعاء لبس الذهب الجديد,30,60,0,1,0,30,,,2026-06-07 15:55:39,"AI Overview,Thumbnail,People also ask,Image pack,Video preview",60,0,0,2015-10-20,,
1974,دعاء للميت المريض,30,120,140,3,9,60,,,2026-05-06 0:07:41,"AI Overview,People also ask",100,65000,325000,2016-08-21,,
1975,دعاء ما قبل النوم,30,150,450,1,7,900,0.01,,2026-05-26 14:26:36,"AI Overview,People also ask,Image pack,Videos,Video preview",3900,12000,35000,2015-09-08,"1019, 1254, 1280, 1498, 1520, 1499, 1313, 1307, 1063, 809, 826, 812, 689, 803, 816, 1013, 1019, 810, 1026, 920, 943, 912, 805, 846","847, 879, 957, 960, 962, 928, 948, 919, 942, 911, 804, 845"
1976,دعاء الرياح,30,910,1150,2,0,1000,0.01,0.59,2026-05-19 15:47:22,"AI Overview,Image pack,People also ask,Video preview",7000,30,80,2015-09-08,"330, 329, 378, 300, 502, 106, 21, 651, 2871, 5268, 3463, 1829, 8, 7, 6, 5, 4, 3, 3, 54, 2273, 4670, 2866, 1231","1, 1, 1, 1, 1, 1, 1, 1, 1676, 4073, 2268, 634"
1977,دعاء للجار الطيب,30,90,0,2,0,30,,,2026-05-29 8:14:44,"AI Overview,Image pack,People also ask,Video preview",80,0,0,2015-09-19,,
1978,دعاء الريح اللهم اجعلها رياحا,30,200,10,1,0,30,,,2026-05-12 23:20:47,"AI Overview,Thumbnail,Image pack,People also ask,Video preview",200,10,10,2017-03-20,,
1979,ادعيه للحمل,30,150,500,1,9,150,,,2026-05-20 19:13:46,"AI Overview,Thumbnail,People also ask,Image pack,Video preview",450,300,600,2015-11-06,,
1980,دعاء لبنتي بالشفاء,30,170,180,3,0,50,,,2026-05-28 14:31:29,"AI Overview,Thumbnail,Video preview,Image pack,People also ask",350,0,0,2016-10-06,,
1981,دعاء تيسير الأمور الصعبة وراحة القلب,30,100,850,2,0,500,0.05,,2026-05-26 9:35:55,"People also ask,Image pack,Video preview,Sitelinks",3300,150,2100,2021-07-19,"611, 607, 623, 526, 512, 526, 519, 618, 514, 619, 519, 620, 594, 613, 510, 500, 610, 491, 504, 440, 426, 488, 382, 404","327, 378, 421, 405, 434, 495, 503, 439, 425, 488, 381, 403"
1982,دعاء لأم صديقتي المتوفية,30,100,10,1,0,30,,,2026-05-21 18:16:04,"AI Overview,Thumbnail,People also ask,Image pack,Sitelinks,Video preview",100,10,10,2020-12-21,,
1983,دعاء يوم عرفة للوالدين,30,80,60,3,0,10,,,2026-05-18 20:19:07,"People also ask,Image pack,Sitelinks,Video preview",30,10,20,2020-07-29,,
1984,دعاء للحفظ,30,200,700,1,0,200,0.02,0.63,2026-05-06 9:00:45,"AI Overview,People also ask",2000,300,900,2015-10-22,,
1985,دعاء اخر ساعه من رمضان,30,60,10,1,0,30,,,2026-05-20 4:45:00,"Video preview,People also ask,Image pack",60,10,10,2017-06-24,,
1986,دعاء المظلوم يوم الجمعة,30,140,70,3,0,20,,,2026-05-20 1:36:13,"AI Overview,Thumbnail,People also ask,Image pack",100,10,40,2017-02-10,,
1987,دعاء لشخص بيسوي عملية,30,70,50,3,0,30,,,2026-05-26 17:26:26,"AI Overview,Thumbnail,People also ask,Image pack,Sitelinks",60,10,20,2020-06-06,,
1988,دعاء عن الاحترام,30,50,40,1,0,40,,0.76,2026-05-14 3:36:55,"AI Overview,Thumbnail,People also ask,Image pack,Video preview",100,30,40,2015-10-06,,
1989,الدعاء للعروسين,30,90,0,4,0,40,,,2026-05-11 3:26:55,"AI Overview,Thumbnail,People also ask,Video preview,Image pack",200,300,500,2015-10-12,,
1990,دعاء لتقوية الذاكرة,30,200,20,1,0,30,,,2026-06-06 9:01:24,"AI Overview,Thumbnail,People also ask,Image pack,Video preview",200,10,20,2017-01-25,,
1991,اللهم سلمنا لرمضان,30,70,350,1,0,500,,0.85,2026-05-26 19:33:53,"AI Overview,People also ask,Image pack,Video preview",1500,250,350,2016-05-24,"12, 6, 6, 6, 19, 32, 98, 624, 5630, 914, 11, 6, 11, 6, 13, 7, 21, 35, 125, 862, 4254, 4, 776, 516","535, 541, 560, 522, 526, 534, 575, 865, 993, 1102, 960, 892"
1992,دعاء البيت,30,300,90,1,0,150,,,2026-05-18 21:18:01,"AI Overview,Thumbnail,Image pack,People also ask,Video preview,Sitelinks",400,300,450,2015-10-23,,
1993,دعاء طلب المطر,30,60,60,2,0,50,,,2026-05-13 7:40:06,"Featured snippet,People also ask,Sitelinks,Image pack,Video preview",80,450,700,2015-11-24,,
1994,دعاء التوفيق والنجاح,30,200,1100,1,2,3800,0.1,0.57,2026-06-06 6:54:39,"AI Overview,Thumbnail,People also ask,Image pack,Video preview",5900,11000,54000,2015-09-23,"3486, 2950, 2927, 3182, 3419, 4068, 3662, 3206, 3692, 3656, 3571, 3399, 3855, 3319, 3296, 3550, 3788, 4437, 4031, 3575, 4060, 4025, 3940, 3768","4224, 3687, 3664, 3919, 4157, 4806, 4400, 3944, 4429, 4393, 4308, 4137"
1995,دعاء للمعلمة,30,80,180,2,0,100,0.03,1.03,2026-05-20 19:09:34,"AI Overview,Thumbnail,People also ask,Video preview,Image pack",200,150,150,2015-10-05,"478, 67, 153, 152, 480, 174, 139, 99, 140, 91, 59, 285, 144, 27, 48, 73, 163, 73, 117, 66, 137, 133, 165, 168","183, 32, 66, 28, 266, 182, 128, 61, 132, 128, 161, 160"
1996,مساء الخير دعاء للاحبة,30,400,150,1,0,100,0.02,,2026-05-26 23:11:32,"Image pack,People also ask,Videos",1300,150,1300,2020-02-21,,
1997,دعاء الخروج من المنزل للرزق,30,150,30,1,2,30,,,2026-05-06 12:17:23,"AI Overview,Thumbnail,People also ask",150,10,30,2022-04-25,,
1998,دعاء دخول السنة الجديدة 2024,30,110,560,3,0,30,,,2026-05-23 19:48:40,"Image pack,People also ask,Sitelinks,Video preview,Thumbnail",100,0,500,2023-12-13,,
1999,دعاء سيارة جديدة,30,50,300,1,12,250,0.05,,2026-05-07 17:11:54,"AI Overview,People also ask,Video preview",1100,350,1700,2016-05-08,"246, 354, 362, 363, 435, 304, 359, 302, 281, 428, 280, 352, 236, 365, 355, 305, 239, 86, 288, 253, 247, 267, 264, 273","248, 265, 278, 278, 272, 262, 268, 258, 252, 272, 269, 278"
2000,دعاء موسى عليه السلام للرزق,30,70,60,1,0,20,,,2026-05-09 6:09:24,"AI Overview,Video preview,People also ask,Image pack",20,20,60,2016-11-23,,
2001,اللهم وفق ابنائنا وبناتنا في اختباراتهم,30,200,50,1,0,70,,,2026-06-04 11:26:40,"Image pack,People also ask",70,0,0,2015-12-08,,
2002,اللهم في يوم الجمعة ارحم امي,30,90,200,2,0,90,,,2026-06-02 8:09:18,"Image pack,People also ask,Thumbnail,Video preview",200,0,0,2020-04-03,,
2003,دعاء الرسول للرزق,30,200,50,1,8,30,,,2026-06-04 4:55:26,"AI Overview,Thumbnail,People also ask,Image pack,Video preview",200,30,50,2015-12-14,,
2004,دُعَاءْ يارب,30,100,0,1,0,,,,2026-06-01 9:54:30,"Videos,People also ask,Sitelinks,Image pack",,20,60,2020-01-10,,
2005,دعاء عن التنمر,30,200,20,1,0,30,,,2026-06-05 0:23:11,"AI Overview,Thumbnail,Image pack,People also ask,Video preview",200,10,20,2018-10-23,,
2006,دعاء الرزق في ليلة القدر,30,100,10,1,0,30,,,2026-05-12 5:44:24,"People also ask,Image pack,Video preview",100,10,10,2019-06-01,"0, 0, 0, 0, 0, 0, 0, 0, 0, 231, 0, 1, 0, 1, 0, 0, 0, 0, 0, 0, 0, 294, 2, 98",
2007,دعاء لموتى المسلمين,30,90,400,1,0,450,0.07,0.55,2026-05-10 16:22:05,"AI Overview,People also ask,Image pack,Video preview",1400,700,700,2015-09-13,"513, 429, 447, 368, 445, 448, 332, 431, 363, 726, 300, 355, 377, 426, 435, 423, 418, 402, 456, 403, 394, 485, 557, 522","457, 569, 423, 419, 403, 404, 401, 405, 396, 488, 559, 525"
2008,ادعية يوم عرفة بالصور,30,100,130,3,0,100,,,2026-05-21 19:16:47,"Image pack,People also ask",400,10,30,2016-09-11,,
2009,دعاء حسن الخلق,30,70,30,1,0,10,,,2026-05-30 8:34:55,"AI Overview,Thumbnail,People also ask,Videos,Image pack",20,20,40,2015-10-19,,
2010,دعاء البصر,30,90,20,2,0,20,,,2026-05-19 1:30:09,"AI Overview,Thumbnail,Image pack,People also ask,Videos,Video preview,Sitelinks",70,0,10,2020-05-05,,
2011,الدعاء على العدو,30,100,50,1,1,70,0.02,0.9,2026-06-09 5:02:18,"AI Overview,Thumbnail,Image pack,People also ask,Sitelinks",200,20,20,2015-09-11,"209, 137, 123, 106, 151, 110, 84, 68, 69, 116, 88, 101, 89, 90, 70, 59, 59, 57, 56, 48, 43, 66, 74, 79","66, 61, 52, 57, 93, 74, 84, 59, 61, 84, 92, 97"
2012,دعاء بعد قراءة سورة البقرة,30,80,200,1,12,1400,0.02,,2026-05-26 13:47:06,"AI Overview,Image pack,People also ask,Video preview",6200,2100,3900,2016-11-04,"1440, 1201, 1384, 1516, 1782, 1611, 1551, 1777, 1610, 1162, 895, 1251, 1268, 1056, 1261, 1412, 1694, 1537, 1489, 1724, 1565, 1124, 862, 1224","1245, 1037, 1245, 1398, 1682, 1527, 1480, 1717, 1559, 1119, 858, 1220"
2013,دعاء الفجر للاحبه,30,450,150,1,0,30,0.01,,2026-05-13 3:45:55,"AI Overview,Thumbnail,People also ask,Image pack,Video preview",450,10,150,2019-11-18,"24, 35, 34, 49, 74, 73, 124, 91, 77, 81, 46, 77, 62, 48, 38, 27, 20, 19, 12, 12, 8, 5, 7, 2",
2014,علاج الغضب,30,90,200,1,1,250,0.01,1.12,2026-06-06 13:15:46,"AI Overview,Thumbnail,People also ask,Image pack",600,90,150,2015-09-04,"1123, 244, 249, 214, 202, 193, 388, 219, 205, 203, 401, 324, 506, 126, 138, 137, 167, 143, 164, 188, 279, 583, 242, 273","353, 152, 143, 168, 182, 157, 210, 188, 279, 582, 242, 272"
2015,دعاء لشهيد,30,400,0,2,0,20,,,2023-06-23 4:31:03,"Featured snippet,Thumbnail,People also ask",200,80,,2015-10-09,,
2016,دعاء لجدتي بطول العمر,30,80,30,2,0,20,,,2026-05-10 17:16:16,"AI Overview,Video preview,People also ask,Image pack,Sitelinks",60,10,20,2015-10-03,,
2017,صلاة التهجد,30,50,15000,1,4,3500,0.4,0.79,2026-05-28 4:15:55,"AI Overview,People also ask,Video preview,Image pack",23000,4500,16000,2015-09-13,"629, 121, 121, 590, 625, 623, 624, 191, 752, 53043, 657, 589, 589, 576, 104, 578, 590, 574, 125, 3061, 3910, 29400, 1338, 9033","744, 2537, 3186, 2966, 2689, 2924, 4882, 4869, 4916, 8779, 7622, 5305"
2018,خير الدعاء يوم عرفة,30,60,400,2,0,200,,0.7,2026-05-13 2:27:23,"AI Overview,People also ask,Image pack",300,800,800,2015-09-22,"3266, 12, 7, 7, 8, 6, 7, 6, 6, 8, 5, 76, 2500, 8, 5, 4, 3, 3, 4, 4, 4, 5, 3, 2","56, 2, 1, 2, 1, 1, 1, 1, 1, 1, 1, 1, 1"
2019,دعاء بعد صلاة الليل,30,190,400,2,0,60,,,2026-05-20 21:08:53,"AI Overview,People also ask,Image pack,Video preview,Sitelinks",700,100,300,2016-04-20,,
2020,دعاء مجرب لفتح الرحم,30,100,20,1,0,30,,,2026-06-02 15:00:28,"AI Overview,Thumbnail,People also ask,Videos",100,20,20,2016-09-11,"458, 599, 444, 518, 442, 23, 105, 129, 103, 15, 74, 110, 36, 38, 55, 51, 35, 6, 4, 2, 3, 3, 1, 2",
2021,دعاء الاستخارة بدون صلاة,30,250,500,1,11,800,0.03,0.65,2026-05-18 3:39:14,"AI Overview,Image pack,People also ask,Video preview",5400,350,900,2015-09-21,"923, 1186, 1748, 1476, 1494, 1233, 1400, 1411, 953, 1203, 1223, 964, 771, 898, 941, 815, 779, 637, 772, 763, 684, 697, 660, 713","768, 827, 928, 834, 806, 802, 891, 875, 784, 798, 753, 813"
2022,دعاء ختم القرآن pdf,30,90,100,2,0,2000,,1.49,2026-06-01 7:21:47,"Image pack,Video preview",3700,56000,103000,2016-05-29,"800, 449, 449, 497, 624, 726, 706, 775, 1069, 11211, 341, 363, 418, 378, 234, 226, 174, 146, 563, 758, 2056, 13015, 296, 4932",
2023,دعاء لاخي المسجون,30,170,60,3,0,30,,,2026-05-20 11:52:33,"AI Overview,Thumbnail,People also ask,Sitelinks,Image pack,Video preview",150,10,20,2018-11-22,"297, 64, 181, 125, 31, 1, 33, 24, 18, 138, 3, 25, 28, 24, 22, 19, 57, 26, 34, 32, 60, 61, 0, 5",23
2024,دعاء السفر في الليل,30,200,100,1,0,30,,,2026-05-17 15:53:34,"Image pack,AI Overview,People also ask",200,10,100,2016-01-17,,
2025,دعاء لاولادي في الاختبارات,30,250,30,1,0,90,,,2026-05-10 7:29:23,"AI Overview,Video preview,Thumbnail,Image pack,People also ask",100,200,250,2017-01-15,"429, 1, 3, 8, 20, 244, 45, 9, 404, 4, 26, 64, 294, 22, 8, 9, 27, 5, 89, 498, 12, 16, 2, 3",
2026,دعاء السفر اللهم اني استودعك اهلي,30,100,10,1,0,30,,,2026-05-29 12:09:34,"AI Overview,Thumbnail,Image pack,People also ask,Video preview",100,0,10,2020-03-11,,
2027,دعاء الاستعاذة,30,60,20,2,0,20,,,2026-05-28 19:15:26,"AI Overview,Thumbnail,People also ask,Image pack",50,10,10,2017-05-26,"6, 6, 1, 5, 2, 4, 7, 7, 4, 12, 20, 65, 14, 19, 1, 5, 5, 12, 22, 11, 10, 2, 34, 21",
2028,سورة الواقعة مكتوبة,30,300,145000,1,8,8500,0.06,0.95,2026-06-05 18:10:55,"Sitelinks,Video preview",69000,16000,179000,2015-09-01,"9671, 10134, 9611, 10215, 9935, 9935, 9515, 9095, 8536, 6996, 6017, 6996, 6437, 6996, 7080, 8721, 9964, 9661, 9303, 9274, 10097, 9366, 8681, 8692","8248, 8562, 8619, 9215, 10525, 10203, 9822, 9790, 10656, 9881, 9157, 9166"
2029,دعاء لجدتي,30,60,40,1,0,60,0.03,,2026-05-11 3:53:49,"AI Overview,Thumbnail,Video preview,People also ask,Image pack",200,700,1300,2015-10-03,,
2030,دعاء لاخواني,30,50,200,2,0,250,0.05,,2026-05-27 12:13:27,"AI Overview,People also ask,Video preview,Image pack",500,0,0,2015-09-23,"644, 229, 253, 198, 231, 228, 203, 208, 154, 667, 113, 167, 346, 184, 228, 148, 174, 155, 190, 202, 173, 456, 203, 282","360, 134, 306, 198, 215, 212, 256, 254, 240, 357, 291, 236, 312"
2031,دعاء لصديق في رمضان,30,100,10,1,0,30,,,2026-05-28 13:21:34,"Featured snippet,People also ask,Image pack,Video preview",100,10,10,2020-04-17,,
2032,دعاء الامام الرضا بعد صلاة الصبح,30,200,70,1,0,30,,,2026-05-06 23:59:10,"AI Overview,People also ask,Video preview",200,0,70,2023-06-10,"43, 81, 250, 115, 131, 147, 103, 40, 28, 56, 76, 122, 15, 23, 8, 11, 47, 45, 57, 60, 42, 13, 38, 0",18
2033,دعاء للميت في يوم عرفه,30,90,70,4,0,20,,,2026-05-21 0:01:04,"People also ask,Video preview,Image pack",30,0,10,2015-09-23,,
2034,دعاء اخر جمعة من رجب,30,150,30,1,0,10,,,2026-05-28 5:09:15,"Image pack,People also ask,Video preview",200,0,0,2016-05-06,,
2035,دعاء لوجع البطن,30,400,30,1,0,30,,,2026-05-06 8:45:29,"AI Overview,People also ask,Video preview",400,10,30,2017-11-21,,
2036,امي دعاء لامي في يوم عرفه,30,90,80,4,0,20,,,2026-05-06 7:30:36,"AI Overview,People also ask",50,10,20,2020-07-29,,
2037,دعاء المطر في العشر الاواخر,30,50,10,1,0,30,,,2026-05-30 9:19:48,"People also ask,Video preview",50,10,10,2021-05-06,,
2038,دعاء ثالث يوم رمضان,30,150,450,1,0,90,,,2026-05-12 18:27:18,"Image pack,People also ask,Video preview",800,60,350,2016-06-08,"1, 1, 1, 0, 0, 0, 0, 2, 23, 1452, 1, 1, 0, 4, 4, 5, 2, 4, 3, 11, 991, 10, 1, 1",
2039,اللهم اني اعوذ بك من الهم والحزن,30,50,1500,1,0,900,0.15,0.65,2026-05-26 22:02:08,"AI Overview,Image pack,People also ask,Video preview,Thumbnail",11000,250,300,2015-09-01,"842, 1210, 1024, 959, 1145, 732, 733, 948, 957, 1169, 1227, 1247, 1220, 1536, 1091, 1050, 934, 665, 502, 686, 698, 717, 700, 694","650, 745, 759, 763, 834, 730, 675, 679, 692, 711, 695, 689"
2040,دعاء الإمام المهدي لشفاء المريض,30,40,10,1,0,30,,,2026-05-21 6:49:07,"AI Overview,Thumbnail,Image pack,People also ask,Videos,Video preview",40,0,10,2020-03-20,,
2041,دعاء منى,30,40,0,1,2,30,0.02,,2026-05-23 12:26:41,"AI Overview,Thumbnail,Video preview,Videos,People also ask,Image pack",40,0,0,2015-09-24,,
2042,دعاء الترقية في العمل,30,70,60,4,0,10,,,2026-05-21 2:36:43,"People also ask,Thumbnail,Image pack,Video preview",40,10,20,2017-08-03,,
2043,دعاء تحصين ابنتي,30,160,140,4,0,30,,,2026-05-12 6:00:50,"AI Overview,Thumbnail,Image pack,People also ask",150,10,30,2020-02-03,,
2044,ايفون خلفيات دعاء,30,100,150,1,0,30,,,2026-05-13 11:07:55,"Image pack,Thumbnail,People also ask",100,30,150,2020-01-26,,
2045,صور دعاء يوم الجمعه,30,130,500,2,0,250,0.03,,2026-05-28 16:51:27,"Image pack,Video preview",1300,150,300,2015-10-29,"245, 320, 365, 352, 347, 420, 447, 465, 335, 182, 266, 332, 187, 273, 337, 268, 336, 272, 225, 250, 250, 234, 203, 215","229, 216, 232, 254, 283, 271, 273, 249, 249, 233, 202, 214"
2046,جمعة مباركة دعاء قصير,20,100,1900,1,0,400,0.03,,2026-05-12 15:20:06,"AI Overview,Image pack,People also ask,Video preview",2800,800,2600,2016-07-22,"442, 551, 682, 562, 580, 578, 481, 571, 363, 160, 302, 305, 159, 256, 300, 354, 556, 523, 448, 478, 435, 389, 366, 388","361, 394, 384, 386, 399, 394, 398, 409, 368, 322, 301, 323"
2047,دعاء الشكر على الرزق,20,50,10,1,0,10,,,2026-06-08 19:39:44,"AI Overview,People also ask,Image pack",40,200,500,2020-04-25,,
2048,دعاء صيام شهر رمضان,20,100,90,1,0,40,,,2026-06-01 18:53:46,"AI Overview,Thumbnail,People also ask,Image pack,Video preview",250,80,600,2017-05-26,,
2049,دعاء ابطال العين,20,20,10,1,0,100,,0.69,2026-06-05 3:40:45,"AI Overview,Thumbnail,Image pack,People also ask",250,3000,15000,2015-09-01,"168, 167, 169, 165, 162, 156, 133, 147, 135, 153, 139, 163, 133, 140, 129, 105, 92, 100, 97, 94, 91, 101, 94, 112","99, 92, 90, 96, 102, 96, 99, 93, 90, 100, 93, 112"
2050,دعاء الاستخارة مكتوب كامل pdf,20,200,30,1,0,20,,,2026-05-20 0:59:00,"Image pack,People also ask,Sitelinks",200,0,30,2020-01-29,,
2051,ماذا يقال للمعتمر,20,100,300,1,0,300,,,2026-05-09 17:38:06,"AI Overview,People also ask,Video preview",1300,1200,2900,2015-11-05,"55, 497, 506, 328, 295, 311, 216, 308, 212, 1405, 161, 184, 70, 412, 324, 150, 192, 187, 157, 184, 170, 1359, 175, 251","103, 377, 275, 143, 212, 216, 210, 206, 192, 1381, 197, 273"
2052,دعاء بعد صلاة المغرب لقضاء الحوائج,20,90,30,1,0,20,,,2026-05-20 11:32:06,"AI Overview,People also ask,Image pack,Video preview",90,10,30,2020-05-11,,
2053,ملصقات صباح الخير,20,200,70,1,0,80,,,2026-05-23 11:49:48,"Image pack,Thumbnail,People also ask",350,50,100,2016-04-01,,
2054,دعاء احتباس البول,20,50,10,1,0,20,,,2026-05-29 16:17:54,"AI Overview,Thumbnail,People also ask,Image pack",50,0,10,2017-04-10,,
2055,دعاء الصفا والمروة مكتوب pdf,20,20,700,1,0,1200,0.03,,2026-06-04 9:28:02,"Image pack,People also ask,Video preview",1400,600,700,2022-02-02,"1397, 1139, 1112, 916, 1175, 781, 1681, 2136, 1388, 4939, 923, 812, 927, 1438, 1481, 1118, 776, 788, 803, 1210, 1110, 1971, 2429, 1095","1025, 1163, 1238, 1167, 1121, 1192, 1238, 1304, 1204, 2066, 2524, 1190"
2056,اللهم اني اعوذ بك من ان اضل,20,20,250,1,0,20,,,2026-06-04 0:06:06,"Image pack,People also ask,Video preview",30,200,250,2016-06-03,,
2057,دعاء على اسرائيل,20,500,1050,2,0,20,,,2026-06-08 9:57:15,"AI Overview,Thumbnail,People also ask,Video preview",500,10,350,2015-11-06,,
2058,دعاء الثوب الجديد,20,40,30,1,0,500,0.02,0.74,2026-05-02 11:59:51,"AI Overview,Video preview,People also ask",1700,3600,5700,2015-10-26,"394, 322, 320, 307, 513, 485, 550, 475, 504, 473, 581, 461, 426, 355, 353, 340, 546, 519, 584, 509, 539, 507, 615, 496","461, 390, 389, 376, 582, 555, 620, 546, 576, 544, 653, 533, 499"
2059,تجربتي مع دعاء السيفي الصغير,20,80,10,1,0,20,,,2026-05-27 16:09:35,"People also ask,Image pack",80,0,10,2020-01-21,,
2060,دعاء الخوف من السلطان,20,110,0,2,0,20,,0.9,2026-06-04 0:59:41,"AI Overview,Thumbnail,Image pack,People also ask",50,0,0,2015-09-01,"134, 117, 71, 61, 59, 41, 16, 24, 24, 14, 16, 39, 14, 15, 23, 19, 13, 11, 15, 12, 21, 9, 11, 4",
2061,ما هو دعاء الاستفتاح,20,110,750,2,2,300,0.01,0.93,2026-05-26 9:34:17,"AI Overview,People also ask,Image pack",1400,6900,12000,2015-09-16,"271, 229, 237, 234, 266, 319, 395, 322, 392, 706, 217, 251, 241, 224, 225, 398, 293, 342, 421, 302, 290, 434, 388, 391","270, 251, 241, 266, 345, 550, 403, 315, 302, 452, 405, 407"
2062,اسم دعاء في المنام,20,200,10,1,0,20,,,2026-06-08 17:29:29,"AI Overview,Thumbnail,People also ask,Video preview",200,0,10,2017-06-08,,
2063,اذكار السفر,20,100,4200,2,0,2500,0.02,0.61,2026-06-03 10:20:56,"Image pack,People also ask,Video preview",8700,16000,83000,2015-09-26,"2499, 2857, 2883, 1938, 1836, 2098, 2272, 3063, 2121, 2220, 2142, 2424, 2653, 3011, 3037, 2092, 1990, 2253, 2427, 3217, 2276, 2375, 2296, 2578","2807, 3166, 3192, 2246, 2145, 2407, 2581, 3371, 2430, 2529, 2451, 2733"
2064,ماذا يقال في عزاء الطفل الصغير ابن باز,20,60,200,1,0,150,,,2026-05-21 22:15:22,"AI Overview,People also ask,Videos,Sitelinks,Video preview",200,150,150,2022-02-18,,
2065,رقية المس العاشق,20,80,800,1,0,250,0.04,0.93,2026-05-06 12:02:15,"People also ask,AI Overview",500,400,900,2015-09-13,"365, 398, 303, 382, 305, 330, 297, 334, 289, 239, 311, 308, 242, 287, 301, 244, 235, 227, 235, 227, 233, 229, 234, 259","264, 277, 289, 270, 252, 233, 234, 227, 233, 229"
2066,اللهم اني اتبرا من حولي,20,20,2700,3,0,700,0.09,,2026-05-28 7:18:10,"Image pack,People also ask,Video preview",700,1100,1100,2020-11-06,"371, 476, 478, 533, 522, 340, 273, 273, 180, 340, 277, 414, 225, 240, 273, 358, 2142, 900, 788, 921, 856, 860, 899, 973","915, 927, 950, 968, 1157, 1015, 1030, 1097, 1032, 1035, 1075, 1148"
2067,دعاء عن رسول الله لايرد ابدا,20,60,0,1,0,20,,,2026-06-03 8:27:31,"AI Overview,Image pack,People also ask,Video preview",60,0,0,2020-02-23,,
2068,دعاء أبو الدرداء,20,150,0,1,0,20,,,2023-06-23 2:26:06,"Featured snippet,Thumbnail",150,300,,2015-11-12,,
2069,دعاء رمضان للميت,20,40,900,3,0,30,,,2026-05-17 6:21:40,"AI Overview,Thumbnail,People also ask,Image pack,Video preview",100,50,400,2016-06-05,,
2070,دعاء لاخي الغالي,20,180,500,2,0,70,0.03,,2026-05-25 20:43:54,"AI Overview,People also ask,Image pack,Video preview",450,60,400,2015-09-03,,
2071,دعاء للمريض في حالة خطرة,20,50,60,3,2,40,,,2026-06-08 19:56:14,"AI Overview,Thumbnail,People also ask,Image pack,Sitelinks",70,40,200,2022-01-07,,
2072,دعاء شفاء الام,20,70,2400,2,0,1100,0.06,0.65,2026-05-24 1:18:47,"AI Overview,People also ask,Image pack,Video preview",3300,1300,1500,2015-12-07,"1324, 1348, 1346, 1349, 1658, 1366, 1314, 1302, 1061, 1587, 1054, 1055, 995, 1069, 1076, 1039, 1064, 1038, 1079, 1081, 1019, 1175, 1094, 1178","1174, 1134, 1150, 1072, 1136, 1112, 1113, 1133, 1068, 1232, 1147, 1235"
2073,ايات الدعاء,20,60,70,1,0,50,,,2026-05-11 23:47:24,"AI Overview,Thumbnail,People also ask,Image pack,Video preview",150,60,80,2015-09-22,,
2074,تجارب ياحي ياقيوم برحمتك استغيث,20,50,10,2,0,10,0.06,,2026-05-18 11:54:08,"People also ask,AI Overview,Image pack,Video preview",40,0,0,2019-07-26,,
2075,دعاء لزوجتي المتوفيه,20,70,20,1,0,20,,,2026-05-22 15:55:51,"AI Overview,Thumbnail,Image pack,Videos,People also ask,Video preview",70,10,20,2020-02-19,,
2076,دعاء الانتقال من مكان إلى مكان,20,30,30,1,0,30,,,2026-05-30 8:27:56,"AI Overview,Thumbnail,Videos,People also ask,Image pack,Sitelinks,Video preview",100,100,150,2020-04-01,,
2077,دعاء للأطفال قصير,20,100,90,1,0,20,0.01,,2026-05-20 2:18:33,"AI Overview,Thumbnail,People also ask,Videos,Image pack,Video preview",100,10,90,2021-05-08,,
2078,دعاء عيسى عليه السلام,20,40,0,1,0,20,,,2026-05-22 21:48:51,"AI Overview,People also ask,Sitelinks,Videos,Image pack,Video preview",40,0,0,2015-12-05,,
2079,اللهم الجم فاه,20,30,10,1,0,80,,,2026-05-24 7:28:05,"AI Overview,People also ask,Image pack,Video preview,Sitelinks",100,50,60,2015-11-15,,
2080,دعاء عرفه,20,50,6900,2,0,1900,0.02,0.79,2026-05-27 19:40:25,"AI Overview,Thumbnail,People also ask,Image pack,Video preview",2500,18000,30000,2015-09-15,"12022, 695, 1731, 720, 619, 605, 594, 583, 571, 556, 924, 920, 4999, 6306, 1609, 1108, 1036, 1036, 1032, 1030, 1027, 1023, 1154, 1153","6618, 3986, 1864, 1313, 1250, 1251, 1250, 1250, 1249, 1247, 1427, 1429"
2081,دعاء رد الغائب,20,560,300,3,0,20,,,2026-05-24 3:27:50,"AI Overview,Thumbnail,People also ask,Image pack,Videos,Video preview",500,10,100,2015-10-14,"214, 145, 139, 136, 155, 154, 107, 82, 33, 97, 44, 50, 17, 17, 13, 17, 1, 3, 28, 4, 18, 41, 0, 5",
2082,دعاء لتهدئة الطفل كثير الحركة,20,150,30,1,0,20,,,2026-05-06 22:30:38,"AI Overview,Thumbnail,People also ask,Video preview",150,0,30,2021-05-28,,
2083,دعاء لا اله الا الله الملك الحق المبين,20,100,10,1,0,20,,,2026-05-19 8:03:56,"AI Overview,People also ask,Videos,Image pack,Video preview",100,0,10,2016-09-01,,
2084,دعاء بداية العام الدراسي,20,60,50,1,0,70,,,2026-06-07 8:57:43,"People also ask,Image pack,Video preview",250,400,2300,2015-10-04,,
2085,دعاء لابنائي وبناتي,20,30,30,1,0,150,0.02,,2026-05-18 11:08:04,"AI Overview,Thumbnail,People also ask,Image pack",200,80,100,2015-12-24,,
2086,دعاء اخر اختبار نهائي,20,50,10,1,0,20,,,2026-06-02 2:29:27,"AI Overview,Thumbnail,Image pack,People also ask,Video preview",50,10,10,2021-11-22,,
2087,من التوكل على الله عند الخروج من المنزل وقفل الباب,20,30,30,1,0,60,,,2026-05-30 8:38:10,"Sitelinks,Videos,Video preview",60,50,50,2022-12-19,,
2088,دعاء الغبار,20,250,300,1,0,1000,0.06,0.42,2026-06-07 19:48:10,"AI Overview,Thumbnail,People also ask,Image pack,Video preview",1200,350,350,2015-09-02,"655, 804, 780, 412, 576, 152, 168, 792, 1762, 2886, 1912, 1887, 549, 682, 669, 356, 503, 134, 150, 710, 1592, 2625, 1751, 1738","509, 635, 626, 335, 476, 127, 143, 679, 1527, 2526, 1689, 1682"
2089,دعاء ليلة القدر السديس,20,30,20,1,0,40,,,2026-06-04 4:34:36,"AI Overview,Thumbnail,Video preview,People also ask,Image pack",100,10,10,2016-06-25,,
2090,دعاء للتخلص من الهم والتفكير,20,40,400,2,0,80,,,2026-06-08 8:59:30,"AI Overview,People also ask,Image pack",350,90,1400,2021-05-26,,
2091,دعاء للأم المتوفية,20,120,8100,2,0,400,0.03,,2026-05-21 4:28:36,"AI Overview,People also ask,Image pack,Video preview",1500,2500,2700,2015-09-11,"575, 310, 390, 329, 475, 392, 389, 398, 399, 868, 398, 484, 392, 485, 402, 404, 407, 325, 404, 380, 374, 456, 413, 432","408, 423, 398, 400, 433, 397, 410, 401, 395, 477, 434, 453"
2092,دعاء رفع البلاء والمرض,20,150,110,3,0,20,,,2026-05-29 14:19:33,"AI Overview,People also ask,Videos,Image pack",100,10,30,2017-03-20,,
2093,دعاء ليلة القدر مستجاب,20,100,8000,2,0,400,0.01,,2026-05-23 19:32:45,"AI Overview,People also ask,Image pack,Video preview",4500,1400,8900,2018-06-05,"15, 10, 7, 5, 4, 4, 8, 3, 8, 22404, 30, 10, 11, 2, 3, 2, 5, 3, 5, 701, 734, 3068, 3935, 2685","1669, 707, 750, 868, 801, 878, 825, 837, 870, 3204, 4071"
2094,دعاء قبل الفجر بدقائق,20,200,60,1,0,20,,,2026-05-13 23:58:40,"AI Overview,Thumbnail,People also ask,Image pack,Video preview",200,10,60,2022-01-23,,
2095,دعاء يوم الاربعاء بالصور,20,150,30,1,0,20,,,2026-05-15 4:28:06,"Image pack,People also ask,Thumbnail",150,0,30,2020-05-05,,
2096,دعاء للحبيبة,20,60,1200,2,0,250,0.02,0.93,2026-05-05 12:20:09,"AI Overview,People also ask,Video preview",1000,150,500,2015-09-01,"422, 350, 426, 354, 350, 337, 255, 268, 266, 924, 218, 218, 300, 225, 266, 180, 222, 182, 192, 214, 256, 521, 199, 219","266, 207, 220, 189, 223, 210, 266, 255, 251, 332, 309, 249"
2097,دكتوره دعاء,20,30,0,1,0,20,,,2026-06-04 20:43:50,"Image pack,People also ask",80,0,0,2020-04-04,,
2098,بيسيات دعاء لنفسي,20,30,0,1,0,20,,,2026-05-21 4:16:11,"Sitelinks,People also ask,AI Overview,Video preview",30,0,0,2020-07-23,,
2099,دعاء يخلي زوجي يراضيني بسرعه,20,200,10,1,0,20,,,2026-05-23 11:24:37,"AI Overview,Thumbnail,Videos,People also ask,Sitelinks,Video preview",200,0,10,2021-08-27,"23, 383, 382, 329, 212, 114, 2, 1, 0, 18, 25, 6, 28, 31, 11, 6, 4, 11, 5, 44, 23, 28, 0, 0",10
2100,سلام الله الكامل التام الشامل,20,150,1500,1,0,60,,,2026-05-13 16:47:10,"People also ask,Image pack",250,60,200,2020-03-28,,
2101,دعاء اخر يوم عزاء,20,30,10,1,0,20,,,2026-05-30 7:04:00,"AI Overview,Thumbnail,People also ask,Image pack,Videos",30,10,10,2020-01-10,,
2102,دعاء لابي وامي المتوفين,20,90,3050,3,0,250,0.04,,2026-05-09 5:57:18,"AI Overview,People also ask,Image pack,Video preview",1500,1700,3000,2016-01-14,"436, 291, 376, 293, 367, 302, 270, 286, 280, 551, 226, 291, 262, 219, 226, 221, 271, 277, 295, 278, 272, 394, 233, 317","273, 265, 245, 284, 283, 318, 315, 287, 286, 313, 294, 283"
2103,دعاء يرد لي طليقي سريع,20,50,20,2,0,20,0.5,,2026-05-09 23:57:54,"AI Overview,Video preview,Thumbnail,People also ask,Sitelinks,Image pack",50,0,10,2021-07-11,,
2104,دعاء نسيان شخص,20,250,300,1,0,50,,,2026-05-22 18:13:05,"AI Overview,Thumbnail,Video preview,People also ask,Image pack,Sitelinks",250,0,20,2016-06-22,,
2105,دعاء السبع المنجيات,20,350,20,1,0,20,,,2026-05-29 7:09:00,"AI Overview,Thumbnail,Image pack,People also ask",350,10,20,2017-08-07,,
2106,اللهم ياولي نعمتي,20,30,1000,3,0,1800,0.1,0.46,2026-05-29 6:12:46,"Image pack,People also ask,Video preview",1900,350,350,2015-09-04,"2150, 2677, 3900, 2609, 2545, 1914, 1431, 1509, 1556, 1565, 1945, 2526, 2644, 1939, 2647, 1943, 1567, 1316, 1651, 1509, 1406, 1443, 1577, 1775","1943, 1779, 1951, 1649, 1643, 1558, 1421, 1381, 1294, 1322, 1464, 1657"
2107,دعاء لابني المسافر للدراسة,20,200,60,3,0,10,,,2026-05-25 15:11:50,"AI Overview,People also ask,Image pack",90,0,20,2016-09-30,,
2108,دعاء كلام حزين عن الأخ المتوفي,20,310,60,2,0,20,,,2026-05-24 9:48:57,"AI Overview,Image pack,People also ask,Videos",300,10,30,2022-03-01,"58, 78, 52, 71, 69, 47, 10, 16, 24, 5, 5, 9, 21, 17, 2, 8, 30, 12, 41, 29, 38, 24, 22, 31",
2109,صباحيات دينية,20,150,50,1,0,70,0.07,,2026-05-07 13:32:06,"People also ask,Thumbnail",200,300,1100,2015-09-28,,
2110,دعاء افتتاح محل جديد,20,150,600,1,0,150,,,2026-05-25 10:03:29,"AI Overview,Thumbnail,People also ask,Video preview,Image pack,Sitelinks",1100,90,600,2017-01-30,,
2111,دعاء سورة الواقعة من كتاب شمس المعارف,20,250,50,1,0,20,,,2026-05-20 22:38:46,"AI Overview,Thumbnail,Image pack,People also ask",250,10,50,2020-05-07,,
2112,دعاء دخول مكة ابن باز,20,20,20,1,0,150,,,2026-05-10 8:23:00,"AI Overview,People also ask,Sitelinks,Image pack",200,5100,5600,2016-04-09,,
2113,ثاني رمضان,20,50,20,1,0,20,,,2026-05-07 20:19:24,"People also ask,Thumbnail",40,60,100,2020-04-18,"0, 0, 0, 0, 0, 0, 0, 0, 6, 556, 0, 0, 0, 0, 0, 0, 0, 0, 0, 5, 239, 1, 1, 16",
2114,دعاء تثبيت الحمل بتوأم,20,200,50,1,0,20,,,2026-05-16 8:16:56,"AI Overview,Video preview,Thumbnail,People also ask,Image pack",200,10,50,2021-04-03,"14, 13, 1, 2, 0, 2, 8, 4, 0, 1, 1, 1, 1, 12, 17, 20, 23, 24, 54, 50, 26, 18, 5, 4",
2115,دعاء لاخي المسافر,20,250,20,1,0,20,,,2026-06-01 23:21:54,"AI Overview,Thumbnail,Image pack,People also ask",250,10,20,2017-12-21,,
2116,جمعة مباركة حبيبتي,20,90,20,2,0,40,,,2026-05-25 3:07:58,"Image pack,People also ask,Video preview",250,0,20,2015-10-02,,
2117,دعاء الكرب والظلم,20,100,10,1,0,20,,,2026-05-20 14:27:46,"AI Overview,Thumbnail,Video preview,Image pack,People also ask,Videos",100,10,10,2020-06-21,,
2118,دعاء يجعل زوجي يشتاق لي,20,200,30,1,0,20,,,2026-06-09 1:08:45,"AI Overview,Thumbnail,People also ask,Image pack,Video preview,Sitelinks",200,10,30,2020-01-13,"289, 306, 292, 144, 106, 94, 72, 115, 49, 119, 88, 60, 27, 32, 50, 12, 22, 21, 25, 33, 14, 13, 16, 3",12
2119,دعاء المقابر,20,90,90,1,0,450,,1.06,2026-05-27 11:39:31,"AI Overview,Image pack,People also ask",1200,250,1300,2015-09-02,"539, 552, 544, 438, 446, 588, 526, 606, 492, 687, 515, 529, 461, 494, 439, 432, 440, 443, 440, 471, 438, 479, 473, 446","448, 488, 476, 444, 457, 462, 499, 497, 466, 505, 501, 474"
2120,دعاء للمقبلين على الزواج,20,60,10,1,0,20,,,2026-06-04 14:39:21,"AI Overview,Thumbnail,People also ask,Image pack,Video preview",60,10,10,2015-11-06,,
2121,دعاء ليلة الجمعة لقضاء الحاجة,20,200,40,1,0,20,,,2026-05-15 18:46:48,"AI Overview,People also ask,Image pack",200,10,40,2020-04-02,,
2122,قصتي مع دعاء اللهم إنك عفو تحب العفو فاعف عنا,20,70,40,1,0,20,,,2026-05-08 12:49:11,"AI Overview,Thumbnail,People also ask,Video preview,Image pack",70,40,40,2021-09-17,,
2123,دعاء للجد المتوفي,20,50,350,1,0,100,,,2026-05-21 6:46:20,"People also ask,Videos,Video preview",300,200,450,2016-01-14,,
2124,دعاء أسماء الله الحسنى للشفاء,20,60,20,2,0,20,,,2026-05-09 22:34:06,"AI Overview,Thumbnail,People also ask,Image pack,Video preview,Sitelinks",60,10,10,2022-04-25,"94, 21, 31, 39, 14, 24, 16, 37, 25, 58, 26, 19, 14, 16, 44, 34, 9, 14, 8, 20, 9, 11, 8, 0",7
2125,دعاء قبل الفجر بساعة,20,50,10,1,0,20,,,2026-05-23 0:09:58,"AI Overview,Thumbnail,People also ask,Video preview,Image pack",50,10,10,2018-02-04,,
2126,دعاء الولادة القيصرية,20,200,150,1,0,100,,,2026-05-04 7:14:37,"AI Overview,Thumbnail,People also ask,Video preview",1100,0,60,2015-09-02,"189, 139, 162, 213, 247, 198, 173, 187, 77, 79, 115, 151, 150, 99, 155, 85, 124, 133, 148, 157, 155, 205, 62, 0",90
2127,دعاء الوسواس القهري,20,100,60,1,0,150,,,2026-06-04 21:46:40,"AI Overview,Thumbnail,People also ask,Image pack,Video preview",500,450,900,2015-09-12,,
2128,اللهم اني اسالك من فضلك ورحمتك,20,50,1400,2,0,1500,0.09,0.69,2026-06-05 22:16:27,"Image pack,People also ask,Video preview",3400,200,200,2016-04-22,"1534, 2442, 1621, 1547, 1556, 1909, 1567, 1601, 1537, 2935, 1307, 1587, 1321, 1551, 1306, 1290, 1338, 1291, 1949, 1524, 1287, 1591, 1437, 1482","1349, 1698, 1274, 1524, 1932, 1979, 1624, 1603, 1354, 1673, 1511, 1558"
2129,دعاء لحبيبتي المريضة,20,180,230,5,0,10,,,2026-05-30 3:37:13,"AI Overview,Thumbnail,People also ask,Image pack,Video preview",30,10,50,2020-04-05,,
2130,تحصين,20,60,1800,2,0,8900,0.02,0.54,2026-06-03 10:10:19,"Image pack,People also ask,AI Overview,Thumbnail,Video preview",14000,11000,21000,2015-09-03,"8634, 8967, 8902, 8544, 8281, 9225, 8397, 9348, 7745, 7292, 9632, 8939, 8547, 9533, 9230, 8644, 8562, 8669, 8653, 9208, 9038, 9050, 8925, 9244","9531, 10013, 9768, 9182, 9100, 9207, 9191, 9746, 9576, 9588, 9463, 9782"
2131,دعاء لابي في رمضان,20,50,100,1,0,50,,,2026-06-01 10:39:15,"People also ask,Image pack,Video preview",400,90,900,2020-04-10,,
2132,دعاء للميت في ليلة القدر,20,100,80,1,0,40,,,2026-05-26 1:12:28,"AI Overview,People also ask,Image pack,Video preview",450,68000,346000,2020-05-10,,
2133,دعاء لاخواننا في غزة,20,400,1200,1,0,10,,,2026-05-19 20:42:41,"AI Overview,People also ask,Image pack,Video preview",200,0,200,2021-05-13,,
2134,اللهم اكفني بحلالك عن حرامك,20,110,700,2,0,1300,0.15,0.6,2026-05-28 18:52:43,"AI Overview,Image pack,People also ask,Video preview",2600,350,400,2015-09-07,"2027, 1556, 1546, 1546, 1481, 1385, 1385, 1413, 1181, 1648, 1091, 1121, 1402, 1172, 1337, 1097, 1124, 1177, 1175, 1310, 1306, 1597, 1472, 1414","1265, 1241, 1067, 919, 906, 860, 859, 752, 555, 882, 896, 837"
2135,دعاء واحد رمضان,20,200,150,1,0,60,0.01,,2026-05-07 5:03:31,"AI Overview,Thumbnail,Video preview,People also ask",150,800,1600,2020-04-23,,
2136,دعاء لنسيان شخص,20,720,800,3,0,20,,,2026-05-14 6:54:17,"AI Overview,Thumbnail,People also ask,Video preview",250,10,300,2016-06-22,,
2137,الدعاء الذي اهتز له عرش الرحمن,20,50,60,3,0,100,,,2026-05-20 18:15:03,"AI Overview,People also ask,Image pack,Video preview",150,30,30,2018-08-30,,
2138,دعاء لاخي في يوم عرفه,20,150,20,1,0,20,,,2026-05-27 8:21:08,"AI Overview,Video preview,Thumbnail,People also ask,Image pack",150,10,20,2020-07-19,,
2139,ذكر الله,20,30,20,1,6,3500,0.02,0.45,2026-06-08 8:22:03,"AI Overview,Thumbnail,People also ask,Video preview,Image pack",9300,400,400,2015-09-01,"3673, 2888, 2709, 3480, 3776, 3425, 3555, 3114, 3499, 3776, 4408, 3724, 3628, 2842, 2663, 3434, 3730, 3379, 3510, 3068, 3453, 3730, 4362, 3679","3582, 2796, 2617, 3388, 3685, 3333, 3464, 3023, 3408, 3684, 4316, 3633"
2140,دعاء سيدنا سليمان,20,110,270,4,0,40,,,2026-05-11 22:23:38,"AI Overview,Thumbnail,Image pack,People also ask,Sitelinks",900,0,40,2016-02-22,,
2141,دعاء استجابه,20,300,200,1,1,250,0.02,,2026-05-04 7:50:55,"AI Overview,People also ask,Video preview",400,4900,15000,2015-09-11,"310, 264, 270, 258, 312, 292, 269, 310, 252, 509, 210, 259, 210, 273, 268, 212, 222, 265, 297, 272, 280, 340, 310, 287","263, 263, 280, 242, 250, 263, 265, 273, 282, 341, 312, 288"
2142,من هو زوج الأميرة دعاء محمد عزت,20,20,10,1,0,20,,,2026-05-25 18:48:58,"Videos,People also ask,Video preview,Sitelinks",20,10,10,2020-11-27,,
2143,دعاء الاعداء,20,70,0,3,0,40,,,2026-06-01 9:53:07,"AI Overview,Thumbnail,People also ask,Image pack,Videos",100,10,30,2015-09-07,,
2144,دعاء عدم التعلق بشخص,20,60,0,4,0,10,,,2026-06-07 14:11:17,"Image pack,People also ask,AI Overview,Thumbnail,Video preview",20,10,10,2020-02-13,,
2145,دعاء يجعل أمي تسامحني,20,70,0,1,0,20,,,2026-06-01 10:38:08,"People also ask,Image pack,Videos",70,0,0,2021-10-11,,
2146,دعاء للوالدين الأحياء,20,200,380,2,0,250,0.01,,2026-05-19 10:30:30,"AI Overview,People also ask,Image pack,Video preview",600,3500,7700,2017-08-31,"598, 359, 351, 246, 290, 270, 296, 341, 258, 783, 131, 202, 406, 252, 353, 237, 189, 193, 242, 326, 190, 407, 190, 305","364, 259, 289, 253, 230, 247, 255, 266, 257, 338, 294, 230"
2147,دعاء للوالدين من القرآن,20,70,10,1,0,20,,,2026-06-03 6:57:52,"AI Overview,Thumbnail,Image pack,People also ask",70,0,10,2016-02-09,,
2148,دعاء جبر الخواطر لشخص,20,90,90,1,0,10,,,2026-06-07 19:52:10,"AI Overview,Thumbnail,People also ask,Image pack",20,50,50,2021-04-14,,
2149,دعاء رفة العين اليسرى,20,100,30,1,0,20,,,2026-06-03 1:07:29,"AI Overview,Thumbnail,People also ask,Video preview,Image pack",100,0,30,2018-09-21,"0, 8, 3, 3, 7, 15, 11, 9, 21, 26, 21, 13, 11, 22, 21, 20, 14, 10, 28, 12, 12, 12, 18, 0",11
2150,دعاء العشرات مكتوب,20,200,40,1,0,20,,,2026-06-02 5:54:36,"Video preview,Image pack",200,10,40,2015-10-04,,
2151,دعاء ياودود الذي اهتز له عرش الرحمن,20,50,10,1,0,20,,,2026-05-05 15:57:29,"AI Overview,Video preview,Thumbnail,People also ask,Sitelinks",50,0,10,2018-11-26,,
2152,دعاء للميت بالاسم,20,60,70,2,0,20,,,2026-06-04 5:38:12,"AI Overview,Thumbnail,People also ask",50,10,30,2017-08-30,,
2153,أفضل دعاء للحاكم,20,20,10,1,0,20,,,2026-05-24 0:04:16,"AI Overview,Thumbnail,People also ask,Image pack",20,10,10,2015-12-09,"220, 141, 120, 230, 133, 99, 1, 0, 114, 408, 12, 14, 28, 7, 7, 37, 6, 9, 4, 0, 2, 75, 2, 0",27
2154,ادعيه pdf,20,20,0,1,0,80,,,2026-05-16 18:16:54,Image pack,100,4100,7800,2018-07-26,,
2155,دعاء السفر اللهم هون علينا سفرنا هذا,20,50,30,1,0,20,,,2026-05-22 12:36:58,"People also ask,Video preview,Image pack,Videos",50,20,30,2017-04-06,,
2156,تعقيب صلاة المغرب,20,100,700,1,0,1100,0.02,,2026-05-26 23:14:05,"Image pack,People also ask,Video preview",8100,200,2900,2016-02-11,"1081, 1075, 1092, 932, 1384, 1083, 1336, 1112, 1032, 726, 1049, 1341, 1076, 1135, 1127, 948, 1121, 1039, 1133, 1096, 1011, 1027, 1015, 1098","1166, 1184, 1137, 1088, 1148, 1079, 1149, 1128, 1043, 1060, 1047, 1130"
2157,دعاء للاحبة يوم الجمعة,20,160,1400,2,0,40,,,2026-06-02 18:50:56,"AI Overview,Thumbnail,People also ask,Image pack,Videos",100,70,500,2015-11-20,,
2158,دعاء زين العابدين,20,90,50,4,0,10,,,2026-05-06 0:53:53,"People also ask,Video preview,Thumbnail",50,10,20,2015-09-22,,
2159,دعاء للحفظ وعدم النسيان,20,90,700,1,0,200,0.03,,2026-06-08 0:51:49,"AI Overview,Thumbnail,Video preview,People also ask,Image pack",1900,30,50,2015-10-23,"306, 44, 106, 360, 458, 450, 432, 131, 364, 88, 202, 238, 245, 80, 74, 205, 317, 176, 184, 145, 300, 166, 148, 196","227, 133, 129, 173, 235, 287, 184, 145, 300, 165, 148, 196"
2160,دعاء للسجين بالخروج,20,80,40,2,0,10,,,2026-06-07 14:51:34,"AI Overview,Thumbnail,People also ask,Image pack",40,10,20,2020-05-07,,
2161,دعاء الخروج من مشكلة صعبة,20,270,1500,2,0,350,,,2026-05-17 5:23:57,"AI Overview,People also ask,Image pack,Video preview",1600,200,700,2018-10-06,"419, 306, 343, 433, 462, 485, 337, 191, 265, 299, 239, 345, 479, 163, 260, 242, 376, 434, 385, 368, 464, 330, 89, 295",
2162,اللهم رب جبرائيل وميكائيل,20,60,2800,3,0,150,0.4,,2026-05-30 6:10:41,"Image pack,People also ask,Video preview",450,500,900,2016-04-09,"1315, 2092, 1932, 1576, 919, 1108, 2171, 2292, 1748, 1478, 1179, 1119, 1091, 564, 13, 1, 9, 1, 3, 9, 71, 239, 15, 0",86
2163,صوره دعاء يوم الجمعه,20,40,0,2,0,20,,,2026-06-08 23:58:10,"Image pack,People also ask",70,70,300,2017-04-30,,
2164,دعاء يوم عرفة pdf,20,40,2300,3,0,3800,0.05,,2026-06-01 6:47:59,Image pack,7900,2100,5700,2015-09-23,"57572, 152, 113, 44, 44, 45, 38, 34, 34, 97, 42, 1280, 44318, 117, 67, 48, 47, 42, 32, 33, 31, 36, 39, 92",
2165,دعاء توفيق الابناء,20,40,60,1,0,70,,,2026-05-14 19:58:44,"AI Overview,Thumbnail,Video preview,People also ask,Image pack",100,3000,8700,2015-09-05,,
2166,تهنئة عيد الزواج لزوجتي,20,150,90,1,0,10,,,2026-05-18 7:06:12,"Image pack,People also ask,Video preview",80,200,1000,2020-08-18,,
2167,دعاء عقد نية الصيام,20,150,80,1,0,10,,,2026-05-29 2:52:11,"AI Overview,Thumbnail,People also ask,Video preview,Image pack",80,10,70,2016-06-06,,
2168,دعاء المظلوم الصور حسبي الله ونعم الوكيل في كل ظالم,20,50,110,2,2,20,0.02,,2026-06-09 9:21:12,"AI Overview,Thumbnail,Image pack,People also ask",50,10,100,2020-01-27,,
2169,دعاء عائشة رضي الله عنها,20,30,10,1,0,20,,,2026-05-09 23:36:44,"AI Overview,Video preview,People also ask,Image pack,Sitelinks",30,10,10,2015-10-07,,
2170,دعاء لولاة الامر,20,30,0,2,0,,,1,2026-05-28 13:44:47,"AI Overview,Thumbnail,People also ask,Image pack",,0,0,2015-09-01,,
2171,دعاء لتطويل الشعر,20,210,40,3,0,10,0.15,,2026-05-14 18:53:00,"AI Overview,Image pack,People also ask,Video preview",150,0,10,2015-10-16,,
2172,دعاء للاموات يوم عرفة,20,30,10,1,0,,,,2026-05-12 22:12:23,"People also ask,Image pack",,10,30,2020-07-29,,
2173,دعاء لمنع الاحتلام,20,250,0,1,0,20,,,2026-06-04 1:00:25,"AI Overview,Thumbnail,People also ask",250,0,0,2017-02-15,,
2174,دعاء دخول المنزل حصن المسلم,20,70,20,1,2,20,,,2026-05-26 10:23:02,"AI Overview,People also ask,Image pack,Videos,Sitelinks",70,10,20,2015-09-03,,
2175,دعاء كشف الضر,20,30,10,1,0,20,,,2026-05-22 9:46:32,"AI Overview,Thumbnail,Image pack,People also ask,Videos,Video preview",30,10,10,2015-10-20,,
2176,دعاء الابناء,20,70,700,1,0,1700,0.04,0.71,2026-06-05 16:38:26,"Image pack,People also ask,Video preview",3500,7200,8700,2015-09-22,"3853, 1483, 1806, 1780, 1798, 1826, 1816, 1770, 1438, 5012, 1233, 1745, 2340, 1162, 1430, 1419, 1711, 1392, 1465, 1639, 1417, 3663, 1232, 1859","2397, 1388, 1576, 1491, 1801, 1508, 1657, 1848, 1668, 3084, 2425, 1734"
2177,دعاء لجدي المتوفي في رمضان,20,100,90,1,0,20,,,2026-05-21 3:44:34,"AI Overview,People also ask,Video preview",100,10,90,2020-04-23,,
2178,دعاء للمريض في غيبوبة,20,80,20,2,0,10,,,2026-05-28 11:23:43,"AI Overview,Thumbnail,People also ask,Image pack",60,10,10,2020-03-13,,
2179,اذكار النوم,20,50,181000,2,5,53000,0.02,0.75,2026-05-24 1:14:59,"Image pack,People also ask,Video preview",285000,28000,162000,2015-09-01,"50366, 54910, 58814, 59069, 59760, 60987, 57258, 59049, 54515, 37452, 50931, 56603, 48371, 50939, 57292, 54065, 56004, 56610, 55148, 57587, 56269, 42345, 46933, 53035","48305, 49304, 53255, 51581, 55380, 53767, 55058, 54865, 52182, 42948, 44293, 50485"
2180,اخر ساعه من الجمعه,20,30,900,1,0,2200,,,2026-06-07 22:54:30,"People also ask,Image pack,Video preview",2400,1100,1100,2018-02-02,"1922, 2253, 2895, 2346, 2335, 2870, 2363, 2829, 1946, 1595, 1942, 2946, 1569, 1947, 2673, 2229, 2776, 1762, 1856, 2318, 1942, 1819, 2203, 2432","2056, 2160, 2459, 2362, 2533, 1938, 2332, 2417, 2418, 2459, 2437, 2572"
2181,اذاعه عن العلم,20,90,100,1,0,150,,1.41,2026-05-22 15:54:16,"AI Overview,Video preview,Sitelinks,Image pack",450,350,350,2015-09-05,"8, 3, 586, 470, 317, 168, 204, 167, 27, 21, 248, 137, 3, 8, 119, 328, 183, 110, 63, 180, 160, 195, 139, 219","94, 75, 238, 426, 433, 235, 219, 193, 172, 210, 149, 235, 101"
2182,دعاء بين الفجر والصبح,20,430,350,2,0,50,,,2026-05-10 16:31:01,"Image pack,People also ask,Sitelinks,Video preview",600,70,200,2015-09-14,,
2183,دعاء يوم الترويه,20,20,1480,4,0,1900,,,2026-06-07 20:23:35,"AI Overview,Thumbnail,People also ask,Image pack,Video preview",3100,90,200,2015-09-22,"10307, 1, 1233, 1193, 1083, 1080, 1096, 1113, 1130, 1147, 1163, 1993, 534, 1, 1602, 2037, 2136, 2196, 2256, 2316, 2378, 2442, 2507, 2444","1, 1454, 2164, 2529, 2665, 2743, 2815, 2888, 2964, 3041, 3121, 2871"
2184,اللهم رب هذه الدعوة التامة,20,60,1600,4,0,2000,0.1,0.64,2026-06-05 21:29:15,"Image pack,People also ask,Thumbnail,Video preview",3300,200,400,2015-09-02,"1409, 1822, 1867, 1824, 1679, 1531, 1849, 1912, 1513, 2186, 1172, 1456, 1479, 2876, 2362, 2466, 2389, 2029, 2773, 1567, 1659, 1895, 1246, 2199","2235, 2308, 2253, 2318, 2524, 2402, 2631, 2266, 2627, 2680, 2363, 2379"
2185,دعاء تحقيق الامنيات قبل النوم,20,100,80,1,0,20,,,2026-05-20 11:53:38,"AI Overview,Thumbnail,Video preview,People also ask,Image pack",100,10,80,2021-02-22,"229, 269, 334, 250, 271, 209, 85, 34, 33, 133, 44, 75, 73, 53, 9, 36, 0, 0, 1, 1, 1, 2, 0, 1",
2186,أفضل دكتور جلدية في مستوصف سابا,20,80,0,1,0,,0.2,,2026-05-18 14:37:29,"Local pack,People also ask,Video preview",,90,90,2020-05-12,,
2187,دعاء لشخص بالرزق,20,40,70,1,5,30,,,2026-05-26 13:37:35,"AI Overview,Thumbnail,People also ask,Videos,Sitelinks,Image pack",60,90,100,2017-06-17,,
2188,حسبي الله ونعم الوكيل,20,70,7300,2,2,15000,0.02,0.29,2026-06-01 7:15:40,"Image pack,People also ask,Videos,Sitelinks,Video preview",106000,450,1800,2015-09-01,"21386, 19284, 19008, 17147, 18665, 15353, 17119, 15600, 14605, 18704, 15588, 15971, 15437, 14764, 16739, 14298, 15478, 13801, 14036, 12879, 12907, 14416, 14462, 15594","16248, 16138, 15751, 13211, 14048, 13026, 13049, 12017, 12052, 13564, 13615, 14751"
2189,دعاء جلب الحبيب كالمجنون مجرب,20,260,20,2,0,20,,,2026-05-18 8:09:22,"AI Overview,Thumbnail,Video preview,People also ask,Image pack",250,10,20,2021-10-05,,
2190,دعاء الحرم المكي اليوم,20,20,0,1,0,20,,,2026-05-29 19:21:52,"AI Overview,Thumbnail,Video preview,People also ask,Sitelinks",20,0,0,2020-04-23,"64, 42, 2, 4, 3, 5, 1, 1, 0, 255, 26, 29, 11, 17, 0, 1, 2, 0, 0, 2, 12, 105, 5, 9",
2191,اعوذ بعزة الله وقدرته من شر ما اجد واحاذر,20,30,750,2,0,600,0.03,0.75,2026-06-09 6:49:11,"AI Overview,Thumbnail,Image pack,People also ask,Video preview",700,300,350,2015-10-22,"569, 949, 835, 681, 665, 655, 676, 679, 539, 576, 634, 429, 393, 473, 706, 711, 647, 657, 573, 557, 559, 550, 483, 430","411, 432, 469, 420, 350, 344, 436, 390, 380, 388, 319, 276"
2192,تعزية متوفي,20,30,500,1,1,1800,,,2026-05-30 4:02:33,"AI Overview,People also ask,Image pack,Video preview",1900,5200,8700,2016-04-13,"1309, 1365, 1409, 1173, 1390, 1423, 1362, 1647, 1370, 1407, 1421, 1391, 1331, 856, 1674, 2128, 2433, 1958, 2069, 2108, 2054, 2053, 2049, 2046","2074, 1999, 2056, 2071, 1944, 1922, 1978, 2004, 1961, 1952, 1955, 1948"
2193,دعاء يقوي الثقة بالنفس,20,100,20,1,0,10,,,2026-05-21 16:59:02,"AI Overview,People also ask,Image pack,Video preview,Sitelinks",60,20,40,2017-02-11,,
2194,دعاء تعزية للميت,20,50,400,1,2,200,,,2026-05-17 6:20:30,"AI Overview,Image pack,People also ask",250,69000,339000,2017-05-13,,
2195,تحصين النفس من الجن,20,240,190,2,0,70,,,2026-06-09 6:04:04,"AI Overview,Image pack,People also ask,Video preview,Sitelinks",300,20,90,2016-03-05,,
2196,دعاء يوم الخميس المستجاب,20,150,40,1,0,20,,,2026-05-12 16:34:04,"AI Overview,Thumbnail,Video preview,People also ask,Image pack",150,10,40,2020-10-14,,
2197,دعاء نزول الحصوة,20,100,10,1,3,20,,,2026-05-28 12:08:06,"Videos,People also ask,Sitelinks",100,0,10,2021-10-03,,
2198,دعاء الرضا بالقدر,20,50,80,1,0,20,,,2026-05-26 0:38:59,"AI Overview,People also ask,Image pack,Video preview",50,10,80,2017-10-12,,
2199,دعاء التشهد الاول,20,40,70,1,5,600,0.02,0.55,2026-06-07 11:07:07,"AI Overview,Thumbnail,People also ask,Image pack,Video preview",700,9600,30000,2015-10-30,"531, 534, 537, 440, 535, 421, 548, 537, 551, 966, 642, 1126, 424, 363, 451, 448, 536, 450, 457, 515, 583, 972, 541, 952","438, 421, 469, 454, 573, 471, 519, 542, 539, 819, 690, 843"
2200,دعاء لنفسي واولادي,20,50,70,1,0,50,,,2026-06-05 0:36:50,"AI Overview,Thumbnail,People also ask,Video preview,Image pack",80,5400,10000,2017-02-03,,
2201,اللهم احفظ أبي وأطل في عمره,20,100,30,1,0,10,,,2026-05-29 5:17:58,"AI Overview,People also ask,Image pack,Videos",40,0,0,2020-07-22,,
2202,دعاء رد العين,20,80,30,1,0,200,,,2026-05-10 9:11:01,"AI Overview,People also ask,Image pack,Video preview",700,10,50,2017-05-13,"515, 436, 304, 248, 272, 330, 279, 218, 205, 245, 199, 238, 217, 199, 196, 207, 254, 142, 208, 247, 177, 227, 176, 187",
2203,دعاء أول يوم من ذي الحجة,20,250,10,1,0,10,,,2026-05-20 9:38:07,"Videos,People also ask,Video preview",30,40,60,2021-07-10,,
2204,دعاء لتسهيل نزول الجنين الميت,20,70,60,4,0,10,,,2026-05-13 10:37:40,"AI Overview,Thumbnail,People also ask,Video preview",30,10,10,2021-08-22,,
2205,دعاء وزيارة يوم الخميس,20,200,100,1,0,20,,,2026-05-07 15:51:29,,200,20,100,2016-02-04,,
2206,دعاء التوسل بأهل البيت,20,90,30,1,0,20,,,2026-05-25 12:48:51,"Videos,People also ask,Video preview,Image pack",90,10,30,2019-02-02,,
2207,دعاء خروج الجن العاشق من الجسم,20,90,550,3,0,250,0.9,,2026-05-12 17:28:39,"AI Overview,People also ask,Video preview",1900,0,0,2020-04-20,"91, 192, 237, 250, 305, 204, 252, 384, 315, 318, 314, 255, 201, 257, 235, 295, 289, 276, 218, 246, 231, 232, 229, 231","223, 238, 233, 234, 234, 225, 225, 242, 227, 228, 224, 227"
2208,دعاء بالعافيه,20,50,0,2,0,10,,,2023-06-23 7:00:21,"Featured snippet,Thumbnail,Image pack",10,500,,2016-08-11,,
2209,دعاء عائض القرني في الفلبين,20,20,10,1,0,20,,,2026-05-29 5:11:01,"Image pack,Video preview,People also ask,Sitelinks",20,10,10,2016-09-21,,
2210,دعاء زين العابدين لتفريج الكرب,20,100,20,1,0,20,,,2026-06-08 12:04:57,"AI Overview,Thumbnail,People also ask,Video preview",100,10,20,2015-09-05,,
2211,كيف اتوب من اللعن,20,40,0,1,0,20,,,2026-05-11 2:04:44,"AI Overview,People also ask,Video preview",30,10,10,2016-03-14,,
2212,تصميم دعاء,20,40,70,1,0,20,,,2026-05-06 19:17:09,"People also ask,Video preview",40,30,70,2015-09-12,,
2213,دعاء قبل الفجر للفرج,20,100,30,1,0,20,,,2026-06-08 18:09:47,"AI Overview,Thumbnail,People also ask,Image pack",100,10,30,2020-10-14,,
2214,دعاء موت الفجأة,20,100,70,1,0,20,,,2026-05-11 21:49:34,"AI Overview,Video preview,Thumbnail,People also ask,Image pack",100,10,70,2015-09-10,,
2215,اللهم انت خلقتني وانت تهديني,20,100,1000,2,0,700,0.15,,2026-06-03 8:30:01,"Image pack,People also ask,Video preview",2500,150,450,2015-09-19,"1350, 1340, 1630, 1084, 3031, 1595, 823, 814, 462, 479, 732, 723, 727, 859, 579, 710, 693, 1082, 723, 661, 645, 703, 610, 621",
2216,دعاء توديع الأهل عند السفر,20,80,0,1,0,20,,,2026-06-05 9:21:36,"AI Overview,Thumbnail,People also ask,Image pack,Sitelinks",80,0,0,2020-09-10,,
2217,دعاء فطام الرضيع,20,600,100,2,0,10,,,2026-05-23 4:11:15,"AI Overview,Thumbnail,Image pack,People also ask,Video preview,Sitelinks",450,0,50,2018-01-04,,
2218,دعاء للابناء في العشر الاواخر من رمضان,20,80,30,2,0,20,,,2026-05-25 15:13:22,"AI Overview,Thumbnail,Image pack,People also ask,Video preview",60,10,10,2022-04-26,,
2219,دعاء البرق,20,60,4700,1,0,1500,0.01,0.63,2026-06-07 10:11:30,"AI Overview,Thumbnail,People also ask,Image pack,Video preview",6000,2400,4600,2015-10-17,"359, 672, 5789, 3168, 2554, 1559, 140, 1451, 666, 3224, 1433, 665, 15, 472, 3225, 559, 297, 2180, 5501, 599, 1116, 1625, 2263, 1035","276, 1104, 1780, 918, 1473, 2076, 1402, 1732, 1159, 1688, 2351, 1076"
2220,الدعاء للميت,20,30,0,1,4,3800,0.01,0.87,2026-05-28 19:18:22,"AI Overview,Thumbnail,People also ask,Video preview,Image pack",21000,69000,354000,2015-09-01,"4194, 3758, 3588, 3290, 3142, 3565, 3977, 4030, 3694, 3792, 4096, 4119, 4178, 3746, 3579, 3284, 3137, 3560, 3972, 4027, 3692, 3789, 4094, 4117","4177, 3746, 3578, 3283, 3136, 3560, 3972, 4027, 3692, 3789, 4094, 4117"
2221,دعاء لفك تعطيل الرزق,20,50,10,1,0,20,,,2026-05-09 9:36:23,"AI Overview,Video preview,Thumbnail,People also ask,Image pack",50,0,10,2016-12-04,,
2222,دعاء الافتتاح mp3,20,90,150,1,0,20,,,2026-05-29 18:16:41,"Videos,Video preview,People also ask",90,10,150,2016-06-07,"0, 0, 0, 0, 0, 0, 0, 0, 0, 204, 0, 0, 0, 2, 2, 0, 2, 4, 4, 6, 101, 85, 2, 13",
2223,دعاء اكتئاب ما بعد الولادة,20,100,20,1,3,20,,,2026-05-15 1:46:03,"People also ask,Image pack,Sitelinks",100,10,20,2021-11-08,,
2224,دعاء سهل,20,50,10,2,0,40,,,2026-05-13 22:17:53,"AI Overview,People also ask,Image pack,Video preview",200,4900,13000,2015-10-19,,
2225,دعاء للغنى والثراء مجرب,20,80,10,1,7,20,,,2026-05-15 1:06:11,"People also ask,Image pack,Video preview",80,10,10,2018-01-26,,
2226,دعاء تفريج الهم لشخص,20,130,600,4,0,150,,,2026-05-12 12:28:51,"AI Overview,Thumbnail,People also ask,Image pack,Sitelinks",300,700,700,2020-02-05,,
2227,كفارة الدعاء على الأولاد,20,60,20,1,0,150,0.15,,2026-05-12 1:28:57,"AI Overview,Thumbnail,People also ask,Image pack,Sitelinks",450,30,50,2020-06-07,,
2228,دعاء الصبر لشخص عزيز,20,60,30,2,0,20,0.06,,2026-06-05 9:10:52,"AI Overview,Thumbnail,People also ask,Image pack,Video preview",50,0,10,2021-12-14,,
2229,دعاء لتقوية الايمان,20,90,10,1,0,20,,,2026-05-23 23:35:12,"AI Overview,People also ask,Image pack",90,10,10,2016-02-12,,
2230,دعاء للوالد بالصحة والعافية,20,110,1630,2,0,600,,,2026-05-19 20:19:09,"AI Overview,People also ask,Image pack,Video preview",1500,700,1400,2020-12-11,"1638, 1265, 1538, 1305, 1416, 1450, 1373, 1310, 1228, 2297, 743, 620, 548, 822, 715, 513, 538, 445, 559, 707, 631, 684, 190, 477",
2231,دعاء الشتاء,20,2700,300,1,0,20,,,2026-05-11 16:38:30,"AI Overview,Thumbnail,Image pack,People also ask,Sitelinks,Video preview",2700,0,300,2015-11-17,,
2232,دعاء لأمي رحمها الله,20,170,3500,2,0,10,,,2026-06-05 10:51:06,"AI Overview,Thumbnail,People also ask,Image pack",40,1300,3400,2016-03-25,,
2233,دعاء للأصدقاء بالتوفيق,20,170,80,2,0,10,,,2026-06-02 6:57:41,"AI Overview,Thumbnail,People also ask",30,350,800,2019-03-29,,
2234,أصبحنا وأصبح الملك لله,20,50,1200,2,0,350,0.02,0.41,2026-05-30 5:58:14,"AI Overview,Thumbnail,Image pack,Video preview,People also ask",1200,1000,1100,2015-09-03,"167, 225, 243, 327, 432, 410, 414, 404, 325, 140, 342, 331, 255, 283, 438, 475, 418, 385, 373, 349, 350, 329, 307, 312","338, 351, 410, 428, 418, 372, 383, 349, 350, 329, 307, 312"
2235,اللهم اجعل في قلبي نورا,20,70,400,1,0,1300,0.2,0.97,2026-05-29 0:54:26,"Image pack,Sitelinks,People also ask,Video preview",2200,200,400,2015-09-03,"1690, 1377, 1707, 1699, 1686, 1355, 1096, 1383, 1288, 2079, 1728, 1666, 1650, 1336, 1371, 1356, 1147, 1123, 1111, 1224, 1192, 1386, 1477, 1297","1306, 1365, 1314, 1312, 1343, 1247, 1245, 1299, 1267, 1462, 1552, 1372, 1381"
2236,دعاء للزوج في رمضان,20,80,40,1,0,20,,,2026-05-21 22:04:09,"People also ask,Image pack,Video preview,Sitelinks",80,10,40,2016-06-22,,
2237,دعاء المعجزات للشفاء,20,90,10,1,0,20,,,2026-05-27 7:59:16,"AI Overview,Thumbnail,People also ask,Image pack",90,0,10,2018-07-25,,
2238,دعاء تسهيل الولادة عند الشيعة,20,70,150,1,0,20,,,2026-05-27 16:02:07,"AI Overview,Video preview,People also ask,Videos,Image pack",70,30,150,2015-12-08,,
2239,دعاء مجرب لهداية شخص,20,120,30,2,0,,,,2026-06-06 21:05:48,"AI Overview,Thumbnail,People also ask,Sitelinks,Image pack,Video preview",20,0,10,2021-12-16,,
2240,دعاء يوم الجمعة في رمضان,20,200,100,1,0,150,,,2026-05-27 4:26:04,"AI Overview,People also ask,Image pack,Video preview",450,20000,67000,2016-06-10,,
2241,دعاء اول يوم اختبار,20,80,10,2,0,10,,,2026-05-14 18:07:42,"People also ask,Image pack",40,10,10,2020-12-12,"121, 1, 0, 10, 7, 96, 36, 7, 86, 0, 0, 6, 46, 2, 6, 0, 3, 1, 27, 57, 1, 0, 0, 2",
2242,ادعية العشر الاواخر من رمضان,20,50,1900,1,0,900,0.01,,2026-05-29 3:20:57,"AI Overview,People also ask,Image pack,Video preview",6800,4500,11000,2016-06-07,"10, 1, 1, 1, 1, 1, 1, 2, 5, 14354, 22, 14, 11, 2, 3, 2, 3, 2, 522, 516, 517, 8989, 537, 1525","528, 655, 666, 648, 639, 628, 978, 979, 980, 2293, 1905, 1247"
2243,دعاء رؤية الهلال الصحيفة السجادية,20,90,20,1,0,20,,,2026-06-09 7:55:39,"People also ask,Video preview",90,10,20,2020-06-25,,
2244,دعاء للميت امي,20,100,40,1,0,150,,,2026-05-14 19:22:53,"AI Overview,Thumbnail,Video preview,People also ask,Image pack",400,3800,16000,2015-11-03,,
2245,هل دعاء يوم عرفة مستجاب,20,80,200,1,8,20,,,2026-05-07 18:27:55,"AI Overview,Thumbnail,People also ask,Sitelinks",80,0,200,2018-07-16,,
2246,جوامع الدعاء pdf,20,50,0,1,0,1600,,1.21,2026-06-05 10:02:09,"Image pack,Video preview",4900,10000,16000,2015-09-22,"6775, 65, 1204, 957, 573, 1263, 1252, 2724, 21, 2534, 774, 1583, 1407, 1310, 1719, 1728, 1722, 1765, 1780, 1732, 1746, 1350, 1669, 1852","1329, 2009, 1925, 1961, 2001, 1985, 2008, 1889, 2119, 1742, 2047, 2094"
2247,دعاء عذاب القبر,20,90,20,1,0,20,,,2026-05-28 8:17:48,"AI Overview,Video preview,People also ask,Image pack,Sitelinks",90,10,20,2015-09-23,,
2248,دعاء عتق رقبة,20,20,0,1,0,10,,,2026-06-08 3:55:15,"AI Overview,People also ask,Image pack,Video preview",10,10,10,2016-12-20,,
2249,دعاء صباح المطر,20,90,0,1,0,20,,,2026-05-28 10:06:35,"AI Overview,Thumbnail,People also ask,Image pack,Videos,Video preview",90,0,0,2020-12-26,"0, 3, 105, 7, 53, 73, 16, 83, 157, 28, 14, 2, 0, 3, 23, 5, 1, 12, 112, 4, 9, 59, 37, 8",
2250,الاستغفار,20,100,2500,1,6,4300,0.02,0.58,2026-06-02 15:22:43,"AI Overview,Thumbnail,People also ask,Video preview,Image pack",19000,7400,11000,2015-09-01,"4278, 4492, 4368, 4033, 4411, 4372, 4348, 4042, 4169, 4536, 4634, 4274, 4241, 4456, 4333, 4002, 4378, 4341, 4318, 4016, 4142, 4508, 4606, 4249","4218, 4432, 4311, 3982, 4357, 4321, 4299, 3998, 4125, 4490, 4589, 4233"
2251,دعاء الاستعاذة من الشيطان,20,60,40,1,0,20,,,2026-05-09 17:12:59,"AI Overview,People also ask,Image pack,Sitelinks",60,30,40,2015-09-21,,
2252,الرد على الدعاء,20,60,30,1,0,40,,,2026-05-09 4:38:11,"AI Overview,People also ask",100,10,10,2016-04-22,,
2253,دعاء لصديقتي في ليلة القدر,20,100,20,1,0,30,,,2026-06-08 8:18:42,"AI Overview,Thumbnail,People also ask,Video preview,Image pack",350,10,10,2020-05-12,"7, 1, 0, 0, 0, 0, 0, 0, 0, 284, 1, 1, 0, 0, 0, 0, 0, 0, 0, 0, 0, 297, 1, 0",100
2254,ادعية الاستفتاح,20,100,900,1,1,500,0.04,1.06,2026-06-04 8:04:55,"AI Overview,Thumbnail,People also ask,Video preview,Image pack",1400,350,400,2015-09-11,"493, 500, 502, 406, 517, 618, 619, 631, 511, 1112, 418, 504, 406, 415, 626, 429, 406, 426, 506, 519, 464, 600, 610, 587","515, 515, 472, 430, 455, 501, 519, 527, 472, 608, 618, 595"
2255,دعاء في المطر تويتر,20,30,20,1,0,20,,,2026-05-18 22:42:59,People also ask,20,15000,21000,2020-03-18,,
2256,كلام وداع الأصدقاء,20,90,500,1,0,250,0.01,,2026-05-18 4:23:06,"AI Overview,People also ask,Image pack",1000,300,450,2020-05-07,"2219, 313, 567, 380, 320, 372, 375, 260, 299, 140, 261, 481, 812, 211, 317, 256, 209, 139, 181, 180, 109, 79, 175, 308","684, 199, 274, 222, 223, 224, 228, 226, 220, 198, 200, 334, 710"
2257,رسالة شكر لمعلمة القران,20,70,70,1,0,30,,,2026-05-30 3:27:41,"AI Overview,Thumbnail,People also ask,Image pack,Video preview",100,50,50,2016-05-03,,
2258,دعاء على الزوج الذي يخون زوجته,20,170,200,5,0,50,,,2026-05-09 0:08:16,"AI Overview,People also ask,Image pack,Sitelinks,Video preview",250,10,40,2020-04-17,,
2259,دعاء سيدنا يعقوب لرد الغائب,20,150,200,1,0,20,,,2026-06-09 4:40:55,"AI Overview,People also ask,Image pack",150,10,200,2022-06-15,,
2260,دعاء اخر جمعه في السنه,20,90,30,1,0,20,,,2026-06-05 6:03:20,"AI Overview,Thumbnail,People also ask,Image pack,Sitelinks",90,20,30,2016-09-30,,
2261,دعاء لحبيبتي أن تكون من نصيبي,20,220,70,4,0,20,,,2026-06-01 10:49:13,"AI Overview,Thumbnail,People also ask,Video preview,Image pack",200,10,30,2021-05-08,,
2262,دعاء لابنتي بالتوفيق في الدراسة,20,40,80,1,0,40,,,2026-06-01 10:01:01,"AI Overview,Thumbnail,People also ask,Video preview,Image pack",200,10,300,2020-03-27,,
2263,صور دعاء للام المتوفيه,20,200,30,1,0,20,,,2026-05-19 12:52:10,"Image pack,People also ask,Videos,Video preview",90,600,3900,2016-03-03,,
2264,فضل صلاة الضحى ابن باز,20,40,90,1,1,30,,,2026-05-13 10:42:35,"AI Overview,People also ask",40,80,150,2018-09-16,,
2265,الدعاء بعد الطواف,20,20,60,1,0,150,,,2026-05-22 12:24:02,"AI Overview,People also ask,Image pack,Video preview",150,54000,55000,2017-06-09,,
2266,دعاء للملك سلمان,20,30,30,1,0,70,0.04,1.1,2026-05-18 8:45:33,"AI Overview,Thumbnail,People also ask,Image pack",70,0,0,2015-09-07,"128, 55, 85, 365, 449, 76, 75, 75, 91, 237, 58, 59, 58, 62, 50, 183, 47, 48, 63, 44, 39, 69, 57, 78","24, 167, 27, 186, 46, 109, 66, 37, 33, 57, 48, 65"
2267,dua for sick person,20,80,1600,1,0,150,0.4,,2026-05-25 18:21:13,"AI Overview,Thumbnail,People also ask,Sitelinks",3300,100,4400,2015-10-27,,
2268,دعاء لتهدئة النفس,20,50,250,1,6,250,0.02,,2026-06-05 18:25:40,"AI Overview,Thumbnail,People also ask,Image pack,Video preview",1400,200,700,2015-10-26,"203, 281, 352, 421, 371, 434, 518, 351, 291, 233, 262, 281, 222, 279, 287, 293, 241, 237, 283, 276, 259, 264, 260, 262","265, 263, 280, 283, 268, 268, 279, 282, 265, 270, 266, 268"
2269,دعاء الضيق والهم والحزن قصير,20,60,250,1,0,300,,,2026-05-17 21:21:39,"AI Overview,Image pack,People also ask",800,3900,4900,2016-11-22,"548, 450, 568, 457, 596, 862, 740, 450, 406, 579, 597, 482, 400, 488, 384, 324, 225, 211, 321, 214, 177, 155, 127, 119","223, 1011, 1247, 627, 329, 275, 259, 209, 173, 152, 125, 117"
2270,دعاء صلاح الذرية,20,40,30,1,0,10,,,2026-06-02 8:57:22,"AI Overview,Thumbnail,Image pack,People also ask,Video preview",30,30,30,2015-09-14,,
2271,تهنئة عمرة مقبولة,20,100,1000,1,0,200,,,2026-05-28 0:36:40,"AI Overview,Image pack,People also ask",1200,450,800,2017-04-04,"15, 264, 221, 218, 245, 275, 234, 363, 264, 1400, 65, 139, 29, 254, 259, 179, 196, 188, 210, 175, 249, 315, 192, 28",179
2272,دعاء الرزق قبل النوم,20,70,20,1,0,30,,,2026-06-04 13:55:23,"AI Overview,Thumbnail,People also ask,Image pack",70,10,10,2020-01-10,,
2273,دعاء اخر جمعة في شعبان,20,30,60,1,0,20,,,2026-05-27 20:19:01,"People also ask,Image pack",90,60,100,2020-04-16,,
2274,دعاء على من أخذ مالي ولم يرده,20,40,20,1,0,20,,,2026-05-22 23:32:16,"AI Overview,People also ask,Videos,Video preview,Image pack",40,20,20,2022-07-04,,
2275,دعاء المسيح,20,100,0,1,0,20,,,2026-05-25 11:06:43,"AI Overview,Thumbnail,Image pack,People also ask",100,0,0,2019-05-29,,
2276,جلب الحبيب,20,1150,1300,2,0,1800,0.9,1.52,2026-05-26 20:09:42,"Top ads,Paid sitelinks,AI Overview,Thumbnail,People also ask,Image pack,Video preview,Bottom ads",11000,400,1500,2015-09-02,"1726, 2033, 1975, 1759, 1705, 1809, 1957, 1844, 1787, 1993, 1762, 1715, 1734, 2043, 1985, 1768, 1714, 1818, 1967, 1853, 1796, 2003, 1771, 1723","1743, 2054, 1994, 1777, 1722, 1827, 1977, 1862, 1805, 2013, 1780, 1732"
2277,دعاء الخوف من الشرك,20,50,0,2,0,10,,,2026-06-01 8:45:32,"AI Overview,Thumbnail,People also ask,Image pack,Video preview,Sitelinks",30,0,0,2015-12-15,,
2278,دعاء اذاعه مدرسيه,20,750,5200,3,0,150,,,2026-05-18 6:34:57,"AI Overview,Thumbnail,People also ask,Image pack,Video preview",700,350,1700,2015-10-20,,
2279,دعاء الحر الشديد ابن باز,20,150,30,1,0,20,,,2026-05-07 23:42:26,"AI Overview,Video preview,People also ask",150,0,30,2022-06-25,,
2280,دعاء للمريض في المطر,20,40,10,1,0,20,,,2026-05-06 15:44:16,"AI Overview,Thumbnail,People also ask,Sitelinks",40,10,10,2017-03-25,"0, 4, 58, 0, 7, 8, 0, 40, 61, 47, 2, 6, 0, 0, 48, 1, 1, 1, 81, 1, 0, 12, 25, 3",
2281,ارذل العمر,20,50,20,1,0,350,,0.56,2026-06-02 21:46:16,"AI Overview,Thumbnail,Image pack,People also ask",800,90,100,2015-10-07,"457, 471, 532, 463, 673, 526, 450, 477, 343, 404, 452, 378, 458, 470, 379, 378, 347, 336, 296, 319, 322, 336, 384, 309","316, 290, 304, 298, 362, 348, 320, 320, 324, 337, 385"
2282,دعاء المطر يوم الجمعة,20,70,20,2,0,20,,,2026-05-07 20:40:32,"AI Overview,Thumbnail,People also ask,Sitelinks,Video preview",60,10,10,2020-01-10,,
2283,دعاء شرب الماء,20,60,0,1,0,20,,,2026-05-18 10:41:53,"AI Overview,Thumbnail,People also ask,Image pack,Video preview",60,0,0,2015-10-30,,
2284,صور دعاء بالشفاء,20,100,0,2,0,10,0.02,,2026-05-11 22:48:11,"Image pack,People also ask,Thumbnail",70,0,0,2015-10-02,,
2285,الحمدلله على تمام النعم انتهت الاجازه,20,30,0,1,0,10,,,2026-05-08 12:33:41,"AI Overview,Image pack,People also ask,Video preview",10,30,30,2020-01-15,,
2286,دعاء الاختبارات للابناء,20,30,400,1,0,400,0.15,,2026-06-04 6:50:38,"AI Overview,Thumbnail,People also ask,Video preview,Image pack",700,350,500,2016-05-15,"1422, 22, 32, 209, 321, 2305, 629, 146, 1896, 45, 179, 500, 1436, 31, 48, 57, 133, 87, 606, 1487, 98, 46, 269, 405","1118, 230, 235, 225, 238, 192, 582, 1118, 139, 463, 428, 519"
2287,دعاء موسى,20,60,30,1,0,500,0.06,0.32,2026-05-23 6:32:37,"AI Overview,Video preview,People also ask,Image pack",1000,450,900,2015-10-14,"410, 1156, 298, 277, 375, 311, 308, 250, 230, 606, 296, 394, 399, 944, 347, 278, 381, 297, 435, 369, 412, 1807, 322, 377","401, 982, 353, 277, 380, 302, 411, 347, 379, 579, 326, 380"
2288,دعاء للمخطوبين,20,70,20,1,0,30,,,2026-06-02 4:00:52,"People also ask,Video preview,Image pack",250,10,20,2015-09-15,,
2289,دعاء للحبيب بالسعادة وراحة البال,20,510,500,2,0,200,,,2026-05-04 12:15:47,"AI Overview,People also ask",1600,80,300,2021-12-17,"85, 101, 83, 115, 119, 86, 84, 183, 118, 465, 134, 134, 116, 132, 166, 194, 228, 200, 241, 213, 179, 243, 253, 169","171, 159, 142, 128, 115, 101, 94, 133, 108, 172, 187, 104"
2290,دعاء الاولاد,20,40,250,1,0,600,0.02,,2026-06-02 5:12:23,"Image pack,People also ask,AI Overview,Video preview",1500,7100,8400,2015-10-24,"1211, 538, 646, 656, 673, 643, 634, 621, 504, 1494, 406, 517, 864, 510, 533, 605, 615, 503, 609, 643, 626, 804, 851, 721","755, 706, 619, 634, 640, 625, 666, 669, 653, 831, 877, 748"
2291,دعاء صلاة الوتر مستجاب,20,20,100,1,0,450,0.02,,2026-06-05 2:18:28,"AI Overview,Thumbnail,People also ask,Image pack,Video preview",700,4900,11000,2021-04-03,"525, 653, 675, 769, 790, 690, 957, 690, 701, 1869, 388, 310, 248, 298, 370, 400, 465, 458, 584, 474, 470, 662, 507, 438","392, 419, 485, 493, 502, 481, 539, 484, 480, 672, 517, 448"
2292,دعاء لامي في يوم عرفه,20,50,20,1,0,10,,,2026-05-11 20:19:51,"People also ask,Image pack,Video preview",40,10,20,2020-07-22,,
2293,اذا احد دعا لي وش ارد,20,50,30,1,0,40,,,2026-05-26 21:27:44,"AI Overview,People also ask,Video preview",50,30,30,2020-05-15,"172, 159, 97, 19, 21, 52, 61, 54, 10, 87, 14, 9, 13, 16, 10, 13, 20, 21, 57, 40, 50, 140, 50, 14",69
2294,دعاء تخصيب البويضة,20,200,20,1,6,20,,,2026-05-22 19:49:24,"People also ask,Video preview",50,800,2400,2021-10-13,,
2295,دعاء تحصين الاولاد,20,50,300,2,0,300,0.04,1,2026-05-18 2:20:23,"Image pack,People also ask,Video preview",1900,900,2300,2015-09-03,"208, 244, 328, 324, 449, 388, 336, 335, 264, 250, 318, 318, 214, 265, 274, 373, 295, 230, 268, 304, 311, 314, 253, 268","245, 241, 265, 303, 302, 287, 256, 305, 312, 316, 254"
2296,دعاء لجبر القلب,20,40,20,2,0,10,,,2026-05-18 15:02:06,"AI Overview,Thumbnail,Video preview,People also ask,Image pack",10,10,10,2017-11-07,,
2297,دعاء شرب الدواء,20,80,10,1,1,20,,,2026-06-01 6:40:49,"AI Overview,People also ask,Videos,Sitelinks,Image pack",80,10,10,2020-02-04,,
2298,ادعية دعاء صلاة الضحى,20,40,10,1,0,80,,,2026-05-30 2:24:19,"AI Overview,Image pack,People also ask,Video preview",250,800,1300,2023-02-03,,
2299,دعاء لمن اغتبته,20,30,10,1,0,20,,,2026-05-21 4:44:18,"AI Overview,People also ask,Videos,Image pack",30,10,10,2020-05-20,,
2300,دعاء قيام الليل pdf,20,50,160,2,0,150,,,2026-05-11 9:26:54,"Image pack,People also ask",700,4200,8000,2017-05-29,"46, 28, 3, 108, 111, 113, 115, 116, 119, 120, 98, 127, 130, 132, 133, 135, 138, 141, 143, 145, 149, 150, 118, 160","164, 167, 171, 169, 172, 176, 179, 182, 186, 188, 176, 197"
2301,دعاء لبناتي الثنتين تويتر,20,150,0,1,0,20,,,2026-06-07 15:20:18,"AI Overview,People also ask,Image pack",150,0,0,2022-07-08,,
2302,دعاء الخوف من قيادة السيارة,20,60,0,1,0,20,,,2026-05-18 15:06:37,"AI Overview,People also ask,Image pack",60,0,0,2015-12-12,,
2303,ادعية يوم عرفة,20,70,66000,2,0,12000,0.02,1.18,2026-06-02 11:21:56,"AI Overview,Thumbnail,Video preview,Image pack,People also ask",37000,2800,3800,2015-09-18,"20155, 44936, 19062, 9710, 6745, 4928, 4242, 4391, 5109, 1790, 4792, 4825, 21248, 46029, 20155, 10803, 7838, 6020, 5335, 5484, 6202, 2883, 5885, 5918","22340, 47122, 21248, 11895, 8931, 7113, 6427, 6576, 7295, 3976, 6977, 7010"
2304,دعاء يوم التأسيس,10,10,0,2,0,,,,2026-05-23 7:29:28,"People also ask,Video preview",,0,0,2022-02-19,,
2305,دعاء الخطوبة اللهم بارك لهما,10,60,300,2,0,30,,,2026-05-21 19:40:21,"AI Overview,Thumbnail,People also ask,Video preview,Image pack",150,40,200,2021-01-20,,
2306,ادعية صباحية صباح الخير 2023 جديد,10,150,10,1,0,,,,2026-05-27 5:31:13,"Sitelinks,Image pack,People also ask",10,0,10,2023-01-21,,
2307,الاستعانة بالله دعاء الفرج,10,90,10,1,0,10,,,2026-05-13 12:58:05,"AI Overview,Image pack,People also ask",90,0,10,2020-02-22,,
2308,دعاء للحامل في الشهر التاسع,10,60,10,1,0,10,,,2026-05-05 8:44:03,"Featured snippet,People also ask",60,0,10,2015-11-10,,
2309,دعاء الوالد لولده,10,20,0,1,0,10,,,2026-05-07 15:04:06,"AI Overview,Thumbnail,Video preview,People also ask",20,0,0,2015-10-26,,
2310,ماذا نقول في الركوع,10,10,60,1,4,150,,,2026-05-09 2:30:53,"AI Overview,People also ask,Sitelinks,Video preview,Image pack",250,150,250,2015-10-24,,
2311,دعاء بعد صلاة العشاء,10,180,210,5,0,10,,,2026-05-22 20:18:40,"AI Overview,Thumbnail,People also ask,Image pack,Videos,Video preview",90,10,40,2017-05-27,,
2312,دعاء للنصر في المحكمة,10,40,0,1,0,10,,,2026-05-22 16:07:24,"AI Overview,People also ask,Videos,Image pack,Video preview",40,0,0,2016-11-24,,
2313,ياذا الجلال والاكرام,10,10,20,1,0,450,,0.43,2026-05-19 11:59:38,"AI Overview,People also ask,Video preview",900,50,90,2015-09-23,"666, 568, 395, 405, 397, 396, 864, 587, 387, 703, 596, 496, 647, 586, 487, 356, 455, 345, 390, 363, 366, 471, 510, 463","444, 386, 322, 321, 332, 299, 344, 301, 306, 411, 451, 405"
2314,دعا الجمعه,10,30,400,1,0,350,0.02,,2026-05-08 1:58:49,"AI Overview,People also ask",500,22000,70000,2015-09-25,"317, 385, 482, 395, 384, 471, 376, 463, 313, 214, 325, 469, 217, 328, 386, 317, 400, 288, 322, 362, 355, 348, 308, 352","355, 350, 357, 363, 358, 364, 379, 380, 373, 366, 324, 369"
2315,دعاء لأهل الميت بالصبر والثبات,10,20,20,1,0,70,,,2026-05-24 3:04:08,"AI Overview,Thumbnail,People also ask,Image pack",90,90,100,2020-03-23,,
2316,اللهم تولني فيمن توليت,10,10,20,1,0,300,0.09,0.27,2026-05-21 6:14:03,"Image pack,People also ask",500,10,10,2015-09-11,"356, 256, 350, 544, 445, 428, 394, 276, 331, 856, 265, 313, 304, 334, 326, 281, 342, 252, 364, 275, 264, 397, 393, 296","309, 326, 346, 327, 318, 324, 341, 278, 266, 399, 396, 298"
2317,يوم عرفه,10,10,2500,1,7,14000,0.04,0.38,2026-05-28 12:26:23,"AI Overview,Thumbnail,Knowledge card,People also ask,Video preview,Top stories,Image pack",26000,4000,10000,2015-09-01,"31509, 13974, 42184, 4230, 12068, 298, 262, 219, 187, 1025, 1645, 1620, 48893, 21345, 63498, 6281, 17692, 432, 376, 310, 262, 1425, 2267, 2214","66277, 28716, 84812, 8332, 23316, 565, 489, 401, 338, 1825, 2889, 2807"
2318,دعاء لبنت اختي بالتوفيق,10,50,20,2,0,10,,,2026-05-23 2:52:05,"AI Overview,People also ask,Image pack,Videos",20,0,10,2020-02-22,,
2319,عجائب حسبي الله ونعم الوكيل,10,80,3200,1,0,200,0.02,,2026-06-01 7:35:27,"AI Overview,Thumbnail,Video preview,Image pack,People also ask",500,0,30,2016-02-11,,
2320,دعاء التحصين من العين والحسد والسحر,10,80,1100,1,2,1300,0.2,,2026-05-27 13:49:07,"AI Overview,Image pack,People also ask,Video preview",6200,200,800,2017-08-05,"1171, 1133, 1158, 1159, 1360, 1398, 1349, 1657, 1325, 1364, 1714, 1393, 1336, 1429, 1350, 1150, 1145, 1414, 1414, 1433, 1344, 1352, 1369, 1329","1333, 1350, 1355, 1294, 1284, 1255, 1213, 1259, 1168, 1181, 1198, 1162"
2321,اللهم انك عفو تحب العفو فاعف عنا,10,90,1400,1,0,7400,0.07,0.32,2026-06-02 13:12:15,"AI Overview,People also ask,Image pack,Video preview,Thumbnail",24000,2600,5000,2015-11-24,"1110, 277, 306, 382, 1568, 1590, 1520, 454, 2023, 112156, 1908, 2250, 4988, 447, 1571, 1593, 1588, 1547, 1584, 7499, 7589, 24163, 34100, 20232","10476, 7433, 7217, 8522, 7802, 7512, 8841, 8836, 8926, 25500, 35437, 21569"
2322,دعاء للميت للامام زين العابدين,10,50,10,1,0,10,,,2026-05-13 16:20:38,"AI Overview,People also ask,Image pack",50,0,10,2017-12-14,,
2323,دعاء الهيبة والقبول وتسخير الخلائق,10,70,20,2,0,10,,,2026-06-02 13:47:46,"Image pack,People also ask,Video preview",70,0,10,2019-07-24,,
2324,دعا له النبي بقوة الحفظ,10,10,90,1,0,70,,,2026-05-12 9:55:24,"People also ask,Sitelinks,Image pack",70,60,60,2018-11-03,,
2325,سبات جنوبيه,10,10,40,2,0,20,,1.25,2026-05-14 7:02:57,"AI Overview,Thumbnail,People also ask,Image pack",20,10,10,2015-10-18,,
2326,دعاء المولودة الجديدة أنثى,10,60,40,1,0,150,0.03,,2026-05-11 13:06:06,"AI Overview,Thumbnail,Video preview,People also ask,Image pack,Sitelinks",450,450,2600,2020-09-10,,
2327,ياولي ياحميد,10,10,20,3,0,30,,,2026-05-28 14:20:10,"Image pack,People also ask,Video preview",50,10,10,2016-05-07,,
2328,دعاء لتعديل وضع الجنين,10,60,0,1,0,10,,,2026-06-02 14:11:22,"AI Overview,Thumbnail,Image pack,People also ask,Video preview",60,0,0,2019-08-18,,
2329,فوائد سورة الملك,10,90,80,1,19,600,,1.08,2026-06-06 6:38:48,"AI Overview,Thumbnail,People also ask,Sitelinks,Video preview,Image pack",2100,1000,1400,2015-09-25,"535, 674, 705, 753, 823, 808, 834, 651, 549, 611, 614, 598, 518, 552, 554, 563, 559, 558, 633, 735, 598, 652, 590, 580","541, 545, 551, 587, 627, 637, 797, 799, 650, 708, 640, 629"
2330,ادعية للمتوفى ادعية للميت بالصور,10,40,0,1,,,,,,,,,,2020-01-11,"0, 0, 0, 0, 0, 0, 0, 0, 0, 0, 0, 0, 0, 0, 0, 0, 0, 0, 0, 0, 0, 0, 0, 1",
2331,دعاء لفلسطين وغزة,10,150,3000,2,0,40,,,2026-05-19 10:29:40,"People also ask,Image pack,Videos,Video preview",450,10,1300,2021-05-11,,
2332,دعاء لجعل شخص يحبني,10,280,40,2,0,,,,2026-06-02 22:20:56,"AI Overview,Thumbnail,People also ask,Image pack,Video preview",30,0,20,2015-11-09,,
2333,اللهم اعوذ بك ان اضل,10,30,1050,3,0,70,,,2026-06-02 5:42:44,"Image pack,People also ask,Videos,Video preview",80,250,300,2020-04-09,,
2334,دعاء السعادة والرزق,10,30,180,3,0,60,,,2026-06-01 17:40:46,"AI Overview,Thumbnail,Image pack,People also ask,Videos",100,90,100,2020-03-12,,
2335,زوجي طلقني بسبب زوجته الأولى,10,20,0,1,0,20,,,2026-05-11 9:26:25,"AI Overview,People also ask,Video preview",70,10,20,2020-04-06,,
2336,دعاء الاستخاره للعمل,10,20,0,1,,10,,,,,60,,,2018-11-18,,
2337,دعاء التوكل,10,40,30,1,0,800,0.1,0.41,2026-05-30 0:19:29,"AI Overview,Thumbnail,People also ask,Image pack,Video preview",1500,700,1800,2015-11-23,"742, 767, 958, 975, 1198, 1168, 1186, 1153, 929, 702, 930, 1152, 871, 697, 686, 853, 842, 645, 894, 750, 760, 764, 702, 800","752, 645, 718, 764, 861, 785, 839, 750, 760, 764, 702"
2338,اذكار المساء للاطفال,10,80,60,1,0,800,0.03,,2026-06-02 11:56:32,"Image pack,People also ask,Video preview",1400,150,200,2015-12-12,"566, 806, 661, 812, 796, 819, 674, 658, 618, 423, 548, 641, 636, 987, 798, 982, 991, 777, 796, 785, 749, 732, 697, 741","744, 773, 773, 885, 872, 803, 807, 779, 743, 726, 691, 736"
2339,دعاء الصائم يوم الاثنين,10,40,20,1,0,10,,,2026-05-09 12:25:40,"AI Overview,Thumbnail,People also ask,Image pack,Video preview",40,20,20,2015-10-27,,
2340,اليأس,10,80,250,2,0,350,0.02,0.49,2026-05-14 4:01:07,"AI Overview,Image pack,People also ask",1300,50,200,2015-09-07,"216, 352, 299, 232, 225, 215, 318, 380, 320, 377, 383, 459, 381, 262, 329, 379, 379, 379, 311, 304, 243, 279, 242, 303","301, 267, 237, 225, 303, 326, 320, 295, 232, 269, 232, 293"
2341,دعاء الحسد بين الزوجين,10,30,0,2,0,,,,2026-06-06 23:17:39,"People also ask,Image pack",,0,0,2016-04-22,,
2342,دعاء لِلْمَيِّتِ يوم الجمعة أبي,10,30,90,2,0,150,,,2026-05-16 16:09:13,"AI Overview,People also ask,Image pack",600,2000,6200,2023-08-10,,
2343,دعاء التنمر,10,20,10,1,0,10,,,2026-05-23 6:02:04,"AI Overview,Video preview,Thumbnail,Image pack,People also ask",20,0,10,2020-01-28,,
2344,دعاء الاختبار اللهم لا سهل,10,170,30,2,0,400,0.02,,2026-05-12 13:03:44,"AI Overview,Image pack,People also ask,Video preview",450,6400,62000,2015-09-25,"717, 87, 65, 306, 893, 1080, 657, 148, 577, 100, 400, 705, 1117, 116, 115, 208, 479, 185, 617, 94, 430, 582, 202, 270","495, 46, 81, 58, 296, 1166, 280, 40, 383, 544, 154, 220"
2345,دعاء للمجاهدين,10,200,120,3,0,10,,,2026-05-08 3:49:25,"AI Overview,People also ask,Video preview",100,0,40,2015-09-21,,
2346,أدعية للحامل في الشهور الأولى,10,30,50,1,3,70,0.02,,2026-06-02 20:47:11,"AI Overview,Thumbnail,People also ask,Image pack,Videos,Video preview,Sitelinks",350,30,100,2020-03-26,,
2347,يقرأ المصلي دعاء الاستفتاح بعد قراءة سورة الفاتحة,10,10,0,1,0,10,,,2026-05-20 23:07:54,"AI Overview,People also ask,Videos,Video preview",10,0,0,2020-10-27,,
2348,الفردوس الاعلى,10,20,30,1,0,350,0.06,0.49,2026-05-18 3:06:43,"AI Overview,People also ask,Image pack,Video preview",600,60,70,2015-09-02,"508, 426, 449, 435, 459, 436, 509, 448, 434, 652, 399, 408, 392, 327, 332, 373, 319, 345, 327, 316, 310, 468, 415, 376","339, 327, 335, 321, 320, 338, 363, 346, 325, 415, 432, 394"
2349,دعاء القنوت مكتوب,10,40,800,1,0,2300,0.02,1.27,2026-05-23 8:53:00,"Image pack,People also ask,Video preview",3100,13000,21000,2015-09-12,"902, 845, 610, 871, 154, 938, 984, 928, 1761, 22245, 1008, 234, 221, 203, 199, 170, 232, 203, 453, 748, 1475, 20496, 2448, 552","214, 183, 222, 218, 216, 273, 771, 738, 1379, 19639, 3081, 343"
2350,اللهم صلي على محمد,10,10,8200,2,0,20000,0.01,0.36,2026-06-05 5:20:27,"AI Overview,Image pack,People also ask,Top stories,Thumbnail,Video preview",21000,9200,14000,2015-09-04,"20621, 24643, 32943, 25381, 24522, 28212, 20114, 26758, 24261, 16677, 20573, 22913, 16300, 19877, 19870, 20528, 20175, 18210, 23536, 19233, 18964, 18492, 16413, 18982","17347, 17624, 19752, 19745, 19641, 18268, 19127, 18791, 18524, 18052, 15974, 18544"
2351,دعاء لابعاد شخص عني,10,90,0,1,0,,,,2026-05-22 12:54:05,"AI Overview,Thumbnail,People also ask,Videos,Image pack",20,0,0,2017-10-16,,
2352,دعاء النبي للرزق,10,10,10,1,5,30,,,2026-06-09 10:27:17,"AI Overview,Thumbnail,People also ask,Image pack,Video preview",150,1800,7700,2018-05-16,,
2353,دعاء لزوجي في يوم الجمعة,10,20,100,1,0,50,,,2026-05-17 3:45:45,"AI Overview,Thumbnail,Image pack,People also ask",450,50,100,2020-01-23,,
2354,دعاء يوم الجمعة شيعة,10,20,0,1,0,70,,,2026-05-26 9:31:25,"Videos,People also ask,Video preview,Image pack",150,300,1300,2019-03-15,,
2355,مبروك التخرج,10,30,400,1,0,5800,0.04,0.33,2026-06-07 11:34:44,"AI Overview,People also ask,Image pack,Video preview",12000,4200,4500,2015-09-02,"16950, 4987, 3582, 3140, 2321, 2482, 2649, 4457, 3856, 4640, 6755, 7376, 14859, 6294, 4586, 3800, 3397, 3768, 4315, 4220, 4200, 5195, 7358, 7547","13872, 5960, 4682, 4159, 3714, 3954, 4285, 4788, 4602, 5345, 7076, 7364"
2356,دعاء لاخي بالخير والحفظ,10,60,200,1,0,30,,,2026-05-12 11:56:24,"AI Overview,Thumbnail,Video preview,People also ask,Image pack",150,80,450,2023-04-13,,
2357,دعاء الحمل بعد صلاة الفجر,10,90,10,1,0,10,,,2026-05-24 9:12:17,"AI Overview,Thumbnail,People also ask,Sitelinks,Video preview,Image pack",90,0,10,2021-06-25,,
2358,دعاء للحمل ببنت,10,20,10,1,0,,,,2026-05-28 16:15:57,"AI Overview,Thumbnail,People also ask,Image pack,Videos,Sitelinks",20,0,0,2016-10-19,,
2359,اللهم اشفي عمي,10,60,0,1,0,,,,2026-05-11 5:38:45,"Thumbnail,Image pack,People also ask",10,0,0,2015-12-25,,
2360,دعاء للعم,10,30,0,1,0,10,,,2026-05-25 4:02:59,"AI Overview,People also ask,Image pack",30,0,0,2015-09-18,,
2361,صور دعاء المريض,10,110,50,2,0,10,,,2026-05-13 2:51:52,"Image pack,Thumbnail",30,0,0,2015-11-19,,
2362,دعاء بعد التشهد الأخير ابن باز,10,30,10,1,0,10,,,2026-05-13 17:55:37,"AI Overview,Thumbnail,People also ask,Image pack,Sitelinks",30,10,10,2022-02-26,,
2363,مسا الخير,10,200,200,1,0,100,0.02,0.18,2026-06-05 19:58:00,"Image pack,People also ask",900,800,1800,2015-09-01,"140, 188, 165, 151, 161, 153, 152, 131, 107, 68, 102, 127, 103, 150, 142, 130, 116, 115, 117, 112, 101, 105, 92, 104","109, 123, 115, 119, 130, 115, 116, 111, 100, 104, 92, 104"
2364,رمي الجمرات,10,10,1000,1,0,2100,,0.83,2026-05-23 17:53:57,"AI Overview,People also ask,Video preview,Image pack",4700,900,1100,2015-09-01,"17503, 25, 2396, 1564, 958, 896, 1201, 1100, 1305, 1352, 1360, 1389, 5890, 4225, 2109, 1591, 1425, 1405, 1440, 1437, 1483, 1503, 1516, 1537","7890, 2900, 2334, 1864, 1636, 1613, 1706, 1684, 1759, 1784, 1795"
2365,اللهم ارزقنا الجنة,10,10,40,2,0,80,0.15,0.49,2026-05-28 2:41:27,"Image pack,People also ask",150,20,30,2015-09-10,"113, 70, 138, 89, 130, 84, 97, 96, 82, 153, 79, 103, 101, 98, 100, 78, 63, 52, 63, 70, 61, 80, 70, 71","60, 63, 64, 64, 75, 64, 66, 67, 59, 77, 68, 69"
2366,يارب احفظ ابني الغالي,10,40,10,1,0,10,,,2026-05-06 6:49:52,"Thumbnail,People also ask,Video preview",70,0,10,2020-06-15,,
2367,دعاء الالتزام بالصلاة,10,40,20,1,0,20,,,2026-05-29 0:03:07,"AI Overview,People also ask,Image pack",100,350,800,2017-01-26,,
2368,دعاء لرفع الشأن بين الناس,10,60,20,1,0,10,,,2026-05-28 11:03:52,"AI Overview,People also ask,Image pack,Videos,Sitelinks",60,0,20,2019-10-24,"119, 61, 102, 185, 33, 63, 41, 2, 11, 131, 13, 22, 13, 10, 15, 13, 10, 7, 2, 13, 8, 14, 1, 0",6
2369,دوا ليبا,10,20,1300,1,70,2600,0.03,0.38,2026-06-01 8:05:51,"People also ask,Knowledge panel,Thumbnail,Image pack,Video preview",7200,400,1500,2017-03-17,"2593, 2774, 2004, 3176, 2630, 2771, 2142, 2564, 2084, 2406, 1989, 3567, 2597, 2778, 2007, 3181, 2634, 2776, 2146, 2568, 2087, 2409, 1993, 3572","2601, 2783, 2010, 3186, 2638, 2780, 2149, 2572, 2090, 2413, 1996, 3578"
2370,رب اشرح لي صدري,10,30,400,2,0,500,0.02,0.5,2026-05-12 17:53:41,"AI Overview,People also ask,Image pack,Video preview",3800,350,1400,2015-09-07,"655, 651, 639, 660, 787, 763, 733, 601, 594, 573, 477, 699, 460, 456, 462, 558, 553, 555, 560, 513, 525, 574, 551, 562","528, 488, 510, 528, 577, 563, 545, 513, 525, 573, 551, 562"
2371,دعاء لزيادة الرغبة عند الرجال,10,20,0,1,0,10,,,2026-05-20 6:45:06,"AI Overview,Thumbnail,People also ask,Video preview,Sitelinks",20,0,0,2020-10-10,,
2372,رد على دعاء,10,20,30,1,0,20,,,2026-05-21 15:24:47,"AI Overview,Thumbnail,People also ask,Videos",60,30,30,2017-06-22,,
2373,دعاء اللهم احفظ اخي,10,60,10,1,0,10,,,2026-06-03 15:52:47,"People also ask,Image pack",60,0,10,2016-06-16,,
2374,دعاء للمريض في العمليات,10,240,1400,4,0,80,,,2026-05-22 22:40:27,"AI Overview,Thumbnail,People also ask,Image pack",2200,50000,122000,2016-02-25,,
2375,دعاء المعوذات,10,20,100,1,1,10,,,2026-06-05 18:30:25,"AI Overview,Thumbnail,Image pack,People also ask,Video preview",20,0,100,2020-03-07,,
2376,دعاء لزوجي في عيد زواجنا,10,150,30,1,0,10,,,2026-05-20 6:40:01,"AI Overview,Image pack,People also ask",150,0,30,2021-08-25,,
2377,دعاء الخوف من المرض,10,50,40,2,2,30,,,2026-05-09 9:48:34,"AI Overview,Thumbnail,People also ask,Image pack,Video preview",100,10,40,2015-09-13,,
2378,صور دعاء الفرج,10,80,0,1,0,10,,,2026-05-23 17:19:14,"Image pack,People also ask,Video preview",80,0,0,2015-10-25,,
2379,دعاء اللهم اختر لي ولا تخيرني,10,40,0,1,0,10,,,2026-05-14 18:09:49,"AI Overview,Thumbnail,Image pack,People also ask",40,0,0,2020-08-28,,
2380,الله يسخر لك جنود الارض وملائكة السماء,10,30,0,1,0,80,,,2026-06-08 12:08:08,"AI Overview,People also ask",80,0,0,2020-06-02,,
2381,دعاء لزوجتي حبيبتي,10,20,500,1,0,80,,,2026-05-13 8:33:58,"AI Overview,Thumbnail,Video preview,People also ask,Image pack",150,800,1500,2016-09-30,,
2382,صلاة الاستخارة للطلاق,10,30,100,1,0,50,,,2026-05-06 0:43:55,"AI Overview,Thumbnail,People also ask,Video preview",500,30,90,2016-04-02,,
2383,دعاء المطر تويتر,10,30,60,1,0,100,,,2026-06-08 20:48:30,People also ask,250,60,100,2016-04-14,"24, 87, 520, 99, 216, 146, 30, 276, 280, 272, 55, 37, 2, 39, 202, 47, 22, 129, 314, 153, 121, 96, 115, 51","36, 42, 42, 23, 27, 39, 34, 22, 9, 1, 1, 1"
2384,دعاء ختم سورة البقرة,10,20,200,1,3,2600,0.03,,2026-06-09 10:12:07,"AI Overview,Thumbnail,Image pack,People also ask,Video preview",4900,2600,4500,2016-11-08,"1975, 2486, 3069, 3090, 3772, 3737, 3156, 3081, 3013, 1631, 2297, 2260, 1783, 2911, 2855, 2967, 2868, 2829, 2981, 2825, 2730, 2070, 2544, 2750","2704, 3359, 3331, 3342, 3444, 3312, 3023, 2848, 2749, 2086, 2556"
2385,كيف يعوض الله المطلقة المظلومة,10,80,20,1,0,20,,,2026-05-21 6:43:04,"AI Overview,People also ask,Image pack",150,0,0,2020-08-26,,
2386,في اي سورة ورد دعاء الركوب,10,70,10,1,0,10,,,2026-05-06 1:06:27,"AI Overview,People also ask,Sitelinks,Video preview",70,0,10,2015-12-22,,
2387,دعاء ذبح الأضحية عند الشيعة,10,70,150,1,0,10,,,2026-05-19 18:54:36,"Videos,People also ask,Image pack,Video preview,Sitelinks",70,0,150,2020-07-25,,
2388,دعاء صلاة التراويح pdf,10,10,600,1,0,1900,0.01,,2026-05-23 0:49:38,Image pack,3800,13000,21000,2020-01-17,"14, 10, 9, 14, 10, 89, 17, 34, 749, 21802, 39, 18, 16, 14, 17, 12, 16, 9, 15, 2, 11645, 9927, 740, 384","341, 359, 378, 375, 392, 331, 887, 917, 1974, 23392, 1343, 998"
2389,عبارات عن يوم التأسيس,10,10,10,3,0,350,0.15,,2026-05-04 15:32:59,"Featured snippet,People also ask,Thumbnail,Video preview",350,100,100,2022-01-30,"4, 2, 4, 14, 14, 11, 40, 164, 7382, 26, 21, 11, 2, 1, 2, 9, 8, 4, 5, 4, 3906, 4, 2, 1533","1072, 1583, 1267, 1542, 1369, 1198, 1516, 1621, 12879, 1765, 1367, 1750"
2390,دعاء الامن,10,30,1000,1,0,350,,0.86,2026-05-24 4:40:11,"Image pack,Video preview",1800,300,1100,2015-09-04,"269, 269, 320, 265, 393, 309, 390, 392, 261, 261, 309, 392, 395, 393, 315, 315, 313, 318, 311, 325, 247, 277, 341, 267","293, 290, 255, 240, 238, 268, 283, 287, 218, 244, 300, 235"
2391,مسجد الغمامة,10,10,3300,1,0,5000,0.1,0.76,2026-06-07 11:34:05,"People also ask,Video preview,Image pack,Knowledge panel,Thumbnail",6300,600,600,2015-09-19,"4204, 4583, 4179, 4277, 4186, 4682, 4994, 5224, 4892, 4695, 4800, 4786, 4667, 5045, 4642, 4740, 4648, 5145, 5457, 5687, 5355, 5158, 5263, 5249","5130, 5508, 5105, 5203, 5111, 5608, 5920, 6150, 5818, 5620, 5726"
2392,دعاء الخوف من نتيجة تحليل,10,10,0,1,0,10,,,2026-06-05 9:23:58,"AI Overview,Thumbnail,People also ask,Video preview,Image pack",10,0,0,2020-01-12,,
2393,تجربتي مع دعاء اللهم أرني عجائب قدرتك,10,10,0,1,0,,,,2026-06-03 23:45:38,"AI Overview,Thumbnail,Video preview,People also ask,Image pack",,0,0,2021-11-22,,
2394,دعاء للتخلص من النفس الأمارة بِالسُّوءِ,10,40,0,1,0,10,,,2026-05-29 21:47:15,"AI Overview,Video preview,People also ask,Sitelinks,Image pack",40,0,0,2020-04-27,,
2395,تجربتي مع دعاء ربي اني مغلوب فانتصر,10,50,0,1,0,10,,,2026-05-12 20:57:00,"AI Overview,Video preview,Thumbnail,People also ask,Image pack",50,0,0,2016-01-02,,
2396,دعاء المظلوم على الظالم,10,80,4700,2,7,1500,0.02,0.97,2026-05-18 11:05:54,"AI Overview,Video preview,Thumbnail,People also ask,Sitelinks,Image pack",7800,3200,8300,2015-09-04,"2096, 1424, 1727, 1706, 2054, 2059, 1633, 1688, 1665, 2669, 1449, 1774, 1401, 1406, 1380, 1379, 1422, 1403, 1436, 1400, 1330, 1690, 1677, 1518","1464, 1503, 1311, 1557, 1476, 1387, 1410, 1397, 1328, 1688, 1675, 1516"
2397,دعاء عتق رقبة من القصاص,10,10,10,1,0,20,,,2026-05-27 16:03:54,"AI Overview,People also ask,Image pack,Video preview",20,0,0,2020-09-23,,
2398,دعاء بعد صلاة الآيات مفاتيح الجنان,10,60,0,1,0,10,,,2026-05-21 20:13:22,People also ask,60,0,0,2020-06-20,,
2399,سورة لاستجابة الدعاء,10,60,30,1,0,20,,,2026-05-29 17:06:31,"AI Overview,Thumbnail,People also ask,Videos,Video preview,Image pack",250,30,100,2017-05-17,"74, 34, 16, 16, 7, 3, 2, 4, 3, 47, 46, 32, 27, 32, 31, 21, 15, 10, 3, 4, 5, 4, 1, 2",
2400,علاج الحمى,10,30,150,1,10,500,0.02,1.05,2026-05-05 0:18:57,"AI Overview,People also ask,Video preview,Thumbnail",1600,600,1600,2015-09-01,"486, 498, 496, 642, 788, 645, 832, 1004, 829, 515, 663, 425, 425, 393, 381, 474, 816, 543, 391, 613, 499, 471, 472, 518","534, 443, 420, 455, 604, 532, 523, 613, 499, 471, 472, 517"
2401,دعاء لام صديقتي بالشفاء,10,10,0,1,0,10,,,2026-05-23 11:48:27,"AI Overview,People also ask,Videos",10,0,0,2015-09-01,"75, 56, 40, 39, 13, 10, 2, 4, 4, 5, 3, 12, 1, 7, 3, 25, 8, 0, 3, 12, 10, 3, 2, 2",
2402,زيارة يوم الاربعاء,10,20,150,1,0,150,,,2026-06-07 21:52:07,"Video preview,People also ask,Image pack",1600,80,600,2015-11-11,,
2403,دعاء توفيق,10,60,0,1,3,1000,0.03,0.69,2026-05-22 6:12:29,"Featured snippet,People also ask,Image pack,Video preview",3500,1300,3000,2015-11-15,"1204, 997, 1225, 1199, 1524, 1253, 1828, 1195, 1258, 1506, 1010, 1525, 972, 789, 829, 819, 1033, 822, 1609, 939, 1014, 1069, 1113, 1087","1063, 931, 977, 1069, 1242, 1215, 1395, 1010, 1090, 1148, 1195, 1167"
2404,اللهم سخر لي الأرض ومن عليها ابن باز,10,10,0,1,0,50,,,2026-05-10 22:00:00,"AI Overview,Image pack,People also ask,Video preview",50,10,10,2022-03-18,,
2405,دعاء لصديقتي في الحرم تويتر,10,20,0,1,0,50,,,2026-06-04 17:13:50,"AI Overview,Thumbnail,People also ask",60,1900,2400,2021-11-28,,
2406,دعاء شوق للميت,10,30,10,1,0,10,,,2026-05-25 19:50:26,"AI Overview,People also ask,Image pack,Thumbnail,Videos",30,0,10,2017-04-26,,
2407,اللهم أصلح لي ديني,10,50,250,1,5,350,0.1,1.11,2026-05-12 6:47:23,"Image pack,Video preview,People also ask",500,150,250,2016-03-13,"1740, 426, 310, 279, 294, 298, 273, 239, 224, 528, 192, 220, 1763, 219, 193, 196, 197, 195, 197, 207, 207, 492, 273, 231","1735, 259, 215, 214, 222, 223, 226, 231, 231, 516, 297, 255"
2408,حكم تمني الموت,10,30,700,2,1,250,,1,2026-05-18 15:02:02,"AI Overview,People also ask,Video preview",400,250,350,2015-09-05,"572, 295, 254, 275, 312, 410, 338, 319, 394, 251, 496, 429, 284, 185, 154, 193, 233, 185, 234, 196, 166, 244, 225, 358","277, 49, 42, 55, 86, 49, 45, 24, 34, 109, 113, 251"
2409,دعاء الخوف من المطر,10,50,0,1,0,10,,,2026-05-22 21:58:06,"AI Overview,Image pack,People also ask,Video preview",50,0,0,2015-11-16,,
2410,دعاء رزق الولد,10,10,10,1,0,10,,,2026-05-10 16:17:31,"Featured snippet,People also ask,Image pack,Sitelinks",10,0,10,2015-09-16,,
2411,لامي وابي دعاء للوالدين المتوفين,10,30,1100,1,0,100,,,2026-05-20 9:22:18,Image pack,350,250,1300,2020-04-30,"151, 104, 88, 56, 19, 40, 8, 15, 17, 73, 48, 41, 28, 155, 148, 113, 161, 89, 125, 144, 140, 154, 61, 112",
2412,دعاء لظهور نبض الجنين,10,150,10,1,0,10,,,2026-05-25 11:52:19,"Image pack,People also ask,Video preview,Sitelinks",150,0,10,2016-07-19,,
2413,دعاء الفتح والتيسير,10,100,10,1,0,10,,,2026-05-23 8:25:19,"AI Overview,Image pack,People also ask,Videos,Thumbnail",100,0,10,2016-08-17,,
2414,دعاء يجعل الزوج لا يفارق زوجته,10,60,250,1,0,150,0.01,,2026-05-08 5:29:50,"People also ask,Sitelinks",900,30,350,2017-10-21,,
2415,اخر ساعه من يوم عرفه,10,70,20,1,0,50,,,2026-06-01 10:02:50,"People also ask,Videos,Video preview,Image pack",70,10,10,2015-09-23,,
2416,دعاء ماء الزمزم,10,30,0,1,0,10,,,2023-06-23 7:26:18,"Featured snippet,Thumbnail,People also ask",30,1300,,2020-01-15,,
2417,دعاء الزوج على زوجته,10,30,10,1,0,10,,,2026-06-02 10:32:05,"AI Overview,People also ask,Videos,Image pack,Sitelinks,Video preview",10,0,10,2015-11-22,,
2418,دعاء المتزوجين,10,20,0,2,0,100,0.04,,2026-06-06 2:47:00,"AI Overview,People also ask,Image pack",200,600,800,2015-09-10,"447, 454, 384, 235, 255, 337, 135, 94, 1, 52, 102, 61, 73, 13, 101, 4, 72, 117, 205, 92, 88, 187, 206, 154",
2419,دعاء صباح رمضان,10,150,40,1,0,60,0.09,,2026-06-09 2:28:34,"People also ask,Image pack,Thumbnail",150,11000,27000,2017-05-27,,
2420,دعاء المضطرين للفرج العاجل,10,70,0,1,0,10,,,2026-05-27 20:17:26,"Video preview,Image pack,People also ask",70,0,0,2017-10-19,,
2421,دعاء الزلزال ابن عثيمين,10,250,20,1,0,10,,,2026-05-11 17:54:14,"Image pack,People also ask,Sitelinks",250,0,20,2021-04-29,,
2422,دعاء الاستفتاح للاطفال,10,30,10,1,0,10,,,2026-05-10 20:25:04,"Video preview,Image pack,People also ask",30,0,10,2015-11-14,,
2423,دعاء على من اكل حقي,10,10,10,1,0,20,,,2026-05-11 4:15:08,"AI Overview,Thumbnail,People also ask,Image pack,Video preview",30,100,100,2017-03-29,,
2424,ربي اوزعني ان اشكر,10,40,400,1,0,2000,0.1,0.71,2026-05-17 18:56:34,"Image pack,People also ask,Video preview",2700,1100,1400,2015-09-06,"1916, 1925, 1819, 1895, 1781, 1862, 1698, 1761, 1751, 2033, 1886, 2309, 1994, 2003, 1897, 1973, 1859, 1940, 1776, 1839, 1829, 2111, 1964, 2387","2072, 2081, 1975, 2052, 1937, 2018, 1854, 1917, 1907, 2189, 2043, 2465"
2425,تم بحمد الله ترقيتي,10,10,0,1,0,,,,2026-05-15 7:30:14,"People also ask,Image pack,Video preview",,0,0,2018-10-09,,
2426,دعاء غروب الشمس,10,40,60,2,0,60,,,2026-05-21 23:52:51,"AI Overview,Thumbnail,Video preview,People also ask,Videos,Image pack",150,300,300,2016-02-12,,
2427,دعاء على اليهود في فلسطين,10,70,20,1,0,10,,,2026-05-20 20:00:33,"Video preview,People also ask",200,0,60,2021-06-18,,
2428,دعاء الأرق,10,10,10,1,0,350,0.06,0.63,2026-05-16 4:48:28,"AI Overview,People also ask,Image pack,Video preview",1000,2000,4000,2015-10-26,"425, 535, 553, 446, 436, 350, 347, 339, 341, 363, 560, 427, 380, 362, 382, 385, 384, 315, 271, 301, 301, 323, 356, 419","359, 351, 382, 347, 335, 289, 301, 296, 295, 318, 350, 414"
2429,ادعية اهل البيت,10,30,10,1,0,10,,,2026-05-25 4:02:46,"AI Overview,Videos,Image pack,People also ask",40,10,10,2015-10-22,,
2430,دعاء بعد سورة البقرة,10,40,5400,2,7,1700,0.04,,2026-06-06 11:14:20,"AI Overview,Thumbnail,People also ask,Image pack,Video preview",4300,2200,4100,2018-02-19,"2260, 1915, 2197, 2256, 2338, 1917, 2046, 2300, 1927, 1754, 1762, 1951, 1824, 1479, 1761, 1820, 1902, 1481, 1610, 1864, 1491, 1318, 1326, 1515","1388, 1043, 1325, 1384, 1466, 1045, 1174, 1428, 1055, 882, 890, 1079"
2431,دعاء الامام المهدي,10,50,0,1,0,10,,,2026-05-20 4:50:43,"AI Overview,Image pack,People also ask",50,0,0,2015-11-02,,
2432,دعاء لكشف الخيانة,10,50,0,1,0,,,,2026-05-25 22:58:24,"AI Overview,Thumbnail,Video preview,People also ask,Image pack,Videos",20,30,60,2016-02-24,,
2433,دعاء الحوادث,10,40,10,1,0,10,,,2026-05-18 1:40:07,"AI Overview,Thumbnail,People also ask,Image pack,Sitelinks",40,0,10,2016-07-17,,
2434,دعاء لأختي بالشفاء,10,100,0,2,0,,,,2026-05-13 17:16:45,"AI Overview,Video preview,Thumbnail,People also ask,Image pack",10,0,0,2020-02-20,,
2435,دعاء جبر الخواطر,10,20,100,4,0,20,0.01,,2026-05-19 0:58:51,"AI Overview,Video preview,Thumbnail,People also ask,Image pack",600,0,40,2016-03-14,,
2436,دعاء موضوع,10,30,0,1,3,10,,,2026-05-27 17:15:43,"Sitelinks,People also ask,Video preview",30,0,0,2016-08-07,,
2437,السمات,10,50,60,1,0,800,0.02,0.25,2026-05-22 10:51:27,"AI Overview,Image pack,People also ask,Video preview",4600,80,700,2016-01-18,"566, 654, 651, 776, 788, 762, 787, 790, 635, 649, 790, 824, 584, 663, 677, 802, 967, 805, 961, 834, 815, 927, 874, 973","855, 811, 800, 867, 950, 869, 910, 835, 816, 928, 874"
2438,دعاء عن الامانه,10,40,100,1,0,10,,0.91,2026-05-19 7:46:41,"AI Overview,Image pack,People also ask,Video preview",40,10,100,2015-10-13,"27, 2, 0, 9, 42, 20, 13, 27, 30, 0, 0, 14, 6, 0, 3, 15, 42, 31, 27, 12, 3, 12, 4, 4",
2439,اللهم لا ترد لنا دعاء,10,40,10,1,0,10,,,2026-05-06 21:22:46,"Thumbnail,People also ask,Video preview",40,10,10,2020-01-25,,
2440,دعاء ليلة رمضان,10,100,50,1,0,80,,,2026-05-06 8:15:46,"People also ask,Video preview",400,7900,25000,2016-06-05,,
2441,دعاء ختم القران مكتوب مختصر,10,30,900,1,14,2400,,0.79,2026-06-08 8:24:18,"AI Overview,Thumbnail,Image pack,People also ask,Video preview",5200,55000,103000,2016-05-31,"344, 122, 195, 133, 291, 307, 309, 293, 442, 6339, 437, 631, 496, 277, 63, 54, 98, 71, 16, 31, 25, 20798, 8, 6685",
2442,دعاء المفقود,10,40,40,2,0,10,,,2026-06-09 1:58:10,"AI Overview,Thumbnail,People also ask,Image pack,Video preview",30,0,20,2015-10-30,,
2443,دعاء لبنتي,10,90,1270,9,0,60,,,2026-06-05 9:54:23,"AI Overview,People also ask,Image pack,Video preview,Thumbnail",150,0,250,2015-09-01,,
2444,دعاء الطمأنينة,10,80,150,1,0,150,0.03,,2026-06-02 1:02:18,"AI Overview,People also ask,Image pack,Video preview",400,150,150,2015-10-27,,
2445,يقرأ الإمام في صلاة الجنازة دعاء الاستفتاح,10,10,0,1,0,10,,,2026-06-03 18:58:35,"AI Overview,People also ask,Image pack",10,0,0,2020-11-29,,
2446,دعاء الخادمه الجديده,10,10,0,1,0,50,,,2026-06-08 19:54:19,"AI Overview,Thumbnail,People also ask,Image pack,Video preview",100,150,250,2015-12-25,,
2447,الحمدلله على العافية بعد المرض,10,20,0,1,0,10,,,2026-05-29 6:30:59,"AI Overview,Video preview,Thumbnail,Image pack,People also ask",20,0,0,2020-08-03,,
2448,اليقين في الدعاء,10,20,50,1,0,50,,,2026-05-07 18:16:42,"AI Overview,People also ask,Video preview,Sitelinks",70,10,20,2015-10-05,,
2449,دعاء صلة الرحم,10,10,10,2,0,10,,,2026-05-12 20:02:28,"AI Overview,People also ask,Image pack",10,0,10,2015-10-02,,
2450,دعاء دخول الخلاء للاطفال,10,20,10,1,0,40,0.02,0.8,2026-05-09 20:45:53,"Video preview,Image pack,People also ask,Sitelinks",60,10,10,2015-09-30,"15, 10, 45, 105, 73, 35, 69, 65, 18, 18, 23, 25, 9, 10, 13, 59, 89, 58, 112, 62, 37, 30, 28, 27","23, 18, 34, 93, 86, 60, 68, 55, 33, 27, 25, 24"
2451,دعاء اللهم اجعل من بينهم سدا ومن خلفهم سدا,10,10,0,3,0,10,,,2026-05-21 23:20:02,"AI Overview,Thumbnail,People also ask,Image pack,Videos",10,0,0,2016-05-16,,
2452,دعاء العوض وجبر الخواطر,10,120,1220,12,0,80,,,2026-05-25 11:48:48,"AI Overview,Thumbnail,Video preview,People also ask,Image pack,Videos",200,20,20,2022-07-10,,
2453,ادعية صلاة التهجد,10,80,10,1,0,50,,,2026-05-21 1:11:55,"AI Overview,Thumbnail,People also ask,Image pack,Video preview,Sitelinks",200,12000,21000,2016-06-25,,
2454,ادعية للاب المتوفي,10,20,0,1,0,250,,,2026-06-07 20:45:45,"People also ask,Video preview,Image pack",1600,7800,33000,2015-10-20,"487, 318, 330, 335, 389, 268, 315, 382, 305, 834, 208, 259, 290, 257, 217, 211, 258, 247, 266, 260, 266, 363, 340, 244","306, 304, 284, 255, 265, 257, 265, 269, 276, 372, 349, 254"
2455,دعاء للملك عبدالله,10,10,0,1,0,10,,,2026-05-14 15:50:12,"People also ask,Image pack",10,0,0,2015-09-23,,
2456,لا اله الا الله الملك الحق المبين,10,10,150,1,0,1200,0.02,1.17,2026-05-24 2:21:33,"AI Overview,People also ask,Image pack,Video preview",5600,800,2400,2015-09-10,"1794, 1826, 1824, 1820, 1202, 813, 987, 999, 774, 1020, 1017, 1004, 1505, 1159, 1161, 1152, 951, 1455, 1177, 1710, 1060, 1282, 1155, 1209","1207, 1121, 1341, 1071, 933, 562, 953, 1497, 829, 1055, 928, 987"
2457,رسالة تعزية واتس اب,10,20,450,1,0,600,,,2026-05-22 6:54:22,"AI Overview,People also ask,Image pack,Sitelinks,Video preview",1900,250,500,2017-10-26,"1436, 1463, 1467, 1304, 1237, 1033, 1028, 1064, 825, 824, 791, 570, 556, 563, 478, 696, 576, 392, 580, 584, 591, 519, 536, 570","562, 557, 569, 519, 517, 482, 540, 566, 575, 502, 519, 553"
2458,دعاء لوجع البطن الدورة الشهرية,10,10,10,1,0,,,,2026-06-02 16:49:31,"AI Overview,Thumbnail,People also ask,Image pack",30,0,10,2020-01-31,,
2459,دعاء لعائلتي في ليلة القدر,10,100,20,1,0,10,,,2026-05-22 8:23:02,"People also ask,Image pack,Videos",100,0,20,2020-05-13,,
2460,فضل دعاء اللهم إني أعوذ بك من الهم والحزن,10,10,20,2,0,10,,,2026-05-12 1:18:48,"AI Overview,People also ask,Image pack",10,0,10,2021-06-01,,
2461,نفض الفراش قبل النوم,10,20,10,1,0,150,,,2026-05-11 23:01:18,"AI Overview,People also ask,Image pack",150,50,50,2015-10-10,,
2462,دعاء للزوجين الجدد,10,30,250,1,0,100,,,2026-05-30 10:32:36,"AI Overview,Thumbnail,People also ask,Image pack,Videos,Sitelinks",400,300,1600,2016-03-05,,
2463,دعاء وزيارة يوم الجمعة,10,160,140,2,0,10,,,2026-05-23 17:42:48,"Videos,People also ask,Image pack",150,0,70,2016-01-29,,
2464,دعاء اليوم الخامس عشر من رمضان,10,30,150,1,0,80,,,2026-05-16 21:02:50,"People also ask,Image pack,Thumbnail",600,0,70,2016-06-15,,
2465,دعاء التوفيق في الحياه,10,30,0,1,0,10,,,2026-06-07 13:47:23,"AI Overview,Thumbnail,People also ask,Image pack",30,900,1400,2020-02-14,,
2466,دعاء العشرات,10,600,90,1,0,10,,0.98,2026-06-08 9:57:19,"AI Overview,Thumbnail",600,10,90,2015-09-22,,
2467,دعاء عند رؤية الكعبة,10,10,800,1,0,2100,0.02,,2026-06-08 7:57:48,"AI Overview,People also ask,Image pack,Video preview",2500,1400,2000,2015-10-09,"1339, 1590, 1631, 1377, 1682, 2020, 2070, 3017, 2065, 4573, 1083, 1299, 1050, 1655, 2004, 1670, 2029, 2021, 2457, 3240, 2212, 4778, 1209, 1616","1366, 2065, 2427, 2045, 2379, 2356, 2828, 3577, 2549, 5115, 1547, 1953"
2468,سبحان الملك القدوس,10,10,300,1,0,450,0.1,0.54,2026-05-18 1:16:05,"AI Overview,People also ask,Image pack,Video preview",1000,250,300,2015-10-23,"26, 158, 477, 510, 568, 70, 596, 399, 60, 2169, 336, 421, 45, 227, 659, 68, 343, 524, 226, 399, 1093, 1474, 197, 481","93, 295, 751, 72, 334, 616, 691, 455, 67, 2322, 357, 536"
2469,دعاء حجر اسماعيل,10,10,0,1,0,10,,,2026-05-23 21:55:53,"AI Overview,Thumbnail,Image pack,People also ask,Videos",10,0,0,2016-03-13,,
2470,مباركة مولودة,10,20,5000,1,0,1100,0.01,0.83,2026-06-05 15:11:36,"AI Overview,Thumbnail,People also ask,Image pack,Video preview",2000,1300,1400,2015-09-04,"914, 1111, 1130, 1388, 1377, 1145, 1121, 1109, 935, 929, 946, 1123, 944, 986, 1001, 1131, 1142, 993, 1138, 1026, 927, 1110, 1328, 1407","1383, 1438, 1518, 1523, 1577, 943, 1059, 983, 881, 1069, 1283, 1360"
2471,دعاء ليوم الخميس,10,60,0,1,0,10,,,2023-06-23 2:50:15,"Featured snippet,Thumbnail,Image pack",60,800,,2020-04-23,,
2472,صباح يوم الجمعه,10,100,150,1,0,90,,,2026-06-04 19:37:48,"Image pack,People also ask,Video preview",400,10,90,2016-05-20,,
2473,دعاء يوم الجمعة لصديقتي,10,50,10,1,0,20,,,2026-05-14 15:44:43,"AI Overview,People also ask,Image pack",70,600,1100,2015-09-04,"58, 82, 139, 147, 118, 129, 101, 111, 34, 30, 62, 37, 33, 48, 13, 26, 22, 25, 14, 25, 1, 2, 5, 2",
2474,دعاء الوباء,10,20,0,1,0,10,,,2026-05-23 3:25:17,"AI Overview,Thumbnail,People also ask,Image pack,Videos,Sitelinks",20,0,0,2018-04-05,,
2475,دعاء اللهم اشرح صدورنا ويسر أمورنا,10,20,10,1,0,10,,,2026-06-03 8:44:21,"AI Overview,Thumbnail,Image pack,People also ask,Video preview",20,10,10,2020-03-29,,
2476,دعاء المغرب للرزق,10,10,0,1,0,10,,,2026-06-08 13:32:27,"AI Overview,Thumbnail,People also ask,Image pack",10,0,0,2020-02-06,"52, 84, 9, 25, 28, 13, 12, 15, 8, 58, 0, 5, 13, 10, 3, 3, 10, 1, 3, 3, 0, 3, 2, 1",
2477,دعاء لاختي العروس,10,40,0,1,0,10,,,2026-05-07 19:33:03,"AI Overview,Thumbnail,Video preview,People also ask",40,0,0,2016-03-13,,
2478,دعاء للزوج الخاين,10,60,0,1,0,10,,,2026-05-23 18:36:40,"AI Overview,Thumbnail,Image pack,People also ask,Sitelinks,Videos,Video preview",60,0,0,2016-04-17,,
2479,دعاء غض البصر,10,40,0,1,0,30,,,2026-05-06 10:07:33,"AI Overview,People also ask",150,0,10,2016-10-20,,
2480,دعاء تكبير الثدي,10,70,0,1,0,10,,,2026-06-08 8:18:04,"AI Overview,Thumbnail,Image pack,People also ask,Video preview",70,0,0,2020-02-15,,
2481,استودعتكم الله الذي لا تضيع ودائعه,10,50,2800,3,0,200,0.02,,2026-05-10 21:17:30,"AI Overview,People also ask,Image pack",350,350,400,2016-08-18,,
2482,للمحبه حدود,10,30,20,1,0,40,,0.79,2026-05-19 6:45:38,"Videos,People also ask,Image pack,Video preview",40,0,10,2015-09-15,"65, 64, 67, 68, 86, 60, 76, 59, 59, 19, 87, 80, 39, 35, 29, 17, 25, 25, 39, 35, 33, 32, 33, 31","27, 24, 20, 27, 28, 24, 32, 29, 28, 28, 29, 28"
2483,دعاء لابنتي الغالية,10,80,20,1,0,10,,,2026-05-28 22:29:00,"AI Overview,Image pack,People also ask,Video preview,Thumbnail",80,0,20,2015-11-27,,
2484,دعاء العاده السریه,10,50,230,2,0,10,,,2026-05-05 20:20:13,"AI Overview,People also ask,Video preview",20,300,4000,2020-12-02,,
2485,دعاء لشخص مهموم,10,10,0,1,0,10,,,2026-06-07 17:35:22,"AI Overview,Thumbnail,People also ask,Sitelinks,Image pack",20,9100,14000,2016-05-29,,
2486,دعاء الاموات,10,100,40,1,3,1100,0.01,0.48,2026-06-07 8:47:44,"AI Overview,Thumbnail,People also ask,Image pack,Video preview",2500,69000,355000,2015-09-06,"1597, 1284, 1296, 1103, 1262, 1303, 1264, 1307, 1091, 2444, 1063, 1082, 1100, 905, 1102, 900, 1086, 1078, 1299, 1197, 1106, 1391, 1498, 1257","1169, 1193, 1092, 999, 1145, 1189, 1210, 1207, 1117, 1402, 1508, 1267"
2487,فضل ياحي ياقيوم برحمتك استغيث,10,20,10,1,0,10,,,2026-05-29 14:41:05,"AI Overview,Thumbnail,People also ask,Videos,Image pack",20,10,10,2015-10-22,,
2488,دعاء للعمليه,10,50,900,2,0,10,0.02,,2026-05-09 2:40:14,"AI Overview,Thumbnail,People also ask,Image pack",20,70,500,2016-08-21,,
2489,دعاء شفاء للمريض,10,20,51500,3,3,7200,0.01,,2026-06-02 7:22:03,"AI Overview,Thumbnail,People also ask,Video preview,Image pack",8200,53000,149000,2015-09-12,"7763, 7711, 6696, 5831, 6973, 6422, 6512, 7252, 7251, 7046, 7507, 7661, 7983, 7931, 6920, 6052, 7192, 6644, 6734, 7476, 7471, 7268, 7733, 7884","8207, 8156, 7145, 6280, 7419, 6872, 6963, 7704, 7700, 7498, 7962"
2490,دعاء لقارئ القرآن,10,60,0,1,5,10,,,2026-05-08 0:16:21,"AI Overview,Thumbnail,People also ask,Video preview",60,0,0,2016-04-15,,
2491,جبر القلوب,10,10,40,2,0,90,0.02,,2026-06-02 12:59:34,"AI Overview,Thumbnail,Image pack,People also ask,Videos,Video preview",200,700,2400,2015-09-16,"43, 58, 80, 175, 81, 51, 61, 33, 26, 32, 25, 14, 33, 18, 36, 24, 37, 542, 132, 53, 58, 62, 67, 68","63, 66, 69, 73, 60, 272, 73, 55, 60, 64, 70, 71"
2492,دعاء لكل أم فقدت ابنها,10,10,0,1,0,10,,,2026-05-05 11:22:55,"People also ask,Video preview",10,0,0,2020-06-01,,
2493,عبارات تهنئة افتتاح محل جديد تويتر,10,40,200,1,0,150,,,2026-05-16 22:24:33,"AI Overview,Thumbnail,Image pack,People also ask",600,200,200,2021-08-15,"308, 170, 226, 320, 273, 324, 323, 342, 271, 140, 116, 143, 125, 181, 180, 222, 223, 207, 172, 185, 153, 114, 77, 151","123, 122, 151, 180, 159, 184, 168, 179, 147, 108, 71, 145"
2494,الاميره دعاء بن محمد ال سعود,10,10,20,1,0,60,,,2026-05-10 5:01:53,"Image pack,People also ask",70,50,50,2021-12-19,,
2495,دعاء اول يوم دراسي,10,70,30,1,0,60,,,2026-05-08 9:35:59,"People also ask,Image pack",250,500,2900,2016-11-01,,
2496,دعاء صلاة الضحى للزواج,10,30,0,1,0,10,,,2026-05-16 6:12:24,"AI Overview,Thumbnail,People also ask,Image pack,Video preview",30,0,0,2021-03-06,,
2497,دعاء لزوجي في عشر ذي الحجه,10,30,10,1,0,10,,,2026-05-07 4:42:14,"People also ask,Video preview",30,0,10,2020-07-20,,
2498,دعاء قصير للام,10,60,30,1,0,10,,,2026-05-20 0:38:36,"AI Overview,People also ask,Video preview",40,20,40,2015-12-23,,
2499,مدرسة الدعاء,10,10,0,1,0,10,,,2026-06-02 8:02:24,"Video preview,Thumbnail,People also ask",30,50,50,2019-11-23,,
2500,صباح يوم الخميس,10,200,70,1,0,20,,,2026-05-16 14:45:01,"Image pack,People also ask,Video preview",150,0,0,2016-04-07,,
2501,هل دعاء الحامل مستجاب ابن باز,10,60,100,1,0,50,,,2026-05-12 5:37:53,"People also ask,Video preview",100,20,100,2021-04-13,,
2502,اذكار النوم ابن باز,10,30,200,1,0,400,0.06,,2026-05-04 22:39:29,"People also ask,Video preview",700,8400,34000,2015-09-20,"349, 282, 353, 338, 326, 252, 333, 271, 240, 248, 457, 400, 329, 347, 353, 445, 458, 492, 531, 452, 398, 365, 365, 409","439, 366, 389, 411, 467, 471, 436, 481, 424, 389, 389, 436"
2503,دعاء القوة والشجاعة,10,40,100,1,0,70,,,2026-05-30 2:52:59,"Featured snippet,People also ask,Thumbnail,Image pack,Videos,Video preview",250,40,60,2016-10-06,,
2504,اللهم انت احق من ذكر,10,20,200,1,0,800,0.06,,2026-05-26 21:38:30,"Image pack,People also ask,Video preview",5700,300,700,2016-02-09,"860, 539, 819, 527, 1052, 943, 1085, 614, 1154, 694, 597, 608, 1522, 1235, 848, 524, 543, 957, 699, 705, 756, 730, 759, 754","880, 789, 792, 749, 805, 807, 807, 751, 807, 779, 810, 805"
2505,دعاء اليأس,10,30,10,1,0,10,,,2026-06-03 18:53:45,"AI Overview,Thumbnail,People also ask,Image pack,Sitelinks",70,20,100,2015-10-10,,
2506,اللهم لا نسألك رد القضاء ولكن نسألك اللطف فيه,10,40,200,1,0,30,,,2026-05-30 3:18:56,"AI Overview,People also ask,Videos,Image pack",150,40,200,2015-11-05,,
2507,ياحي ياقيوم برحمتك استغيث,10,30,5100,2,0,4600,0.1,0.59,2026-06-03 1:05:27,"AI Overview,Thumbnail,Image pack,People also ask,Video preview",11000,1300,2600,2015-09-11,"5187, 4255, 4289, 3685, 3622, 3640, 3742, 4635, 4687, 4514, 4756, 4499, 5525, 4593, 4628, 4024, 3960, 3979, 4080, 4974, 5025, 4852, 5095, 4837","5863, 4932, 4966, 4362, 4298, 4317, 4418, 5312, 5363, 5190, 5433, 5175"
2508,دعاء 4 رمضان,10,40,30,1,0,60,,,2026-05-09 7:33:26,"AI Overview,People also ask,Image pack,Video preview",250,10,10,2017-05-29,,
2509,دعاء بدير,10,70,10,1,0,10,,,2026-05-18 17:12:01,"Video preview,Image pack",70,0,10,2015-09-18,,
2510,دعاء العملية,10,80,200,1,0,10,,,2026-05-18 5:58:52,"AI Overview,Thumbnail,People also ask,Image pack,Video preview",80,20,200,2016-10-25,,
2511,دعاء طرد الشيطان من العقل,10,20,10,1,0,10,,,2026-06-01 18:47:35,"Featured snippet,People also ask,Image pack,Videos,Video preview",20,0,10,2020-03-14,"57, 19, 52, 29, 39, 4, 0, 3, 1, 14, 2, 1, 1, 2, 1, 9, 9, 0, 0, 18, 14, 12, 0, 0",5
2512,متى يبدأ يوم عرفة ومتى ينتهي,10,30,950,4,7,800,,,2026-06-03 8:01:56,"AI Overview,Thumbnail,People also ask,Video preview",1600,1000,2300,2015-09-18,"476, 4111, 1407, 342, 333, 328, 328, 329, 328, 331, 270, 271, 2172, 3830, 1296, 315, 307, 302, 303, 305, 303, 308, 292, 292","2290, 4132, 1398, 340, 332, 326, 327, 329, 327, 332, 314, 314"
2513,دعاء فتح باب الرزق,10,30,0,1,5,10,,,2026-05-13 3:21:24,"AI Overview,Thumbnail,People also ask,Image pack,Sitelinks",60,7700,40000,2019-05-07,"21, 20, 24, 20, 22, 14, 5, 2, 1, 1, 1, 2, 1, 3, 12, 2, 2, 6, 18, 26, 28, 32, 14, 6",
2514,ادعية دينية اجمل الدعاء بالصور,10,50,150,1,0,10,,,2026-05-21 18:01:48,"Image pack,People also ask,Video preview",80,90,350,2020-05-16,,
2515,دعاء الفجر والصباح,10,1600,350,1,0,100,,,2026-05-17 5:49:29,"AI Overview,Thumbnail,Image pack,People also ask,Video preview",1000,70,400,2020-08-28,,
2516,دعاء تسخير المدير,10,60,730,5,0,50,,,2026-05-10 23:32:36,"Image pack,People also ask",80,600,3600,2018-07-22,,
2517,اللهم ارحم امي,10,60,400,2,0,1600,0.08,0.24,2026-05-27 16:00:28,"Image pack,People also ask,Video preview",3000,150,150,2015-09-10,"2107, 2136, 2543, 2153, 2190, 1795, 1712, 2031, 1660, 2513, 1405, 1907, 1499, 1855, 1655, 1357, 1630, 1424, 1377, 1409, 1451, 1840, 1681, 1560","1508, 1609, 1486, 1447, 1493, 1420, 1405, 1387, 1429, 1812, 1655, 1535"
2518,ادعيه للميت,10,20,0,1,4,1700,0.01,0.87,2026-05-24 2:43:55,"AI Overview,People also ask,Image pack,Video preview",6200,8600,35000,2015-09-06,"2353, 2257, 2273, 1897, 1962, 2289, 1919, 2339, 1946, 2958, 1587, 1594, 1612, 1802, 1829, 1525, 1543, 1565, 1872, 1819, 1703, 1925, 1975, 1814","1692, 1778, 1729, 1617, 1614, 1625, 1704, 1764, 1651, 1866, 1914, 1758"
2519,دعاء قبل الموت,10,60,10,1,0,10,,,2026-05-26 19:38:45,"AI Overview,Thumbnail,Video preview,People also ask,Image pack,Sitelinks",90,150,350,2016-03-04,,
2520,دعاء المريض لنفسه حصن المسلم,10,40,30,2,0,,,,2026-05-18 2:42:18,"People also ask,Video preview,Sitelinks",10,0,10,2021-03-28,,
2521,دعاء للصديقة,10,20,30,1,0,700,0.06,0.5,2026-05-22 13:39:26,"AI Overview,People also ask,Image pack,Video preview,Thumbnail",900,1600,1800,2015-10-20,"1497, 833, 862, 839, 836, 841, 821, 815, 634, 2304, 435, 671, 888, 685, 665, 507, 523, 506, 546, 562, 412, 2145, 246, 697","911, 817, 739, 533, 559, 544, 589, 604, 453, 2186, 288, 738"
2522,دعاء الشرك الخفي,10,20,0,1,0,10,,,2026-05-24 4:21:43,"AI Overview,Image pack,People also ask,Video preview",20,0,0,2016-11-23,,
2523,دعاء بين الاذان والاقامة,10,60,1320,3,0,2100,0.05,0.81,2026-06-02 13:26:17,"AI Overview,People also ask,Image pack,Video preview",2700,400,400,2015-09-24,"1972, 2002, 1991, 1682, 2450, 1998, 2029, 1997, 1586, 2017, 1330, 1652, 1558, 2401, 2361, 1994, 2354, 1909, 2517, 2397, 2113, 2426, 1963, 2195","2172, 2434, 2288, 2050, 2561, 2249, 2492, 2438, 2151, 2465, 2002, 2235"
2524,دعاء عند الملتزم المغامسي,10,10,0,1,0,10,,,2026-05-28 18:45:04,"AI Overview,Video preview,Thumbnail,Image pack,People also ask",10,0,0,2022-05-12,,
2525,انستقرام دعاء يوم التروية,10,30,10,1,0,10,,,2026-05-06 15:54:29,People also ask,30,10,10,2020-07-28,,
2526,دعاء للتخلص من الحازوقة,10,100,0,1,0,10,,,2026-06-06 1:21:57,"AI Overview,Thumbnail,Video preview,People also ask,Image pack",100,0,0,2021-08-31,,
2527,أجمل دعاء لعائلتي ❤️,10,20,500,1,0,350,,,2026-05-07 22:07:26,"AI Overview,People also ask",600,200,350,2020-07-24,"255, 1606, 1230, 1215, 1287, 1354, 1370, 1452, 847, 2893, 342, 306, 260, 408, 521, 310, 407, 184, 281, 325, 394, 758, 226, 17",18
2528,اللهم إني أسألك العافية في الدنيا والآخرة,10,30,300,1,0,300,0.3,0.81,2026-06-01 4:48:10,"Image pack,Video preview,People also ask",300,0,0,2015-10-29,"290, 191, 155, 242, 244, 233, 189, 234, 232, 347, 347, 347, 347, 395, 284, 284, 235, 233, 232, 238, 245, 333, 289, 316","360, 322, 253, 286, 208, 157, 217, 208, 215, 303, 259, 287"
2529,دعاء قبل العملية الجراحية إسلام ويب,10,30,10,1,0,10,,,2026-06-04 21:07:54,"AI Overview,Thumbnail,People also ask,Image pack,Video preview,Sitelinks",50,50,450,2020-07-12,,
2530,دعاء للام في يوم الجمعه,10,20,0,1,0,10,,,2026-05-19 7:43:52,"AI Overview,People also ask,Image pack,Video preview",20,0,0,2019-10-18,,
2531,دعاء للجد المريض,10,70,20,3,0,,,,2026-05-21 22:53:52,"AI Overview,Video preview,Thumbnail,People also ask,Videos,Sitelinks,Image pack",10,20,30,2020-01-10,,
2532,دعاء الوقوف بعرفة,10,40,0,1,1,10,,,2026-05-11 23:38:11,"People also ask,Image pack,Video preview,Sitelinks",40,0,0,2015-09-23,,
2533,دعاء اشتياق للميت,10,30,10,1,0,10,0.01,,2026-05-30 8:04:03,"AI Overview,Thumbnail,People also ask,Videos,Image pack",30,10,10,2016-11-03,,
2534,دعاء الندبة مرتضى قريش,10,20,10,1,0,10,,,2026-05-28 21:09:10,Video preview,20,0,10,2016-05-20,,
2535,صحة دعاء اللهم إني أسألك العفو وَالْعَافِيَةَ في الدنيا وَالْآخِرَةِ,10,10,10,1,0,10,,,2026-05-29 12:09:00,"AI Overview,Videos,People also ask,Image pack,Video preview",10,0,10,2022-10-14,,
2536,يوم الاثنين,10,150,20,1,0,400,0.07,0.43,2026-06-05 11:56:09,"AI Overview,Thumbnail,People also ask,Image pack,Video preview",1200,30,30,2015-09-01,"281, 370, 346, 356, 465, 444, 483, 465, 450, 371, 382, 342, 260, 241, 321, 493, 339, 363, 468, 430, 436, 467, 426, 416","406, 402, 416, 458, 446, 431, 431, 431, 437, 467, 426, 416"
2537,دعاء على المس العاشق,10,20,40,2,0,10,,,2026-05-20 3:26:20,"AI Overview,Thumbnail,People also ask",10,20,100,2016-01-27,,
2538,دعاء لابني في اول يوم دراسي,10,30,10,1,0,10,,,2026-05-16 16:00:52,"People also ask,Image pack,Video preview",50,0,20,2017-09-17,,
2539,دعاء قبل خطبة الجمعة,10,20,10,1,1,10,,,2026-05-05 22:51:53,"AI Overview,Thumbnail,People also ask,Sitelinks",20,10,10,2018-01-12,"33, 41, 45, 32, 31, 47, 26, 88, 58, 0, 28, 43, 6, 23, 20, 1, 5, 9, 28, 20, 25, 8, 22, 0",11
2540,دعاء ليله القدر,10,10,32000,1,0,3200,0.01,0.83,2026-06-07 9:07:18,"People also ask,Image pack,Video preview",13000,3000,41000,2016-06-09,"29, 10, 10, 9, 8, 8, 8, 10, 16, 43066, 51, 16, 23, 10, 9, 12, 9, 8, 10, 2924, 3005, 32027, 4, 7198","2408, 2349, 2985, 2800, 2731, 4947, 4974, 5013, 5046, 1813, 1"
2541,دعاء من قام من الليل,10,20,40,1,0,30,,,2026-05-25 3:14:50,"AI Overview,Thumbnail,People also ask,Image pack,Videos,Sitelinks,Video preview",40,2500,4200,2019-04-14,"0, 2, 1, 3, 9, 9, 15, 24, 8, 4, 4, 8, 10, 9, 13, 1, 17, 50, 135, 18, 13, 13, 35, 5",
2542,اللهم إني أسألك العفو والعافية,10,20,400,1,0,700,0.15,0.63,2026-05-19 6:58:20,"Image pack,People also ask,Video preview",1100,400,400,2015-09-06,"816, 723, 836, 868, 1055, 1017, 1064, 807, 678, 805, 425, 546, 666, 1006, 796, 548, 675, 427, 805, 793, 673, 1011, 776, 622","547, 581, 714, 620, 730, 675, 762, 747, 721, 1302, 804, 649"
2543,الدعاء بعد الوضوء,10,60,20,1,0,500,0.08,0.98,2026-06-07 11:04:22,"AI Overview,People also ask,Image pack,Video preview",1100,1100,2400,2015-10-03,"408, 436, 417, 359, 454, 431, 397, 550, 414, 625, 522, 527, 410, 419, 438, 534, 556, 475, 504, 532, 553, 594, 566, 529","522, 569, 516, 496, 547, 542, 537, 572, 595, 634, 608, 570"
2544,صور دعاء للمريض,10,160,180,2,0,150,0.04,0.26,2026-05-09 10:13:39,"Image pack,People also ask,Video preview",1100,0,30,2015-09-05,"245, 305, 264, 215, 261, 216, 181, 180, 151, 117, 150, 148, 153, 151, 153, 123, 165, 121, 121, 119, 118, 113, 103, 109","114, 110, 104, 133, 144, 126, 123, 118, 118, 113, 103, 109"
2545,دعاء ليلة دخلة,10,50,600,1,0,500,,,2026-05-28 17:48:01,"AI Overview,People also ask,Image pack,Video preview",2200,1300,9500,2020-01-11,"315, 199, 158, 64, 79, 233, 127, 263, 87, 37, 79, 50, 83, 486, 406, 501, 623, 863, 612, 772, 517, 511, 487, 432","522, 614, 532, 346, 433, 408, 283, 344, 189, 194, 148, 244"
2546,دعاء ركوب الخيل,10,20,0,1,0,10,,,2026-05-11 19:46:52,"AI Overview,Video preview,Thumbnail,People also ask,Image pack",20,0,0,2015-11-27,,
2547,دعاء مسجد قباء الشيعة,10,10,10,1,0,10,,,2026-05-25 19:59:37,"People also ask,AI Overview,Image pack,Videos,Sitelinks",10,10,10,2020-11-14,,
2548,دعاء لاخي بالتوفيق,10,100,100,1,0,200,0.05,,2026-05-15 2:50:50,"AI Overview,People also ask,Image pack,Video preview",800,90,150,2015-09-05,,
2549,دعاء من القلب تويتر,10,30,0,1,0,60,,,2026-05-13 13:00:30,"Sitelinks,People also ask",100,150,200,2017-07-05,,
2550,دعاء الزوج على زوجته العاصية,10,10,10,1,0,10,,,2026-06-03 19:58:59,"AI Overview,People also ask,Image pack",30,10,10,2020-04-05,,
2551,دعاء للابن,10,200,150,1,0,350,0.02,0.69,2026-05-13 10:32:31,"AI Overview,People also ask,Image pack,Video preview",900,6400,7100,2015-09-22,"645, 360, 367, 358, 442, 428, 394, 403, 310, 946, 318, 414, 523, 299, 300, 303, 303, 256, 330, 348, 335, 447, 433, 401","407, 409, 346, 333, 355, 339, 344, 349, 336, 448, 434, 402"
2552,دعاء لزوجي المتوفي يوم الجمعة,10,150,200,1,0,10,,,2026-05-18 22:14:57,"Image pack,People also ask,Video preview,Sitelinks",150,10,200,2020-04-03,,
2553,ربي اجعلني مقيم الصلاة,10,10,1600,1,0,1800,0.05,0.66,2026-05-19 13:04:17,"People also ask,Image pack,Video preview",3400,900,1200,2015-09-13,"1674, 2191, 2002, 1614, 2602, 2466, 2514, 1989, 1627, 3198, 1699, 1648, 2080, 2035, 2002, 1975, 1670, 1682, 1730, 1807, 1699, 2025, 1896, 1739","1747, 1806, 1778, 1666, 1800, 1826, 1873, 1842, 1735, 2055, 1932"
2554,دعاء الرجاء,10,10,0,1,0,10,,,2026-05-29 16:33:04,"AI Overview,Thumbnail,People also ask,Image pack,Videos,Video preview",10,0,0,2017-07-08,,
2555,كيف احصن شخص,10,30,20,1,0,70,,,2026-06-05 16:53:50,"AI Overview,Thumbnail,People also ask,Video preview,Image pack",80,700,2300,2020-08-04,,
2556,تعليم الطفل للحمام في ثلاث أيام,10,40,0,1,22,150,0.01,,2026-05-26 10:32:58,"AI Overview,Thumbnail,Videos,People also ask,Video preview,Image pack",700,350,700,2022-03-08,,
2557,دعاء شكر اليوم,10,10,0,1,0,10,,,2026-05-12 20:15:32,"AI Overview,Video preview,Thumbnail,People also ask,Image pack",10,0,0,2016-09-08,,
2558,دعاء يوم الجمعة المباركة,10,30,7000,1,0,1700,0.05,,2026-06-05 20:06:55,"AI Overview,People also ask,Image pack,Video preview",6700,25000,71000,2016-01-15,"895, 1435, 1689, 1680, 1395, 1437, 893, 1706, 889, 649, 1169, 1450, 871, 1160, 1670, 1327, 2179, 1930, 2154, 2101, 1883, 1665, 1457, 1645","1475, 1513, 1549, 1576, 1488, 1407, 1572, 1502, 1356, 1112, 952, 1130"
2559,هل دعاء حديث النفس مستجاب,10,30,10,1,0,10,,,2026-05-30 4:18:33,"AI Overview,Thumbnail,People also ask,Video preview",30,0,10,2020-01-10,,
2560,دعاء لشخص ميت عزيز عليك,10,30,200,1,3,350,,,2026-05-11 12:10:22,"AI Overview,People also ask,Image pack",1400,69000,334000,2015-09-18,"127, 58, 63, 111, 169, 370, 372, 193, 81, 641, 274, 344, 237, 359, 307, 433, 313, 416, 441, 351, 252, 281, 88, 200",
2561,اللهم لاسهل الا ماجعلته سهلا ابن باز,10,20,40,1,0,100,,,2026-05-20 22:37:37,"AI Overview,Thumbnail,People also ask,Image pack,Videos,Video preview",150,50,50,2022-12-06,,
2562,دعاء لجم شخص,10,80,20,1,0,10,,,2026-05-29 19:02:19,"Image pack,Video preview,People also ask",80,0,20,2016-06-12,,
2563,حالات واتس قوية وروعة,10,30,700,1,2,450,,,2026-05-21 21:31:04,"Image pack,People also ask",4800,1700,8800,2020-12-21,"542, 660, 454, 515, 327, 402, 319, 267, 263, 173, 353, 380, 243, 468, 389, 396, 485, 471, 486, 454, 457, 434, 441, 539","512, 497, 495, 493, 465, 425, 424, 408, 412, 389, 397, 494"
2564,اللهم اكفني شر خلقك,10,20,10,1,0,350,0.07,0.3,2026-05-27 18:08:33,"Image pack,People also ask",500,0,0,2015-09-02,"649, 644, 646, 647, 646, 643, 529, 527, 522, 521, 521, 522, 407, 355, 356, 358, 357, 358, 296, 321, 307, 304, 299, 328","319, 327, 316, 367, 349, 326, 310, 320, 307, 304, 299, 328"
2565,دعاء الدخول على سلطان,10,50,0,1,0,10,,,2023-06-14 19:36:41,"Featured snippet,Thumbnail,Image pack",20,100,,2019-10-13,,
2566,اللهم اشفي مرضانا ومرضى المسلمين,10,20,2300,2,0,5900,0.02,0.25,2026-06-08 0:02:49,"People also ask,Image pack,Video preview",6900,700,1200,2015-10-11,"5924, 5729, 4875, 4969, 5344, 5782, 5621, 5334, 5202, 5577, 5791, 6131, 6370, 6180, 5329, 5425, 5804, 6245, 6086, 5803, 5674, 6053, 6269, 6612","6855, 6668, 5820, 5920, 6302, 6746, 6591, 6311, 6185, 6568, 6788, 7134"
2567,دعاء الوحدة,10,30,10,1,0,10,,,2026-05-18 17:23:36,"AI Overview,Thumbnail,People also ask,Video preview,Image pack,Sitelinks",30,0,10,2016-01-14,,
2568,دعاء بعد صلاة الظهر,10,50,10,1,0,10,0.03,,2026-05-24 3:23:57,"AI Overview,People also ask,Videos,Image pack",50,0,10,2016-05-22,,
2569,دعاء لخواتي,10,40,0,1,0,40,,,2026-05-28 22:20:15,"AI Overview,People also ask,Video preview,Image pack",60,250,450,2018-11-17,,
2570,دعاء الرزق في يوم عرفه,10,20,0,2,0,10,,,2026-06-07 19:29:05,"AI Overview,Thumbnail,People also ask,Video preview",10,0,0,2020-07-29,,
2571,دعاء عن القراءة,10,40,0,1,1,10,,,2026-06-05 11:04:52,"AI Overview,Thumbnail,Image pack,People also ask,Video preview",40,0,0,2015-09-08,,
2572,دعاء المشلول مكتوب,10,40,280,2,0,150,,1,2026-05-20 6:15:00,"Video preview,Videos,Image pack",250,150,700,2015-09-05,"131, 113, 309, 130, 128, 112, 130, 187, 121, 131, 93, 75, 92, 137, 244, 128, 129, 168, 168, 138, 122, 140, 138, 139","145, 150, 125, 198, 151, 146, 142, 135, 120, 138, 137, 139"
2573,دعاء يوم الجمعة لنفسي وأهلي,10,10,10000,1,0,2200,0.02,,2026-05-27 7:30:04,"AI Overview,Video preview,Thumbnail,Image pack,People also ask,Videos",4100,20000,67000,2022-07-29,"1127, 1426, 1728, 1441, 1179, 1414, 1446, 1184, 917, 773, 923, 1423, 777, 1421, 1433, 1708, 2209, 2678, 3212, 2860, 2935, 2820, 2607, 3216","2511, 3189, 3201, 3034, 3087, 3328, 3505, 3093, 3082, 3068, 3037, 3506"
2574,تعزية لأهل الميت,10,30,0,1,1,600,,,2026-06-04 6:48:52,"AI Overview,Thumbnail,People also ask,Video preview,Image pack",1000,1500,2500,2017-12-19,"625, 837, 839, 878, 857, 844, 869, 694, 508, 525, 537, 704, 708, 458, 382, 444, 527, 670, 668, 708, 602, 679, 640, 759","672, 620, 591, 569, 588, 631, 636, 681, 576, 653, 613, 732"
2575,بمَ شبه الشاعر دعاء المظلوم في البيت الأخير؟,10,10,0,1,0,10,,,2026-05-26 2:12:58,"Sitelinks,People also ask,Video preview",10,0,0,2020-11-04,,
2576,الحمد لله الذي بنعمته تتم الصالحات,10,30,3100,1,0,1600,0.1,0.43,2026-05-27 16:46:03,"AI Overview,People also ask,Video preview,Image pack",17000,600,1800,2015-09-03,"1836, 1803, 1651, 1595, 1420, 1381, 1410, 1629, 1251, 1532, 1599, 1756, 1834, 1801, 1649, 1594, 1419, 1380, 1409, 1628, 1251, 1531, 1598, 1755","1833, 1801, 1649, 1593, 1418, 1380, 1409, 1628, 1250, 1531, 1598, 1755"
2577,ماذا يقال عند الذهاب للعمرة,10,20,500,1,4,100,0.4,,2026-05-26 18:18:08,"AI Overview,Thumbnail,People also ask,Videos",350,83000,101000,2021-03-15,,
2578,دعا المنزل,10,40,10,1,0,30,,,2026-05-23 10:35:41,"AI Overview,People also ask,Image pack,Videos,Video preview",30,300,450,2018-02-22,,
2579,دعاء للمريض وقت نزول المطر تويتر,10,10,0,1,0,10,,,2026-06-04 13:53:44,People also ask,10,0,0,2020-03-12,,
2580,دعاء عقد القران,10,20,200,1,0,250,,,2026-05-26 19:05:17,"AI Overview,People also ask,Video preview,Image pack",600,800,900,2015-10-06,"256, 359, 299, 66, 56, 64, 121, 181, 96, 34, 113, 111, 27, 53, 172, 399, 415, 306, 312, 440, 236, 222, 127, 189",
2581,دعاء لفتح باب الرزق والعمل,10,30,20,1,0,40,,,2026-05-19 15:52:13,"AI Overview,People also ask,Image pack,Video preview",300,9000,41000,2016-08-23,"44, 90, 50, 49, 175, 150, 40, 24, 47, 63, 27, 20, 38, 41, 48, 63, 55, 70, 69, 38, 32, 39, 10, 6",
2582,دعاء للوالد المتوفي,10,20,1100,1,0,2000,0.01,0.84,2026-06-06 15:02:59,"AI Overview,Thumbnail,People also ask,Video preview,Image pack",4600,7800,33000,2015-09-11,"2425, 1937, 2002, 1946, 1973, 1982, 1941, 2398, 1966, 4387, 1622, 1999, 2197, 1604, 1915, 1614, 1936, 1624, 1941, 2153, 1855, 3088, 1714, 1969","2025, 1637, 1823, 1696, 1916, 1822, 2003, 2050, 1954, 2476, 2180, 1898, 1969"
2583,دعاء الدواء,10,30,0,1,0,10,,,2026-05-14 9:28:57,"AI Overview,Image pack,People also ask",30,0,0,2020-02-05,,
2584,دعاء ليلة القدر تويتر,10,20,0,1,0,10,,,2026-05-09 16:47:02,Image pack,20,0,0,2016-06-24,"2, 0, 0, 0, 0, 0, 0, 0, 0, 1170, 0, 0, 0, 3, 5, 0, 0, 0, 6, 3, 2, 124, 0, 1",43
2585,4 رمضان,10,20,70,1,0,200,0.35,,2026-05-10 15:25:35,"People also ask,Video preview",700,250,700,2016-06-08,,
2586,دعاء طلب المساعدة من الله,10,40,0,1,0,10,,,2026-05-26 3:06:14,"AI Overview,People also ask,Image pack,Videos,Sitelinks",40,100,700,2018-03-17,,
2587,دعاء قبل سحب البويضات,10,120,50,3,0,20,,,2026-06-03 19:34:28,"AI Overview,Thumbnail,Video preview,People also ask,Image pack",200,0,20,2016-05-19,,
2588,دعاء يبعد الزوج عن عشيقته,10,70,0,1,0,10,,,2026-05-07 10:59:28,"AI Overview,Video preview,Thumbnail,People also ask",70,0,0,2020-09-13,,
2589,دعاء عن الماء,10,50,0,1,0,10,,,2026-06-07 15:20:24,"AI Overview,Image pack,People also ask,Video preview",50,0,0,2015-11-25,,
2590,دعاء خروج من المنزل,10,100,10,1,0,600,0.02,0.53,2026-05-27 12:13:02,"AI Overview,Image pack,People also ask,Video preview",7800,2400,18000,2015-10-05,"441, 529, 581, 843, 1006, 877, 736, 692, 558, 461, 686, 691, 565, 582, 690, 748, 651, 681, 501, 515, 446, 466, 516, 508","485, 444, 565, 573, 613, 581, 508, 498, 434, 443, 453, 504"
2591,دعاء لولي العهد,10,10,0,1,0,20,,,2026-05-06 16:23:48,People also ask,20,0,0,2018-08-16,,
2592,معنى اسم دعاء,10,350,150,1,0,10,,,2026-06-05 3:42:57,"AI Overview,Thumbnail,People also ask,Image pack",350,0,150,2015-09-16,,
2593,ايات عن الدعاء,10,20,80,1,0,50,,,2026-05-13 3:34:21,"AI Overview,Thumbnail,People also ask,Image pack,Video preview",150,50,80,2015-11-15,,
2594,دعاء للميت في اول جمعه من رمضان,10,10,10,1,0,10,,,2026-06-02 6:50:56,"People also ask,Sitelinks,Image pack",10,10,10,2020-04-23,,
2595,دعاء استوداع الاهل,10,80,10,1,0,80,,,2026-06-02 1:50:57,"AI Overview,Image pack,People also ask,Video preview,Sitelinks",250,900,1600,2016-01-16,,
2596,دعاء الاستخارة للزواج من شخص معين,10,70,200,1,0,10,,0.51,2026-05-19 14:25:10,"AI Overview,Thumbnail,People also ask,Image pack",70,0,200,2015-09-01,,
2597,دعاء الحسد اللهم أبطل أثر عين,10,70,20,1,0,10,,,2026-06-04 19:22:24,"AI Overview,Thumbnail,Image pack,People also ask,Video preview",70,10,20,2022-04-16,,
2598,دعاء لمن هجرها زوجها,10,40,10,1,0,10,,,2026-05-20 23:01:05,"People also ask,Videos,Sitelinks",40,10,10,2016-05-08,,
2599,دعاء لشخص في رمضان,10,40,20,1,0,70,,,2026-05-18 12:24:36,"AI Overview,People also ask,Video preview,Image pack",150,9200,14000,2020-04-24,,
2600,دعاء المطر لشخص تحبه,10,40,20,1,0,30,,,2026-06-07 22:10:17,"AI Overview,Thumbnail,People also ask,Image pack,Video preview",90,20,40,2020-03-12,"4, 1, 243, 45, 71, 75, 11, 50, 53, 79, 3, 1, 1, 2, 33, 4, 3, 39, 131, 5, 10, 48, 35, 0",29
2601,دعاء ترك الدخان,10,30,0,1,0,10,,,2026-06-01 19:53:19,"AI Overview,Thumbnail,Image pack,People also ask,Video preview",30,0,0,2016-05-12,,
2602,اللهم لك الحمد كله ولك الملك كله,10,20,0,1,0,10,,,2026-05-04 5:59:42,People also ask,20,100,150,2017-07-05,,
2603,دعاء لمعلمة متقاعدة,10,10,10,1,0,10,,,2026-05-18 17:43:15,"People also ask,Video preview",10,10,10,2020-11-10,,
2604,دعاء ساعة استجابه,10,10,200,1,1,150,0.01,,2026-05-16 18:42:37,"AI Overview,People also ask,Image pack,Video preview",200,350,400,2015-10-30,,
2605,دلع اسم دعاء,10,150,30,1,0,10,,,2026-06-02 14:10:04,"AI Overview,People also ask,Video preview,Image pack",150,0,30,2015-09-11,"78, 104, 91, 96, 119, 92, 1, 0, 3, 6, 0, 2, 4, 3, 12, 4, 12, 14, 33, 7, 0, 7, 3, 0",4
2606,جبل احد اين يقع,10,10,500,1,0,700,1.4,,2026-06-02 7:22:29,"AI Overview,Thumbnail,People also ask,Image pack,Video preview",1000,1600,2700,2015-10-07,"706, 696, 709, 579, 586, 809, 1086, 837, 1308, 1070, 584, 390, 571, 577, 594, 580, 602, 724, 1067, 910, 915, 807, 727, 565","603, 559, 551, 513, 520, 606, 893, 780, 791, 682, 606, 445"
2607,دعاء للأموات يوم الجمعة,10,20,0,4,0,150,,,2026-05-13 8:13:38,"AI Overview,People also ask,Image pack",200,600,800,2017-01-27,,
2608,دعاء للزوج المسافر للعمل,10,200,20,1,0,10,,,2026-05-26 11:20:50,"AI Overview,Thumbnail,Image pack,People also ask,Video preview",200,0,20,2015-10-23,,
2609,دعاء شرب ماء زمزم بنية الشفاء,10,20,300,1,0,40,,,2026-06-05 7:49:22,"AI Overview,Image pack,People also ask,Video preview",100,300,2000,2016-08-31,,
2610,دعاء الاستغفار من الذنوب,10,10,3700,1,0,450,0.2,,2026-05-09 16:45:36,"AI Overview,People also ask,Video preview,Image pack",1000,1300,5100,2015-09-11,"683, 553, 691, 675, 553, 517, 639, 595, 611, 817, 592, 477, 500, 335, 437, 416, 450, 451, 476, 492, 467, 526, 532, 499","495, 471, 469, 474, 474, 480, 486, 494, 469, 528, 534, 501"
2611,دعاء لمن يعمل عملية جراحية تويتر,10,40,10,1,0,10,,,2026-05-14 2:12:49,"AI Overview,Thumbnail,People also ask,Image pack,Video preview",40,0,10,2022-07-21,,
2612,دعاء شكر لله على الشفاء تويتر,10,20,10,1,0,10,,,2026-05-19 17:45:05,"AI Overview,People also ask,Image pack",20,0,10,2019-05-28,,
2613,دعاء ليلة القدر للحبيب,10,150,100,1,0,10,,,2026-05-09 6:34:15,"People also ask,Image pack",150,0,100,2020-05-12,,
2614,دعاء مسجد قباء مفاتيح الجنان,10,70,60,1,0,350,,,2026-06-05 5:59:43,"AI Overview,Thumbnail,Image pack,People also ask,Video preview",350,450,450,2017-04-18,"559, 70, 198, 366, 270, 900, 427, 1274, 547, 315, 432, 129, 175, 461, 625, 198, 279, 56, 113, 584, 254, 539, 416, 0",319
2615,اللهم انصر اخواننا في فلسطين,10,200,200,1,0,40,,,2026-05-18 16:57:54,"AI Overview,Image pack,People also ask,Video preview",400,30,350,2018-01-28,,
2616,دعاء تحصين النفس,10,20,0,3,0,30000,0.03,0.39,2026-06-06 5:23:49,"Image pack,People also ask,Video preview,Thumbnail",66000,10000,20000,2015-09-08,"37739, 35101, 36285, 34741, 33964, 34422, 31605, 33885, 27598, 26175, 32225, 29518, 28142, 31901, 32756, 30193, 28713, 28515, 29976, 30296, 29289, 30433, 26790, 29922","31686, 32272, 31816, 30208, 28730, 28528, 30048, 30313, 29389, 30527, 26734, 29972"
2617,دعاء الذريه,10,40,0,1,0,30,0.03,1.16,2026-05-11 1:48:34,"AI Overview,Thumbnail,People also ask,Image pack,Video preview",60,450,1100,2015-10-15,,
2618,دعاء سهيل,10,700,500,1,0,10,,,2026-05-12 23:08:54,"AI Overview,Image pack,People also ask,Video preview",700,10,500,2018-12-22,"1, 15, 18, 14, 17, 23, 13, 11, 8, 1, 150, 7, 20, 30, 9, 2, 6, 5, 0, 8, 4, 6, 15, 5",10
2619,تهنئة رمضان تويتر,10,20,150,1,0,250,,,2026-05-05 1:56:19,"People also ask,Thumbnail,Video preview",600,90,150,2017-05-20,"1, 1, 1, 1, 1, 1, 1, 1, 3001, 189, 1, 1, 1, 1, 1, 0, 1, 2, 1, 32, 2885, 0, 30, 1315","1004, 898, 917, 938, 957, 978, 1448, 1481, 1565, 1779, 1778, 1647"
2620,دعاء لابي المتوفي ليلة الجمعة,10,200,60,1,0,10,,,2026-06-08 18:02:57,"AI Overview,Thumbnail,People also ask,Image pack,Video preview",200,0,60,2017-02-02,,
2621,دعاء يوم الجمعة المستجاب بعد العصر,10,50,20,1,0,30,,,2026-05-21 5:40:37,"AI Overview,Thumbnail,Video preview,People also ask,Videos,Image pack",50,200,250,2021-05-28,,
2622,اللهم صلي وسلم على نبينا محمد,10,50,4100,1,1,15000,0.03,0.33,2026-06-02 15:24:03,"Image pack,People also ask,Video preview",19000,12000,13000,2015-09-01,"12322, 13275, 19356, 17113, 14441, 15459, 14019, 16587, 16753, 16134, 19184, 18706, 13166, 14908, 14699, 17104, 18918, 15566, 5744, 15675, 16141, 15842, 15744, 16188","17182, 16032, 17715, 15851, 16898, 16423, 16238, 15673, 16153, 15867, 15731, 16201"
2623,دعاء لصديقتي بالشفاء,10,140,270,3,0,150,,,2026-05-16 4:10:07,"AI Overview,Thumbnail,People also ask,Image pack",700,10,80,2015-10-28,,
2624,صباح الخير مع دعاء,10,200,21000,1,0,5500,0.05,0.22,2026-06-07 17:06:36,"Image pack,People also ask,Video preview,Thumbnail",53000,600,16000,2015-10-29,"5042, 6308, 6519, 5866, 5874, 5766, 4644, 4618, 6226, 5695, 5522, 5562, 5639, 5683, 5025, 4770, 7023, 5840, 4704, 4678, 6306, 5769, 5593, 5633","5711, 5756, 5089, 4831, 7113, 5915, 4764, 4738, 6386, 5842, 5664, 5705"
2625,دعاء لهداية الولد المدمن,10,70,0,1,0,10,,,2026-06-09 3:53:35,"AI Overview,Thumbnail,People also ask,Video preview",70,0,0,2021-01-28,,
2626,دعاء للاب والام,10,100,10,1,0,90,0.05,,2026-05-19 17:45:47,"AI Overview,Thumbnail,People also ask,Sitelinks,Image pack,Video preview",400,150,250,2015-10-29,,
2627,دعاء الذرية الصالحة والحمل بتوأم,10,90,250,1,1,70,,,2026-05-19 16:00:12,"AI Overview,Thumbnail,Video preview,Image pack,People also ask,Videos",200,30,250,2021-10-10,,
2628,دعاء النبي عند ضيق الرزق,10,50,10,1,0,10,,,2026-06-02 14:58:01,"AI Overview,Thumbnail,People also ask,Video preview,Image pack,Sitelinks",50,0,10,2022-03-19,,
2629,دعاء بعد الوضوء اللهم اجعلني من التوابين,10,20,10,1,0,10,,,2026-05-20 16:52:08,"AI Overview,Image pack,People also ask,Video preview",20,0,10,2020-01-21,"2, 13, 16, 10, 5, 18, 33, 9, 0, 10, 22, 20, 8, 16, 10, 10, 14, 7, 24, 7, 5, 0, 2, 2",
2630,دعاء للأم من القرآن,10,60,10,1,0,10,,,2026-06-04 3:41:32,"AI Overview,Image pack,People also ask,Video preview",60,10,10,2021-04-16,,
2631,دعاء على الصهاينة,10,200,60,1,0,10,,,2026-06-03 18:45:54,"People also ask,Video preview",70,0,20,2019-11-18,,
2632,دعاء اليوم السادس والعشرين من رمضان,10,40,150,1,0,50,,,2026-05-11 19:36:31,"Image pack,People also ask,Video preview",700,0,30,2016-07-01,,
2633,دعاء للرزق والتوفيق,10,80,0,1,3,450,0.01,,2026-06-02 14:50:26,"AI Overview,Thumbnail,People also ask,Image pack",600,1400,3500,2016-09-23,"662, 622, 639, 533, 536, 481, 410, 436, 359, 999, 352, 365, 540, 484, 490, 406, 398, 321, 431, 452, 444, 602, 547, 440","497, 503, 478, 447, 447, 429, 457, 468, 459, 618, 563, 456"
2634,دعاء طرد النحل,10,90,0,1,0,10,,,2026-05-07 10:16:17,"AI Overview,Thumbnail,People also ask,Video preview",90,0,0,2021-07-10,,
2635,دعاء الشفر,10,10,60,1,1,700,,,2026-06-06 8:46:08,"Image pack,People also ask,AI Overview,Thumbnail,Sitelinks,Video preview",1500,5700,39000,2015-10-15,"613, 887, 661, 519, 502, 726, 543, 795, 593, 816, 596, 382, 581, 907, 930, 536, 569, 825, 650, 827, 439, 830, 125, 448",
2636,عمتي,10,40,0,1,0,350,0.3,0.27,2026-05-03 2:52:20,"People also ask,Video preview",1200,100,150,2015-09-06,"435, 561, 468, 443, 529, 478, 457, 519, 362, 446, 450, 486, 520, 395, 376, 309, 364, 310, 357, 355, 297, 301, 333, 350","338, 342, 306, 292, 312, 286, 296, 380, 288, 333, 326, 342"
2637,دعاء ياسر الدوسري مكتوب,10,30,90,1,0,200,,,2026-05-11 12:15:24,"Image pack,People also ask",400,0,10,2017-02-08,,
2638,دعاء لابي في العشر الاواخر من رمضان,10,150,40,1,0,10,,,2026-06-04 1:26:55,"AI Overview,Thumbnail,People also ask,Image pack,Video preview",150,10,40,2020-05-12,,
2639,دعاء السنة الجديدة للحبيب,10,80,10,1,0,10,0.02,,2026-05-21 1:36:27,"People also ask,Video preview",80,0,10,2020-01-17,,
2640,ما يقال لمن نجا من حادث,10,130,180,2,0,200,,,2026-05-12 2:28:08,"AI Overview,People also ask,Video preview,Image pack",400,10,10,2020-02-06,,
2641,دعاء عن حسن الخلق,10,30,80,2,0,30,0.04,1.57,2026-06-06 14:43:26,"AI Overview,Thumbnail,People also ask,Image pack,Video preview",50,20,40,2015-10-11,"12, 12, 53, 127, 82, 41, 82, 41, 15, 11, 69, 45, 7, 4, 16, 77, 44, 33, 26, 29, 11, 11, 11, 35","2, 1, 1, 59, 74, 34, 34, 28, 10, 10, 11, 34"
2642,أدعية عظيمة لقضاء الحوائج,10,50,1200,1,0,100,,,2026-06-01 22:49:55,"AI Overview,Thumbnail,People also ask,Image pack,Video preview",200,800,2400,2022-04-24,,
2643,دعاء الثقه بنفس,10,60,40,1,0,30,,,2026-05-05 22:40:44,"AI Overview,Thumbnail,Video preview,People also ask,Sitelinks",50,20,30,2020-07-22,,
2644,دعاء القيام,10,90,150,1,0,600,0.01,,2026-06-01 7:35:44,"Image pack,People also ask,Video preview,Thumbnail",1200,18000,26000,2016-06-25,"34, 116, 192, 28, 142, 192, 132, 107, 372, 9562, 167, 33, 20, 17, 22, 94, 117, 142, 115, 415, 581, 5610, 909, 683","425, 351, 322, 360, 350, 538, 527, 514, 556, 2557, 2460"
2645,دعاء تسهيل طريق السفر,10,60,60,1,0,10,,,2026-05-18 10:54:23,"AI Overview,Image pack,People also ask",60,0,60,2018-11-07,,
2646,دعاء للميت يوم عرفه,10,60,70,2,0,20,,,2026-06-07 12:23:59,"AI Overview,Thumbnail,People also ask,Image pack",60,10,20,2020-07-28,,
2647,دعاء بعد صلاة الفجر للابناء,10,100,30,1,0,10,,,2026-05-25 20:28:36,"People also ask,Image pack",100,0,30,2022-06-17,,
2648,أدعية جامعة لخيري الدنيا والآخرة,10,20,200,1,0,90,,,2026-05-23 19:59:30,"AI Overview,Thumbnail,Video preview,People also ask,Image pack",200,150,150,2020-04-29,,
2649,دعيت على زوجي وقت الغضب,10,20,0,1,0,,,,2026-05-06 6:47:52,"Featured snippet,People also ask,Sitelinks,Video preview",20,0,0,2020-05-15,,
2650,دعاء رجوع الزوج لزوجتة سريعا بعد الطلاق,10,20,0,1,0,10,0.5,,2026-05-27 18:06:05,"AI Overview,Thumbnail,Video preview,People also ask,Sitelinks",20,0,0,2021-03-29,"104, 125, 60, 100, 109, 97, 83, 51, 0, 0, 1, 1, 1, 21, 23, 20, 34, 25, 0, 1, 0, 0, 1, 0",1
2651,دعاء لفقيدتي,10,10,0,1,0,10,,,2026-05-26 1:44:43,"AI Overview,Thumbnail,People also ask,Image pack,Videos,Sitelinks",10,0,0,2017-11-18,,
2652,دعاء ذهاب القمل,10,100,20,1,0,10,,,2026-05-22 13:33:52,"Image pack,People also ask,Video preview",100,0,20,2018-01-08,,
2653,دعاء عن يوم التاسيس,10,10,10,1,0,10,,,2026-05-24 4:54:06,People also ask,10,0,0,2022-02-22,,
2654,دعاء لاخي الغالي بالفرج,10,90,50,1,0,10,,,2026-06-01 9:44:38,"AI Overview,Thumbnail,Image pack,People also ask,Videos",90,0,50,2020-03-24,,
2655,دعاء الاختبارات النهائية تويتر,10,30,10,1,0,10,,,2026-05-12 9:03:54,"People also ask,Image pack",30,10,10,2021-01-20,,
2656,دعاء لاهل سوريا,10,20,0,1,0,10,,0.8,2026-05-14 6:13:16,"People also ask,Image pack,Sitelinks",20,0,0,2015-09-02,,
2657,دعاء لتيسير الذهاب للعمرة,10,100,0,1,0,10,,,2026-05-28 12:07:17,"AI Overview,Thumbnail,People also ask,Videos,Video preview,Image pack",100,0,0,2020-01-10,,
2658,دعاء غير الله من الأموات والغائبين شرك أصغر,10,10,0,1,0,10,,,2026-05-20 2:21:42,"AI Overview,Video preview,Sitelinks,People also ask",10,0,0,2022-04-10,,
2659,عروستنا,10,30,200,1,0,700,0.02,0.49,2026-05-19 23:08:16,"Video preview,Image pack,People also ask",1400,250,250,2015-09-01,"666, 1309, 1068, 1028, 1054, 1519, 1462, 1219, 950, 541, 1190, 1148, 1215, 904, 664, 769, 640, 640, 378, 321, 273, 232, 378, 380","475, 303, 211, 286, 255, 220, 170, 276, 166, 140, 128"
2660,رسائل الجمعة,10,30,15800,2,0,800,0.15,0.72,2026-05-30 9:06:37,"Image pack,People also ask,Video preview,Thumbnail",3400,2100,8000,2015-09-04,"754, 983, 1445, 1222, 1202, 1240, 1197, 1230, 672, 359, 999, 1233, 577, 812, 1031, 961, 1019, 732, 803, 910, 582, 517, 639, 906","515, 746, 1027, 974, 1080, 975, 1184, 1171, 798, 716, 810, 1068"
2661,اللهم اعوذ بك من ساعة السوء,10,10,10,1,0,20,,,2026-05-14 14:10:15,"Image pack,People also ask",30,350,400,2018-07-15,,
2662,دعاء لجنود الوطن,10,30,10,1,0,40,,0.89,2026-05-18 21:05:55,"AI Overview,Thumbnail,People also ask,Image pack,Video preview",80,10,10,2015-09-01,"273, 55, 60, 438, 91, 55, 4, 1, 4, 25, 28, 53, 70, 15, 3, 7, 4, 7, 1, 5, 47, 191, 4, 76",
2663,دعاء فقد الاشياء,10,10,10,1,0,30,,,2026-05-09 12:33:05,"People also ask,Image pack,Video preview",400,450,1600,2015-12-24,,
2664,دعاء يبعد الزوج عن النساء,10,20,20,1,0,10,,,2026-05-09 23:33:22,"AI Overview,Thumbnail,Image pack,People also ask,Sitelinks",20,10,20,2017-04-20,,
2665,دعاء يجعل شخص يفكر ويتصل بي فورا,10,80,40,3,0,10,,,2026-05-19 15:17:47,"AI Overview,Video preview,Thumbnail,People also ask",60,0,10,2021-12-24,,
2666,بناتي حياتي دعاء لبناتي,10,70,0,1,0,10,,,2026-05-28 8:52:36,"AI Overview,Video preview,Image pack,People also ask",60,30,40,2020-03-19,,
2667,دعاء لاخي يوم الجمعة,10,70,0,1,0,10,,,2026-06-03 20:30:27,"AI Overview,Thumbnail,Image pack,People also ask",70,0,0,2020-01-16,,
2668,ماذا يقال عند وفاة طفل صغير إسلام ويب,10,20,40,1,0,150,,,2026-06-01 18:44:22,"AI Overview,People also ask,Video preview,Sitelinks",350,150,250,2022-07-19,,
2669,دعاء الشكر مفاتيح الجنان,10,60,10,1,0,10,,,2026-05-11 12:43:35,"AI Overview,Thumbnail,People also ask,Image pack,Video preview",60,10,10,2020-02-10,,
2670,دعوه لصديقتي في يوم الجمعه,10,20,0,1,0,,,,2026-05-12 1:39:26,"AI Overview,People also ask",,10,10,2017-07-26,"19, 32, 47, 34, 43, 21, 39, 20, 25, 10, 6, 2, 0, 6, 1, 0, 0, 0, 0, 0, 0, 0, 0, 0",1
2671,دعاء للولادة,10,20,30,1,0,200,0.01,,2026-05-13 0:53:07,"AI Overview,People also ask,Image pack",1300,2700,9300,2016-01-27,"255, 241, 213, 219, 251, 182, 174, 228, 175, 169, 189, 199, 201, 199, 193, 198, 205, 200, 195, 195, 185, 198, 189, 199","201, 199, 193, 198, 205, 200, 195, 195, 185, 198, 189, 199"
2672,زيارة يوم الخميس,10,40,100,1,0,200,,,2026-04-29 1:24:02,,2200,40,400,2017-08-03,,
2673,دعاء الرسول للقبيحات,10,20,10,1,0,10,,,2026-05-11 5:57:22,"People also ask,Video preview,AI Overview,Sitelinks,Image pack",20,10,10,2016-01-10,,
2674,فضل دعاء اللهم ارزقني من حيث لا أحتسب,10,20,0,1,0,,,,2026-05-29 1:58:55,"AI Overview,Thumbnail,People also ask,Video preview,Image pack",,20,30,2021-01-12,,
2675,دعاء اللهم لك الحمد,10,20,10,1,0,10,,,2026-05-19 11:37:17,"AI Overview,Thumbnail,People also ask,Videos,Image pack,Video preview",20,0,10,2015-09-05,,
2676,نهاية الزوجة الظالمة,10,50,20,1,0,10,,,2026-05-26 2:42:49,"Videos,People also ask,Sitelinks",20,10,20,2021-07-05,,
2677,اللهم اشفي امي,10,30,1000,1,0,2200,0.2,0.27,2026-06-07 18:16:08,"Image pack,People also ask,Video preview",5400,200,300,2015-09-02,"3179, 3179, 3219, 3163, 3171, 2663, 2632, 3157, 2521, 3146, 2546, 2552, 2026, 2571, 2582, 2096, 2409, 1994, 1945, 2114, 2006, 2149, 1935, 1957","1905, 1924, 1902, 1822, 1923, 1677, 1667, 1779, 1684, 1799, 1616, 1629"
2678,اللهم بارك لنا في شعبان وبلغنا رمضان,10,90,100,1,1,400,,0.49,2026-05-04 3:33:46,People also ask,700,10,40,2016-04-09,"12, 6, 6, 6, 6, 6, 34, 4012, 3852, 30, 18, 17, 23, 6, 7, 6, 6, 17, 84, 3165, 974, 4, 424, 413","398, 378, 367, 347, 332, 326, 344, 934, 1798, 1321, 708, 682"
2679,ادعية تسخير الزوج,10,40,40,1,0,100,0.05,,2026-06-06 11:16:33,"AI Overview,Thumbnail",200,1700,1800,2016-03-05,,
2680,دعاء الرسول في الطائف,10,110,1200,4,1,1200,0.03,0.73,2026-05-18 23:09:27,"Image pack,People also ask,Video preview",2300,300,450,2015-10-06,"1709, 1408, 1745, 1372, 1741, 1647, 1707, 1712, 1360, 2121, 1155, 1319, 1238, 1269, 1239, 1170, 1202, 986, 1000, 1116, 1024, 1255, 1264, 1123","1128, 1245, 1149, 1060, 1151, 1055, 1128, 1140, 1051, 1278, 1293, 1149"
2681,دعاء تحصين الزوج من النساء,10,10,10,1,0,20,0.02,,2026-05-05 14:45:54,"People also ask,AI Overview",150,10,30,2017-04-20,,
2682,دعاء لصديقتي بالتوفيق في اختبارها,10,40,10,1,0,40,,,2026-05-11 2:38:41,"AI Overview,Thumbnail,People also ask,Image pack",350,150,450,2017-05-15,,
2683,دعاء اهل الكهف,10,60,0,1,0,10,,,2026-05-19 4:22:46,"AI Overview,Video preview,Thumbnail,Image pack,People also ask",60,0,0,2017-01-13,,
2684,ان العين لتدمع,10,100,2800,1,0,600,,0.78,2026-05-26 9:36:07,"AI Overview,People also ask,Videos,Image pack,Video preview",4700,700,1700,2015-09-01,"879, 701, 705, 735, 615, 528, 698, 934, 927, 930, 735, 741, 513, 635, 640, 704, 625, 581, 555, 655, 627, 643, 605, 632","662, 664, 659, 630, 607, 555, 561, 638, 611, 627, 589, 616"
2685,دعاء الرسول قبل صلاة الفجر,10,100,30,1,0,10,,,2026-05-06 14:36:33,"AI Overview,People also ask,Video preview",100,0,30,2021-01-21,,
2686,دعاء جلب الزوج,10,30,0,1,0,10,0.5,,2026-06-04 3:22:15,"AI Overview,People also ask,Image pack",30,0,0,2016-01-19,,
2687,دعاء السفر بالسيارة بالصوت,10,10,10,1,0,10,,,2026-05-21 11:24:34,"Video preview,Sitelinks,People also ask,Image pack",10,0,10,2022-08-18,,
2688,استودعتك الله حبيبي,10,20,50,1,0,80,,0.25,2026-05-26 15:58:49,"AI Overview,People also ask,Image pack",200,40,90,2015-09-08,,
2689,دعاء عجيب,10,20,0,1,0,10,,,2026-05-13 4:16:24,"People also ask,Image pack,Video preview",20,0,0,2015-11-08,,
2690,اسم دعاء بالانجليزي,10,450,200,1,0,100,,0.1,2026-05-24 5:00:32,"AI Overview,Video preview,People also ask,Videos,Image pack",1000,10,90,2015-10-30,,
2691,دعاء للميت في يوم عرفة,10,20,20,1,0,10,,,2026-05-09 2:13:39,"People also ask,Image pack,Video preview",50,10,30,2015-09-23,,
2692,دعاء اهل الثغور,10,300,20,1,0,10,,,2026-05-10 6:38:02,"AI Overview,People also ask,Image pack",300,10,20,2015-09-21,,
2693,دعاء الزواج الصالح,10,50,0,1,0,350,0.04,,2026-05-23 20:25:37,"AI Overview,People also ask,Image pack",1400,3900,10000,2016-03-02,"795, 359, 371, 242, 301, 360, 337, 352, 281, 831, 332, 351, 544, 373, 360, 335, 281, 279, 280, 339, 315, 600, 393, 353","428, 348, 326, 348, 328, 325, 348, 392, 373, 494, 421, 373"
2694,دعاء للميا,10,20,70,1,3,150,,,2026-05-06 12:15:17,"AI Overview,Thumbnail,People also ask",250,62000,322000,2016-02-03,,
2695,كيف احصن نفسي,10,40,500,1,0,2200,0.03,1.13,2026-06-07 12:19:21,"AI Overview,Thumbnail,Image pack,People also ask,Video preview",2500,150,150,2015-09-20,"3228, 3308, 3351, 2711, 2635, 3238, 2616, 2543, 1892, 2542, 3231, 2668, 2512, 2523, 2451, 1888, 1943, 2083, 1786, 2082, 1819, 1919, 1859, 2044","1983, 2145, 2162, 1927, 1860, 1811, 1741, 1884, 1646, 1734, 1679"
2696,اللهم في هذه العشر من ذي الحجه,10,30,60,1,0,20,,,2026-05-07 11:01:24,"People also ask,Video preview",20,30,100,2019-08-06,"559, 0, 0, 0, 0, 0, 0, 0, 0, 0, 0, 380, 181, 1, 1, 0, 0, 0, 0, 0, 0, 0, 0, 0",1
2697,دعاء للصلح بين الإخوة,10,100,20,2,0,10,,,2026-06-03 23:30:12,"AI Overview,Thumbnail,Image pack,People also ask,Video preview",90,0,10,2021-08-16,,
2698,دعاء جلب الحبيب في 30 دقيقة,10,30,10,1,0,10,0.6,,2026-05-29 22:51:17,"AI Overview,Thumbnail,People also ask,Video preview",30,0,10,2022-09-02,,
2699,دعاء لبنت عمي بالسعادة,10,40,0,1,0,10,,,2026-05-25 10:59:01,"AI Overview,Thumbnail,Video preview,People also ask",40,0,0,2021-07-19,,
2700,دعاء لزوجي المسجون,10,20,0,1,0,10,,,2026-05-29 20:03:25,"AI Overview,Thumbnail,People also ask,Image pack,Video preview",20,0,0,2016-02-08,,
2701,دعاء لنفسي من التعب,10,90,40,1,0,10,,,2026-06-01 7:26:18,"AI Overview,People also ask,Image pack,Video preview,Sitelinks",90,10,40,2020-05-02,,
2702,دعاء الخوف من فقدان شخص,10,20,0,1,0,10,,,2026-05-30 5:04:20,"AI Overview,Thumbnail,People also ask,Image pack",20,0,0,2018-12-08,,
2703,دعاء يغفر الذنوب ولو كانت مثل حبات الرمل,10,20,0,1,0,10,,,2026-05-22 9:19:46,"AI Overview,Video preview,People also ask,Image pack",20,0,0,2021-02-24,,
2704,اللهم احفظني من بين يدي,10,10,250,1,0,700,0.1,,2026-06-05 6:38:44,"Image pack,People also ask,Video preview",1200,0,0,2015-09-11,"452, 441, 596, 709, 740, 753, 740, 718, 524, 440, 642, 735, 628, 640, 758, 735, 916, 700, 644, 722, 675, 641, 649, 672","664, 681, 709, 760, 772, 731, 755, 749, 703, 669, 677, 699"
2705,دعم البحث عن عمل,10,80,10,1,20,90,,,2026-05-05 19:08:37,"People also ask,Video preview",90,13000,13000,2021-05-11,,
2706,دعاء رد الحاجة,10,80,0,1,0,,,,2026-06-07 19:00:31,"AI Overview,Thumbnail,Image pack,People also ask,Video preview",,350,1600,2020-10-10,,
2707,دعاء لعيالي,10,50,70,1,0,150,0.04,,2026-05-11 19:49:37,"AI Overview,Thumbnail,Video preview,People also ask,Image pack",200,3200,9400,2015-12-16,,
2708,الى من تكلني,10,20,450,1,3,1000,,0.79,2026-05-22 2:51:10,"Image pack,People also ask,Video preview,Sitelinks",1700,100,100,2015-11-06,"1329, 1135, 1375, 1143, 1343, 1157, 941, 968, 907, 1396, 750, 939, 955, 946, 947, 970, 929, 814, 1054, 981, 989, 1111, 1090, 1015","1044, 1020, 996, 991, 1010, 996, 1003, 1031, 1039, 1161, 1140, 1065"
2709,اول جمعة في رمضان,10,50,60,2,0,200,,0.17,2026-05-19 12:30:15,"Image pack,AI Overview,People also ask,Video preview",1100,200,300,2016-06-10,"1, 0, 0, 0, 0, 0, 0, 1, 9, 1793, 1, 0, 0, 0, 0, 0, 0, 0, 0, 31, 2214, 32, 1, 125","224, 163, 174, 148, 148, 148, 200, 200, 200, 251, 214, 204"
2710,دعاء الخلوة مع الله,10,40,20,1,0,10,,,2026-05-28 2:39:55,"AI Overview,Thumbnail,People also ask,Image pack,Video preview",40,0,20,2020-02-15,"40, 7, 14, 5, 13, 12, 1, 0, 0, 3, 0, 0, 0, 2, 1, 0, 24, 21, 22, 10, 19, 26, 7, 0",12
2711,دعاء الخوف من ليلة الزواج,10,150,30,1,0,10,,,2026-05-13 6:27:47,"AI Overview,Thumbnail,People also ask,Video preview,Image pack",150,0,30,2020-04-10,,
2712,دعاء الحزن من شخص,10,50,10,2,0,10,,,2026-05-11 17:11:26,"AI Overview,Image pack,People also ask",40,0,10,2021-06-12,,
2713,دعاء قص الشعر بعد العمرة,10,10,10,1,0,10,,,2026-05-19 13:30:49,"AI Overview,Thumbnail,People also ask,Video preview,Sitelinks,Image pack",10,0,10,2022-02-22,,
2714,تلاوة وتسابيح داوود عليه السلام,10,30,100,1,0,100,,0.67,2026-06-09 4:27:03,"People also ask,Video preview",1000,60,80,2015-10-01,"229, 361, 194, 146, 175, 194, 174, 213, 174, 181, 128, 131, 162, 217, 179, 89, 61, 83, 52, 75, 67, 90, 85, 67","72, 87, 84, 57, 57, 68, 72, 74, 67, 89, 85, 67"
2715,هل تعلم عن التسامح,10,40,100,1,0,200,,,2026-05-26 7:03:06,"AI Overview,Thumbnail,People also ask,Videos,Image pack",450,60,150,2015-10-31,,
2716,دعاء لتقوية القلب وعدم الخوف,10,20,30,1,6,70,,,2026-05-25 21:05:20,"AI Overview,Video preview,People also ask,Videos,Image pack,Sitelinks",250,1000,2200,2020-02-01,,
2717,دعاء الثبات على الصلاة,10,150,200,1,0,350,0.05,,2026-05-04 10:08:13,"AI Overview,People also ask,Video preview",1400,0,40,2015-11-15,"791, 531, 538, 530, 549, 533, 432, 471, 396, 600, 255, 312, 424, 304, 249, 285, 370, 293, 356, 343, 341, 391, 358, 313","363, 415, 332, 323, 369, 351, 344, 355, 353, 405, 371, 324"
2718,هل يستجيب الله دعاء المذنب,10,10,0,1,0,10,,,2026-05-09 6:20:56,"AI Overview,People also ask,Video preview",10,0,0,2019-11-22,,
2719,الدعاء في السجود,10,60,50,1,1,20,,1.18,2026-05-11 4:24:26,"AI Overview,People also ask,Video preview,Sitelinks,Image pack",90,30,50,2015-09-13,,
2720,دعاء لابي المتوفي قبل دخول رمضان,10,100,80,1,0,10,,,2026-05-28 19:59:07,"People also ask,Image pack,Videos",100,0,80,2021-04-11,,
2721,دعاء سريع الإجابة كَلَمْحِ البصر,10,20,10,1,0,10,,,2026-05-29 9:04:05,"AI Overview,Video preview,Image pack,People also ask,Sitelinks",20,0,10,2021-12-11,,
2722,دعا يوم السبت,10,50,0,1,0,10,,,2023-06-21 19:20:57,"Image pack,People also ask",30,350,,2015-11-28,,
2723,دعاء لرد الغائب عن أهل البيت,10,100,190,2,0,10,,,2026-05-11 19:02:10,"AI Overview,Video preview,Thumbnail,People also ask,Image pack,Sitelinks",70,10,100,2020-06-28,,
2724,دعاء الحمى,10,100,60,1,0,30,,1.07,2026-06-07 3:31:49,"AI Overview,Image pack,People also ask,Video preview",150,0,70,2015-09-03,,
2725,دعاء للميت في العشر الاواخر من رمضان,10,50,100,1,0,100,,,2026-05-26 18:28:45,"AI Overview,People also ask,Video preview",500,50,150,2017-06-20,,
2726,التحصين,10,50,800,1,0,4500,0.02,0.6,2026-05-30 6:29:52,"Image pack,People also ask,Video preview",6200,11000,22000,2015-09-07,"4588, 5015, 4836, 4438, 4563, 4359, 4278, 4267, 4295, 4382, 4273, 4314, 4605, 5028, 4846, 4446, 4569, 4364, 4282, 4270, 4298, 4384, 4274, 4315","4606, 5029, 4847, 4447, 4570, 4365, 4283, 4270, 4298, 4384, 4274, 4315"
2727,اللهم اخرجني من حولي,10,20,350,2,0,1600,0.03,,2026-05-24 7:49:20,"Image pack,People also ask,Video preview",1900,10,50,2019-11-13,"1949, 2072, 2445, 2524, 3062, 2108, 2524, 1905, 1384, 2257, 1557, 1830, 1331, 1901, 1988, 1463, 1895, 1506, 1298, 1536, 1423, 1864, 1651, 1594","1504, 1564, 1792, 1663, 1608, 1562, 1481, 1423, 1324, 1740, 1548, 1499"
2728,دعاء الاستعانة بالله في الشدائد,10,40,10,1,0,10,,,2026-05-12 2:12:38,"AI Overview,Image pack,People also ask,Sitelinks",40,0,10,2020-02-10,,
2729,فضل سورة الضحى للرزق,10,80,10,1,0,,,,2026-06-09 1:45:50,"AI Overview,Thumbnail,Video preview,People also ask,Sitelinks,Image pack",20,10,20,2016-04-21,,
2730,دعاء مساء الخميس وليلة الجمعة,10,30,0,1,0,10,,,2026-05-28 8:47:40,"AI Overview,Thumbnail,People also ask,Image pack",30,0,0,2020-08-27,,
2731,دعاء للحبيب بالتوفيق في الامتحان تويتر,10,60,0,1,0,10,,,2026-05-12 19:53:26,"AI Overview,Thumbnail,People also ask,Sitelinks,Image pack",60,0,0,2020-08-15,,
2732,دعاء بعد صلاة الظهر للرزق,10,20,0,1,0,10,,,2026-05-29 20:54:04,"AI Overview,Thumbnail,People also ask,Image pack,Videos,Video preview",20,0,0,2019-11-03,,
2733,حزين,10,40,3600,2,2,1800,0.04,0.22,2026-05-23 21:18:37,"Image pack,People also ask,Video preview,Thumbnail",10000,450,21000,2015-09-01,"1981, 1991, 1982, 1790, 1710, 1773, 1733, 1778, 2471, 2214, 1731, 1689, 1898, 1908, 1899, 1715, 1638, 1698, 1659, 1702, 2366, 2119, 1656, 1616","1816, 1825, 1816, 1640, 1566, 1623, 1586, 1626, 2260, 2024, 1582"
2734,دعاء للمسحور,10,20,0,1,0,10,0.4,,2026-06-08 9:19:30,"AI Overview,Thumbnail,People also ask,Image pack",20,0,0,2015-11-30,,
2735,دعاء مقبرة الشهداء,10,20,30,2,0,50,,,2026-05-22 7:28:40,"AI Overview,Thumbnail,People also ask,Image pack,Videos,Sitelinks",50,20,20,2018-09-26,,
2736,دعاء السرق,10,30,20,2,0,60,,,2026-05-18 13:45:07,"AI Overview,People also ask",100,2900,5000,2020-01-19,,
2737,دعاء الابتعاد عن المعاصي,10,80,250,1,0,10,,,2026-06-05 0:51:55,"AI Overview,Thumbnail,People also ask,Image pack",60,70,200,2015-10-24,,
2738,ماذا يقال في الرؤية الشرعية,10,20,10,1,1,50,,,2026-05-14 11:32:57,"AI Overview,Video preview,Thumbnail,People also ask,Sitelinks",450,90,700,2016-01-21,,
2739,علاج ألم الأسنان بالقران,10,50,0,2,0,30,,,2026-05-22 21:40:14,"AI Overview,People also ask,Image pack",350,90,350,2020-03-20,,
2740,دعاء الدورة الشهرية,10,30,10,1,0,,,,2026-06-02 23:25:03,"AI Overview,People also ask,Image pack,Sitelinks",20,0,10,2017-03-27,"9, 2, 9, 11, 9, 13, 10, 27, 71, 18, 0, 0, 0, 7, 3, 5, 5, 1, 4, 13, 2, 2, 0, 0",2
2741,دعاء يفتح ابواب الرزق,10,100,10,1,4,10,,,2026-05-07 21:05:31,"AI Overview,Video preview,Thumbnail,People also ask,Sitelinks",30,0,0,2017-03-30,,
2742,دعاء الحمدلله,10,10,0,1,0,70,0.07,,2026-05-20 3:11:13,"AI Overview,Thumbnail,Image pack,People also ask,Video preview",200,2900,8800,2016-05-30,,
2743,دعاء الاكتئاب والوسواس,10,20,10,1,0,10,,,2026-05-23 20:29:29,"AI Overview,People also ask,Video preview,Image pack",20,0,10,2021-01-10,"56, 17, 14, 21, 33, 10, 18, 11, 17, 32, 36, 33, 7, 9, 0, 3, 0, 6, 11, 3, 6, 11, 1, 0",5
2744,دعاء المباهلة,10,90,70,1,0,10,,,2026-05-29 19:08:28,"Videos,People also ask,Image pack",90,0,70,2015-10-08,,
2745,اللهم عافني في بدني,10,30,150,1,0,1000,0.15,0.76,2026-05-28 7:25:31,"Image pack,People also ask,Video preview",2300,300,400,2015-09-13,"995, 940, 990, 1129, 1376, 941, 933, 1370, 1087, 981, 1105, 1116, 874, 954, 1036, 946, 1058, 1023, 1043, 931, 874, 1071, 1049, 890","909, 953, 938, 1043, 1188, 1009, 1073, 1011, 902, 1098, 1098, 946"
2746,كلام عن الحمد,10,40,500,1,0,90,0.1,,2026-05-07 1:26:51,People also ask,150,250,600,2015-12-04,,
2747,اللهم ارحم جدي وجدتي,10,70,10,1,0,,,,2026-05-06 7:06:47,"AI Overview,Thumbnail,People also ask,Video preview",10,0,10,2015-11-16,,
2748,دعاء لاخواتي في ليلة القدر,10,100,30,1,0,10,,,2026-06-07 3:09:16,"AI Overview,Thumbnail,People also ask,Video preview,Image pack",100,10,30,2020-05-06,,
2749,دعاء للميت في اول يوم رمضان,10,80,80,1,0,10,,,2026-05-10 1:45:19,"People also ask,Image pack",80,10,80,2020-04-22,,
2750,دعاء ابطال السحر ضياء الصالحين,10,20,20,1,0,10,0.4,,2026-05-24 6:44:36,"AI Overview,Thumbnail,People also ask,Videos,Image pack",70,0,10,2016-12-15,,
2751,تهنئة منزل جديد,10,10,1900,1,6,700,0.06,0.61,2026-05-26 16:25:27,"People also ask,Image pack,Video preview",1300,1400,1700,2015-09-17,"796, 992, 995, 807, 802, 1010, 995, 995, 980, 645, 683, 805, 812, 1042, 862, 691, 723, 711, 582, 616, 603, 536, 508, 612","611, 696, 593, 508, 603, 557, 536, 601, 590, 592, 534, 580"
2752,باسمك اللهم أموت وأحيا,10,20,200,1,0,350,0.15,,2026-05-17 0:31:45,"AI Overview,People also ask,Image pack",1000,150,200,2015-09-19,"343, 229, 231, 430, 431, 325, 277, 187, 356, 139, 98, 123, 237, 296, 353, 426, 441, 394, 434, 321, 360, 317, 308, 313","328, 291, 323, 398, 462, 368, 335, 334, 373, 330, 321, 326"
2753,دعاء لصلاح الابناء,10,30,800,2,0,700,0.02,0.86,2026-05-18 21:46:37,"Image pack,People also ask,AI Overview,Video preview",1300,2900,8700,2015-09-22,"1192, 540, 658, 653, 659, 652, 602, 623, 614, 1756, 528, 645, 886, 518, 533, 636, 619, 482, 511, 629, 645, 1309, 504, 631","847, 571, 603, 675, 672, 551, 639, 680, 661, 1092, 786, 647"
2754,دعاء القنوت مكتوب كاملا pdf,10,40,500,1,1,2800,0.03,,2026-06-06 11:06:58,"Image pack,People also ask",4500,700,900,2021-01-20,"110, 91, 110, 112, 135, 161, 167, 166, 545, 28527, 166, 162, 127, 134, 134, 133, 133, 102, 109, 87, 709, 31537, 53, 1733","38, 407, 28, 297, 56, 99, 82, 12, 690, 31521, 8, 1719"
2755,دعاء المظلوم والمهموم,10,20,0,1,0,10,,,2026-05-20 14:08:44,"AI Overview,Thumbnail,People also ask,Image pack,Videos,Sitelinks",20,0,0,2015-11-08,"23, 17, 23, 17, 13, 12, 6, 5, 5, 5, 5, 6, 5, 6, 0, 6, 5, 5, 6, 1, 1, 17, 28, 1","1, 1, 1, 1, 13, 37, 3, 1, 1, 16, 31, 1"
2756,دعاء للمتوفيه,10,250,4300,1,2,600,0.02,0.9,2026-05-23 12:06:50,"AI Overview,People also ask,Image pack,Video preview",8800,2100,15000,2015-09-12,"591, 591, 600, 595, 594, 666, 591, 666, 580, 691, 490, 587, 587, 495, 496, 589, 596, 589, 612, 627, 622, 657, 669, 634","632, 615, 611, 594, 601, 617, 626, 645, 639, 675, 687, 651"
2757,اللهم ايمانا بك,10,10,40,1,0,150,,,2026-06-06 23:04:59,"Image pack,People also ask,Sitelinks",150,40,40,2016-10-11,,
2758,دعاء المسامحه,10,50,10,2,0,,,,2026-05-23 4:15:12,"AI Overview,Image pack,People also ask,Videos,Video preview",10,10,20,2020-01-20,,
2759,دعاء لوالدي المتوفي يوم الجمعة,10,60,350,1,0,250,0.01,,2026-05-18 3:36:15,"AI Overview,People also ask,Image pack",450,2000,6200,2020-04-30,"149, 229, 291, 239, 295, 304, 283, 350, 233, 186, 217, 280, 148, 228, 280, 187, 281, 286, 289, 307, 266, 278, 286, 300","262, 285, 290, 261, 289, 278, 276, 269, 265, 264, 263, 262"
2760,دعاء الحشرات,10,80,10,1,0,60,,,2026-05-27 16:17:28,"AI Overview,Image pack,People also ask",200,40,250,2015-12-05,"139, 98, 82, 43, 57, 17, 3, 7, 5, 20, 70, 74, 85, 101, 92, 60, 61, 43, 38, 24, 28, 37, 16, 6",
2761,دعاء العشر ذي الحجه,10,350,20,1,0,50,,,2026-06-06 6:54:58,"Featured snippet,People also ask,Image pack,Video preview",150,0,20,2020-07-18,,
2762,اللهم اني احببت عبدا من عبادك,0,0,0,1,0,,,,2026-06-04 17:19:28,"AI Overview,Thumbnail,People also ask,Image pack,Video preview",200,0,0,2015-11-21,,
2763,دعاء نزول رأس الجنين في الحوض,0,20,0,1,0,,,,2026-06-04 3:33:27,"AI Overview,Thumbnail,People also ask,Image pack,Video preview",20,0,0,2021-11-29,,
2764,استغفر الله العظيم واتوب اليه,0,0,1900,1,0,6200,0.02,0.34,2026-06-05 9:25:09,"AI Overview,Thumbnail,People also ask,Image pack,Video preview",14000,1000,1000,2015-09-03,"6730, 5815, 6341, 6542, 6087, 5490, 6484, 6028, 6181, 6256, 7318, 7256, 6536, 5623, 6149, 6351, 5896, 5299, 6293, 5838, 5992, 6068, 7130, 7068","6349, 5436, 5963, 6165, 5711, 5115, 6109, 5654, 5808, 5885, 6947, 6886"
2765,دعاء المجير مكتوب بخط كبير,0,10,1300,1,0,,,,2026-05-10 8:22:33,"Sitelinks,Video preview",60,250,1800,2020-04-06,,
2766,اللهم اهدنا,0,10,450,1,0,250,0.02,0.59,2026-05-20 5:21:14,"AI Overview,Image pack,People also ask,Video preview",600,70,350,2015-09-20,"143, 116, 117, 117, 143, 176, 162, 149, 214, 1373, 124, 123, 175, 95, 119, 116, 94, 119, 127, 204, 205, 488, 696, 561","234, 233, 192, 163, 166, 187, 187, 196, 198, 481, 689, 554, 226"
2767,دعاء أول ليلة في القبر لامي,0,10,0,1,0,,,,2026-05-25 18:37:30,"AI Overview,Thumbnail,Image pack,People also ask",10,0,0,2021-02-07,,
2768,دعاء التعزية,0,0,350,1,1,200,0.05,0.93,2026-05-07 8:48:33,"AI Overview,People also ask,Video preview",900,2500,4200,2015-09-13,"254, 254, 258, 271, 272, 259, 300, 289, 220, 223, 173, 193, 172, 165, 195, 203, 201, 195, 173, 208, 187, 201, 203, 211","208, 192, 200, 190, 193, 193, 194, 224, 205, 218, 220"
2769,اللهم مالك الملك تؤتي الملك من تشاء,0,0,60,1,0,3500,0.07,0.96,2026-06-01 8:30:59,"Image pack,People also ask,Video preview,Thumbnail",3700,800,1100,2016-02-10,"3119, 3758, 2947, 2848, 2804, 2851, 3021, 3092, 3250, 3341, 3368, 3474, 3465, 4104, 3293, 3194, 3150, 3197, 3367, 3439, 3596, 3687, 3714, 3820","3811, 4450, 3639, 3541, 3496, 3543, 3713, 3785, 3942, 4033, 4060, 4166"
2770,دعاء التعلق بالله,0,10,0,1,0,,,,2026-06-01 9:59:15,"AI Overview,Thumbnail,People also ask,Image pack,Video preview",10,0,0,2015-11-12,,
2771,جديدة ادعية صباحية,0,20,200,1,0,50,,,2026-06-06 23:08:51,"AI Overview,Thumbnail,Image pack,People also ask",400,2200,10000,2020-03-03,,
2772,دعاء جلب الحبيب,0,80,1000,1,0,10,0.7,,2026-05-14 6:27:44,"AI Overview,Thumbnail,Video preview,People also ask,Image pack,Bottom ads",700,150,700,2015-09-17,"150, 94, 135, 101, 57, 67, 10, 3, 2, 49, 1, 15, 2, 51, 13, 6, 19, 3, 17, 13, 21, 1, 1, 2",
2773,فك.السحر,0,30,0,1,,,,,,,,,,2020-01-10,,
2774,تجربتي مع دعاء رد الكيد,0,10,0,1,0,,,,2026-05-26 0:42:45,"AI Overview,Thumbnail,Video preview,People also ask",10,0,0,2021-03-29,,
2775,دعاء شفاء المريض مكتوب قصير تويتر,0,10,10,1,0,200,,,2026-05-23 21:24:19,"AI Overview,People also ask",800,150,250,2021-10-01,"39, 43, 40, 33, 24, 8, 18, 476, 780, 844, 642, 602, 405, 477, 347, 335, 70, 218, 141, 51, 8, 2, 24, 12",
2776,اللهم غارت النجوم,0,10,30,1,0,300,0.1,0.75,2026-05-14 0:04:25,"Image pack,People also ask",350,10,10,2015-11-28,"286, 351, 448, 345, 264, 334, 386, 267, 283, 269, 232, 295, 285, 351, 447, 344, 263, 333, 385, 266, 282, 268, 231, 294","285, 350, 446, 343, 262, 332, 384, 265, 281, 268, 231, 293"
2777,دعاء داود الذي اهتز له عرش الرحمن,0,0,0,1,0,,,,2026-05-27 17:40:14,"People also ask,Image pack",10,10,10,2022-03-24,,
2778,اعمال يوم المبعث,0,10,60,1,0,150,,,2026-05-21 18:12:09,"Videos,People also ask,Image pack",350,50,70,2016-05-05,,
2779,خير ماقلت انا والنبيون,0,0,10,1,0,80,,,2026-05-23 20:30:37,"AI Overview,People also ask,Image pack,Video preview",80,40,60,2015-09-23,,
2780,دعاء الشيخ بليلة,0,0,0,1,0,,,,2026-05-09 17:11:59,"Image pack,People also ask,Video preview",,0,0,2022-10-30,,
2781,دعاء بين السجدتين,0,0,0,1,0,700,0.1,0.77,2026-05-19 12:11:29,"AI Overview,People also ask,Image pack,Video preview",1500,800,1200,2015-09-02,"710, 737, 740, 738, 915, 720, 1062, 815, 851, 2028, 618, 658, 533, 971, 613, 525, 774, 587, 607, 632, 609, 1136, 633, 557","546, 723, 450, 414, 542, 453, 528, 566, 522, 902, 682, 514"
2782,دعاء الصبر على موت الابن,0,20,0,1,0,,,,2026-05-19 6:17:43,"AI Overview,Thumbnail,People also ask,Image pack",20,0,0,2020-04-18,,
2783,دعاء تحقيق الاماني,0,20,300,1,0,20,,,2026-05-29 6:03:00,"AI Overview,People also ask,Image pack,Video preview",250,0,10,2015-09-03,,
2784,دعاء لرد كيد النساء,0,10,0,1,0,,,,2026-06-01 20:27:46,"AI Overview,Thumbnail,Image pack,People also ask,Videos,Video preview,Sitelinks",10,0,0,2016-03-29,,
2785,رمزيات عشر ذي الحجة انستقرام,0,0,0,1,0,,,,2026-06-02 23:19:32,"Image pack,Video preview,Videos,People also ask",30,0,0,2015-09-15,,
2786,دعاء الخذلان,0,20,0,2,0,,,,2026-05-20 22:26:47,"AI Overview,Video preview,Thumbnail,People also ask,Image pack",10,0,0,2015-09-28,,
2787,دعاء للميت مكتوب,0,0,2200,1,11,1800,0.02,0.86,2026-06-01 7:01:39,"AI Overview,Thumbnail,People also ask,Image pack,Video preview",12000,68000,355000,2015-09-07,"806, 1991, 2992, 3006, 2490, 3003, 3690, 2963, 1597, 3044, 1591, 1998, 2408, 1993, 2000, 1582, 1598, 1341, 1590, 1607, 1567, 2413, 1534, 1591","1670, 1770, 2375, 2572, 2651, 2916, 3086, 2808, 2479, 2704, 2440, 2497"
2788,دعاء لقضاء الحاجة في نفس اليوم مهما كانت مستحيلة,0,40,4600,2,0,40,,,2026-06-03 17:41:11,"Featured snippet,People also ask,Image pack,Video preview",400,250,1700,2020-03-01,,
2789,دعاء للمريض بالشفاء العاجل,0,0,0,1,4,3900,0.03,0.92,2026-05-24 6:43:39,"AI Overview,People also ask,Image pack,Video preview",11000,50000,129000,2015-10-10,"3678, 3168, 4607, 3582, 3578, 4220, 4996, 4594, 4466, 3587, 4421, 3578, 3499, 3034, 4449, 3406, 3409, 4072, 4851, 4420, 4275, 3437, 4257, 3405","3325, 2859, 4287, 3234, 3239, 3909, 4697, 4260, 4115, 3270, 4099, 3239"
2790,وجعلنا من بين ايديهم سدا,0,0,600,2,0,90,0.03,0.43,2026-05-22 16:54:49,"Image pack,People also ask,Video preview",500,20,300,2015-10-23,,
2791,دعاء لفك المسجون مجرب,0,200,250,1,0,350,,,2026-05-27 0:52:26,"AI Overview,People also ask,Image pack,Video preview",1100,0,30,2015-12-04,"1141, 942, 1160, 798, 616, 602, 484, 448, 305, 759, 319, 410, 390, 382, 404, 399, 351, 312, 302, 269, 251, 300, 317, 293","273, 280, 252, 230, 283, 279, 274, 238, 221, 265, 279, 258"
2792,عبارات حمد وشكر لله على النجاح والتفوق,0,0,200,1,0,40,0.06,,2026-05-19 17:06:15,"AI Overview,Thumbnail,People also ask,Sitelinks,Image pack,Video preview",400,20,100,2021-03-08,,
2793,قناة المجلة دعاء يوم عرفة,0,0,0,1,0,,,,2026-05-26 20:39:09,"Video preview,People also ask",,0,0,2022-07-08,,
2794,دعاء لامي المتوفية في أي وقت,0,30,330,2,0,200,0.01,,2026-05-06 12:14:26,"AI Overview,People also ask",1800,3000,16000,2021-07-17,"414, 511, 346, 344, 278, 186, 226, 290, 235, 421, 191, 191, 226, 154, 190, 151, 185, 182, 228, 226, 206, 284, 166, 206","207, 219, 200, 201, 202, 202, 233, 234, 215, 293, 174"
2795,دعاء مكتوب حول العرش,0,10,0,1,0,,,,2026-05-22 18:50:05,"AI Overview,Thumbnail,People also ask,Video preview,Image pack,Sitelinks",10,0,0,2017-08-04,,
2796,دعاء لصديقتي يوم عرفه,0,0,0,1,0,,,,2026-05-25 3:58:33,"AI Overview,Thumbnail,Image pack,People also ask,Sitelinks",,0,0,2020-07-27,,
2797,دعاء صلاة التسابيح,0,700,200,1,0,,,,2026-05-18 23:18:04,"AI Overview,Thumbnail,People also ask,Image pack,Videos",700,0,200,2016-09-11,,
2798,دعاء يجعلني جميلة في عين زوجي,0,10,0,1,0,,,,2026-05-21 23:24:19,"People also ask,Videos,Image pack,Video preview",10,0,0,2022-09-06,,
2799,اللهم استودعتك نفسي,0,10,100,1,0,800,0.1,0.2,2026-06-06 6:58:15,"AI Overview,Thumbnail,Image pack,People also ask,Video preview",800,100,100,2015-10-13,"1144, 1138, 1154, 1113, 1132, 1100, 1100, 972, 775, 984, 967, 953, 912, 898, 1065, 887, 719, 719, 720, 723, 555, 719, 571, 592","628, 643, 714, 531, 617, 572, 584, 634, 546, 645, 530, 554"
2800,الدعاء للزوج,0,30,0,1,0,200,0.03,,2026-05-06 2:41:28,"AI Overview,People also ask,Video preview",500,1800,5500,2015-09-01,,
2801,دعاء لبنت اخي بالشفاء,0,10,0,1,0,,,,2026-05-09 13:50:39,"AI Overview,Thumbnail,Image pack,People also ask",10,0,0,2020-01-29,,
2802,الدعاء لفلسطين,0,20,200,1,0,10,,,2026-05-21 1:45:32,"AI Overview,People also ask,Video preview,Image pack",100,250,450,2015-12-23,,
2803,أخذ أموال اكل حقوق الناس,0,0,10,1,0,30,,,2026-05-19 8:37:29,"People also ask,Videos,Sitelinks",100,30,100,2020-02-05,,
2804,ادعية عيد الاضحى,0,30,0,1,,10,,,,,150,,,2015-09-05,,
2805,دعاء عن المخدرات,0,10,0,1,0,,,,2026-05-13 5:16:57,"AI Overview,People also ask,Image pack,Video preview",10,0,0,2016-02-08,,
2806,دعاء البخل,0,10,0,1,0,,,,2026-05-27 6:48:08,"AI Overview,Video preview,Image pack,People also ask",10,0,0,2020-01-19,,
2807,دعاء ٢٤ رمضان,0,90,70,1,0,40,,,2026-05-12 17:00:01,"People also ask,Image pack,Video preview",200,10,50,2016-06-29,,
2808,دعاء الصباح مرتضى قريش,0,0,0,1,0,,,0.88,2026-06-05 23:01:31,"Video preview,People also ask,Image pack",,0,0,2015-09-08,,
2809,دعاء العين بدون قصد,0,0,0,1,0,20,,,2026-05-17 12:03:10,"AI Overview,People also ask,Image pack,Video preview",20,10,10,2017-02-16,,
2810,دعاء الفرج السريع للشعراوي,0,0,0,1,0,,,,2026-06-05 17:42:42,"AI Overview,Thumbnail,People also ask,Video preview,Image pack",,0,0,2022-07-13,,
2811,دعاء عدم تجديد السحر,0,20,0,2,0,,,,2026-05-12 12:16:55,"AI Overview,Thumbnail,People also ask,Image pack,Video preview",,0,0,2019-07-25,,
2812,دعاء فسخ الخطوبة,0,20,0,1,0,,,,2026-05-20 4:43:42,"AI Overview,Thumbnail,Image pack,People also ask,Sitelinks",20,0,0,2017-03-01,,
2813,دعاء اقسم عليه النبي صلى الله عليه وسلم انه مستجاب,0,0,0,1,0,,,,2026-05-09 8:32:22,"AI Overview,Thumbnail,Video preview,People also ask",,0,0,2016-08-09,,
2814,دعاء للميت عند الوفاة,0,0,0,1,,,,,,,,,,2020-01-13,,
2815,دعاء للحبيب في يوم عرفه,0,10,0,1,0,,,,2026-05-06 21:33:10,"AI Overview,People also ask",10,0,0,2015-09-23,,
2816,دعاء لصديقتي بالتوفيق,0,0,440,2,0,300,0.01,,2026-05-02 18:31:34,"AI Overview,People also ask",1000,350,500,2015-10-03,"496, 338, 497, 334, 409, 479, 373, 358, 366, 728, 251, 308, 349, 266, 265, 256, 258, 249, 308, 258, 264, 326, 357, 268","289, 285, 289, 258, 268, 291, 270, 252, 258, 318, 348, 262"
2817,اللهم اتنا في الدنيا حسنة,0,0,20,1,0,300,0.1,0.54,2026-06-07 10:40:15,"AI Overview,Thumbnail,People also ask,Video preview",500,0,0,2015-09-06,"562, 244, 248, 203, 323, 246, 352, 303, 233, 1422, 156, 234, 428, 191, 234, 191, 196, 234, 237, 308, 277, 491, 803, 579","313, 276, 221, 296, 306, 308, 260, 309, 278, 491, 804, 579"
2818,دعاء يقرا مرة في العمر,0,0,0,1,0,,,,2026-05-23 20:40:57,"AI Overview,Thumbnail,People also ask,Videos,Image pack",,0,0,2020-05-17,,
2819,دعاء لمنع الشخير,0,30,0,1,0,,,,2026-05-08 2:17:33,"AI Overview,Thumbnail,People also ask,Video preview",30,0,0,2021-09-26,,
2820,الدعاء بعد الصلاة,0,10,250,1,0,350,0.02,0.91,2026-05-04 4:46:07,"AI Overview,People also ask,Video preview",800,100,150,2015-09-10,"477, 384, 390, 300, 367, 361, 361, 365, 307, 472, 242, 307, 307, 356, 293, 294, 357, 301, 361, 350, 342, 456, 341, 337","352, 345, 310, 305, 347, 316, 351, 343, 339, 441, 350, 324"
2821,دعاء ضياع الذهب,0,40,10,1,0,,,,2026-05-09 16:20:08,"AI Overview,Thumbnail,People also ask,Image pack,Video preview",40,0,10,2020-01-22,,
2822,دعاء للاموات يوم الجمعة,0,0,0,1,0,70,,,2026-05-25 12:23:17,"AI Overview,Thumbnail,People also ask,Image pack,Video preview",600,2300,2800,2016-04-15,,
2823,دعاء ذكر الله,0,10,0,1,0,20,0.02,,2026-05-28 4:46:46,"AI Overview,People also ask,Image pack,Video preview",30,10,20,2017-05-25,,
2824,دعاء بين الأذان وَالْإقَامَةِ للرزق,0,10,300,2,0,,0.02,,2026-05-09 10:11:14,"AI Overview,People also ask,Image pack",10,80,150,2022-04-06,,
2825,تجربتي مع دعاء ربنا هب لنا من أزواجنا,0,0,0,1,0,,,,2026-05-30 8:16:36,"AI Overview,Thumbnail,Videos,People also ask,Video preview,Image pack",,0,0,2020-04-01,,
2826,طرد الجن من البيت,0,20,10,2,0,30,,1,2026-05-26 3:08:07,"AI Overview,People also ask,Sitelinks",30,250,250,2015-11-13,"31, 31, 29, 32, 30, 32, 36, 29, 28, 29, 28, 30, 31, 31, 29, 32, 30, 32, 36, 29, 28, 29, 28, 30","31, 31, 29, 32, 30, 32, 36, 29, 28, 29, 28, 30"
2827,دعاء البشارة,0,0,0,1,0,,,,2026-06-04 6:52:50,"AI Overview,Thumbnail,People also ask,Video preview,Image pack",,0,0,2015-10-12,,
2828,اللهم احفظ ابني,0,0,0,1,0,,,,2026-05-07 6:02:36,People also ask,20,0,10,2015-09-09,,
2829,دعاء المسجون,0,10,550,2,0,30,,,2026-05-13 4:32:55,"AI Overview,Thumbnail,People also ask,Image pack",400,200,400,2015-12-08,,
2830,اللهم سخر لي ملائكة السماء وجنود الارض,0,0,70,2,0,20,,,2026-06-04 7:44:59,"Image pack,People also ask",70,20,50,2015-11-21,,
2831,ادعية بالصور فضل العشر الاواخر من رمضان,0,30,0,1,0,,,,2026-05-14 6:53:36,"Image pack,People also ask,Sitelinks,Video preview",30,0,0,2020-05-07,,
2832,دعاء للفقراء,0,0,0,1,0,,,,2026-06-02 18:07:12,"AI Overview,People also ask,Image pack,Videos,Video preview",,0,0,2015-12-31,,
2833,دعاء اذا ضاع شي,0,0,60,1,0,150,,,2026-06-07 5:23:53,"AI Overview,People also ask,Image pack,Video preview",200,350,1600,2015-09-07,,
2834,دعاء لصديق بالسعادة وراحة البال,0,30,5400,2,0,900,0.03,,2026-05-21 8:08:50,"AI Overview,Thumbnail,Video preview,People also ask,Image pack,Sitelinks",2400,2100,2700,2022-05-19,"908, 640, 798, 800, 790, 796, 789, 811, 790, 2649, 547, 549, 772, 805, 826, 798, 937, 824, 679, 832, 876, 2794, 419, 522","609, 630, 610, 586, 756, 605, 522, 766, 804, 2724, 350, 454"
2835,دعاء لصرف شخص عنك,0,30,0,2,0,,,,2026-05-18 10:19:57,"AI Overview,Thumbnail,Image pack,People also ask,Sitelinks",10,50,80,2015-09-27,,
2836,الله يسخر لك الارض ومن عليها,0,10,100,4,0,10,,,2026-05-20 22:26:45,"AI Overview,People also ask,Image pack,Video preview",10,30,30,2015-12-09,,
2837,دعاء للمريض في العناية المركزة,0,0,0,1,0,10,,,2026-05-23 3:10:30,"AI Overview,People also ask,Image pack",30,20,20,2016-09-29,,
2838,دعاء يوم الثلاثاء مفاتيح الجنان,0,0,40,1,0,40,,,2026-05-19 21:03:04,"People also ask,Image pack",600,250,500,2017-11-20,,
2839,دعاء لبناتي وزوجي,0,10,0,1,0,,,,2026-05-28 21:44:09,"People also ask,Videos,Video preview,Image pack",30,600,900,2017-08-31,,
2840,دعاء لفك السحر بين الزوجين,0,0,0,1,2,,0.5,,2026-05-10 5:53:04,"AI Overview,Thumbnail,People also ask,Image pack",,0,0,2015-12-25,,
2841,دعاء حلو لشخص,0,10,20,1,0,80,0.01,,2026-06-08 22:28:47,"AI Overview,Thumbnail,People also ask,Image pack",150,9100,14000,2016-06-16,,
2842,متى ليلة القدر,0,10,5900,1,9,1100,,1,2026-05-22 20:42:51,"AI Overview,People also ask,Image pack,Video preview",8500,2500,5800,2015-09-14,"44, 9, 8, 7, 11, 9, 19, 30, 855, 18098, 262, 21, 20, 8, 8, 8, 8, 13, 19, 919, 1359, 10741, 4, 4025","1747, 1041, 1299, 1295, 1270, 1270, 1970, 1977, 2013, 2713, 2892, 2149"
2843,دعا الاسلام الى الاعتدال والوسطية نوع الفاعل,0,0,0,1,0,10,,,2026-06-08 19:45:05,"Video preview,People also ask",10,0,0,2022-02-17,,
2844,يامن يعد لكل ما يتوقع يامن خزائن رزقه في قول كن,0,0,0,1,0,,,,2026-05-22 0:27:29,"Image pack,People also ask,Videos",,0,0,2016-10-31,,
2845,أدعية مستجابة,0,0,6400,2,6,600,0.01,,2026-05-22 8:59:44,"AI Overview,Thumbnail,Image pack,People also ask",2400,4600,14000,2015-11-17,"991, 962, 974, 843, 833, 855, 836, 853, 724, 1854, 465, 591, 506, 581, 605, 493, 568, 558, 735, 607, 555, 829, 996, 715","596, 618, 565, 534, 570, 579, 578, 559, 510, 762, 914, 655"
2846,دعاء العوض بعد الطلاق,0,0,0,1,0,10,,,2026-06-03 22:07:37,"AI Overview,Thumbnail,People also ask,Image pack",30,0,10,2020-01-14,,
2847,دعاء الابتعاد عن الشهوات,0,0,10,1,0,10,,,2026-05-23 21:32:21,"AI Overview,Thumbnail,People also ask,Videos,Image pack,Video preview",30,300,700,2016-04-25,,
2848,دعاء لمنع الزوج من الزواج,0,10,0,1,0,,,,2026-05-09 23:20:40,"AI Overview,Video preview,Thumbnail,People also ask,Image pack",10,0,0,2016-03-20,,
2849,دعاء الطواف صوت,0,0,0,1,0,,,,2026-05-24 1:32:57,"Video preview,People also ask",,0,0,2022-04-07,,
2850,دعاء الانبياء لانجاب الذكور,0,0,0,1,0,,,,2026-05-20 7:14:49,"AI Overview,Thumbnail,People also ask,Videos,Image pack,Sitelinks",,0,0,2015-10-11,,
2851,دعاء وداع النبي مفاتيح الجنان,0,0,90,1,0,100,,,2026-05-11 0:24:46,"People also ask,Video preview,Image pack",150,70,70,2018-08-25,,
2852,دعاء الصباح للاصدقاء بالصور,0,20,10,1,3,,,,2026-05-19 3:02:23,"Image pack,Thumbnail,People also ask",20,0,10,2020-05-03,"28, 55, 35, 23, 4, 0, 5, 2, 2, 0, 0, 0, 0, 5, 2, 1, 0, 0, 0, 0, 0, 0, 0, 1",
2853,الله يبلغنا رمضان لا فاقدين ولا مفقودين,0,20,0,1,0,20,,,2026-05-29 23:53:37,"AI Overview,Thumbnail,People also ask,Image pack,Videos,Video preview",30,0,0,2018-05-12,,
2854,أحب الدعاء إلى الله,0,10,30,1,5,100,,,2026-06-07 12:59:04,"AI Overview,People also ask,Image pack,Video preview",300,1400,2100,2020-03-25,,
2855,ربي اني مسني الضر وانت ارحم الراحمين,0,40,200,1,0,1300,0.02,0.37,2026-05-22 21:14:15,"AI Overview,People also ask,Image pack,Video preview",5800,100,200,2015-09-02,"808, 820, 811, 853, 834, 792, 786, 959, 937, 1428, 1176, 1182, 1173, 1416, 1151, 1171, 1613, 1259, 1392, 1180, 1161, 1495, 1301, 1403","1427, 1330, 1268, 1275, 1316, 1322, 1329, 1337, 1382, 1469, 1423, 1525"
2856,دعاء لتهدئة النفوس بين الأهل,0,50,30,1,0,10,,,2026-05-13 7:57:42,"AI Overview,Thumbnail,People also ask,Image pack",70,50,450,2020-07-29,,
2857,اللهم ألف بين قلوبنا للزوج,0,80,100,1,0,40,,,2026-06-07 4:13:04,"AI Overview,Image pack,People also ask",150,10,10,2020-04-03,,
2858,تجربتي مع دعاء سيدنا سليمان,0,10,0,1,0,,,,2026-06-01 4:36:37,"Video preview,People also ask",10,0,0,2022-04-09,,
2859,سبحان الله وبحمده سبحان الله العظيم,0,0,2100,1,0,16000,0.02,0.34,2026-06-03 3:38:25,"AI Overview,Thumbnail,People also ask,Image pack,Video preview",34000,300,300,2015-09-01,"21600, 19742, 22989, 18400, 21429, 18881, 17906, 16908, 16824, 27389, 16133, 17331, 15616, 14652, 17339, 15247, 14889, 14571, 15712, 15093, 15182, 19133, 15317, 15350","14272, 14775, 15844, 14848, 14569, 14844, 14816, 15403, 14794, 17319, 15809, 14828"
2860,دعاء قرة العين,0,0,0,1,0,,,,2026-05-27 15:06:08,"AI Overview,Thumbnail,People also ask,Image pack,Video preview",,0,0,2019-07-12,,
2861,دعاء الزواج للعزباء,0,40,3950,2,0,450,,,2026-06-07 23:58:57,"AI Overview,Thumbnail,People also ask,Image pack,Video preview",2800,600,3400,2019-12-26,"1015, 434, 446, 514, 455, 466, 393, 405, 242, 931, 316, 337, 308, 436, 447, 386, 342, 364, 443, 584, 419, 635, 153, 388",
2862,دعاء يوم الثلاثا,0,30,0,1,0,10,0.04,,2023-06-22 22:13:44,"Featured snippet,Thumbnail,Image pack,People also ask",20,300,,2020-02-03,,
2863,اللهم بعلمك الغيب وقدرتك على الخلق,0,0,10,1,0,50,,,2026-06-06 13:49:47,"Image pack,People also ask,Sitelinks",90,30,30,2015-12-22,,
2864,دعاء لشخص يوم عرفه,0,0,0,1,0,,,,2026-05-06 15:47:26,"People also ask,Thumbnail,Video preview",10,60,1100,2015-09-23,,
2865,دعاء سريع الإجابة كالبرق,0,10,20,1,0,50,,,2026-06-07 22:24:49,"AI Overview,Image pack,People also ask,Video preview",250,10,10,2020-05-05,,
2866,دعاء للميت يوم الجمعة قصير,0,20,2000,2,0,800,0.01,,2026-05-29 0:40:22,"AI Overview,People also ask,Image pack,Video preview,Sitelinks",2300,1100,3400,2015-11-19,"392, 613, 1169, 1176, 520, 908, 892, 1428, 886, 623, 513, 654, 412, 777, 893, 650, 917, 800, 900, 1010, 860, 698, 671, 643","606, 654, 693, 763, 658, 788, 847, 947, 803, 638, 613, 585"
2867,دعاء لتسهيل الولادة وفتح الرحم بسرعة,0,10,600,1,0,200,0.01,,2026-06-02 10:19:03,"People also ask,Image pack,Video preview",400,300,800,2021-09-19,,
2868,حسبنا الله سيؤتينا الله من فضله,0,0,250,1,0,1200,0.04,0.63,2026-05-19 20:40:33,"AI Overview,People also ask,Image pack,Video preview,Thumbnail",4400,350,450,2015-09-02,"2527, 3323, 3338, 3058, 3148, 2465, 1661, 1908, 1599, 2503, 1320, 1034, 1023, 1050, 1747, 1661, 1555, 1334, 1012, 927, 731, 1136, 1253, 1091","2089, 1634, 1262, 1430, 1291, 1296, 1259, 880, 678, 1089, 1205, 1044"
2869,دعاء فكً السحر والحسد,0,180,200,3,0,,0.45,,2026-05-19 11:12:24,"AI Overview,Video preview,Thumbnail,Image pack,People also ask,Videos",80,0,60,2022-07-04,,
2870,دعاء السنة الجديدة 2023,0,10,0,1,0,,,,2026-05-21 6:42:44,"Image pack,People also ask,Video preview,Sitelinks",10,450,2300,2022-12-20,"1, 60, 4, 1, 2, 1, 13, 6, 0, 0, 0, 0, 1, 1, 1, 1, 0, 0, 6, 4, 0, 2, 1, 1",
2871,دعاء لمحبة الناس,0,10,20,1,0,10,,,2026-06-07 8:38:22,"AI Overview,Thumbnail,People also ask,Image pack,Video preview",20,250,500,2015-12-11,,
2872,دعاء الميت اللهم نقه من الذنوب والخطايا,0,0,0,1,0,,,,2026-05-26 14:08:32,"People also ask,Videos,Image pack",,0,0,2016-03-01,,
2873,دعاء للصائم,0,10,100,1,0,150,,,2026-05-09 16:28:37,"AI Overview,Thumbnail,People also ask,Image pack",500,3700,10000,2015-09-16,,
2874,دعاء للأبناء بالتوفيق في الدراسة تويتر,0,0,10,1,0,20,,,2026-06-05 23:53:25,"AI Overview,Thumbnail,People also ask,Image pack",90,100,150,2021-01-25,"7, 0, 63, 10, 61, 7, 37, 9, 130, 3, 13, 28, 19, 11, 13, 13, 13, 3, 20, 98, 1, 5, 1, 3",
2875,ادعيه قصيره,0,0,1700,1,1,700,0.1,0.72,2026-05-29 0:47:32,"AI Overview,Thumbnail,People also ask,Image pack,Video preview",2400,1400,3100,2015-09-02,"959, 966, 1174, 955, 980, 965, 808, 966, 945, 2249, 689, 678, 636, 657, 807, 549, 542, 558, 683, 767, 670, 1035, 1127, 743","666, 737, 755, 583, 628, 634, 646, 759, 663, 1028, 1119, 736"
2876,صحة حديث خير الدعاء دعاء يوم عرفة,0,0,20,1,0,30,,,2026-06-03 1:57:40,"AI Overview,People also ask,Sitelinks,Video preview",100,1500,2100,2015-09-23,,
2877,فضل دعاء: اللهم اكفني بحلالك عن حرامك إسلام ويب,0,0,0,1,0,,,,2026-05-10 17:26:05,"People also ask,Video preview",,0,0,2020-08-09,,
2878,دعاء للمريض في يوم عرفه,0,0,0,1,0,,,,2026-05-28 19:04:28,People also ask,,0,0,2020-07-29,,
2879,اقوى دعاء لمنع الزوج من السفر,0,0,0,1,0,,,,2026-05-27 21:46:05,"People also ask,Sitelinks",,0,0,2020-01-13,,
2880,دعاء الغيوم,0,0,0,1,0,,0.01,,2026-06-03 17:52:03,"Image pack,People also ask",,0,0,2015-10-27,"5, 7, 74, 23, 83, 27, 1, 0, 0, 0, 0, 0, 0, 3, 2, 0, 0, 1, 3, 2, 0, 0, 0, 1",
2881,اللهم اجعل من بينهم سدا,0,10,80,4,0,10,,,2026-06-06 13:37:48,"AI Overview,Thumbnail,People also ask,Image pack,Video preview",10,10,20,2015-12-03,,
2882,دعاء لمحمد بن سلمان,0,0,0,1,0,10,,,2026-06-08 9:03:19,"Featured snippet,People also ask,Video preview,Image pack",10,0,0,2017-06-21,,
2883,هل يجوز دعاء اللهم أرني عجائب قدرتك,0,0,0,1,0,10,,,2026-05-17 19:16:21,"AI Overview,Thumbnail,Video preview,People also ask,Image pack",10,0,0,2020-04-08,,
2884,ادعية الصبر,0,10,20,1,0,10,,,2026-05-28 10:14:17,"AI Overview,People also ask,Image pack,Video preview",70,300,2200,2015-11-16,,
2885,عجائب دعوة المظلوم,0,0,0,1,0,,,,2026-05-23 16:00:14,"AI Overview,Thumbnail,Videos,People also ask,Image pack,Video preview",,100,200,2020-05-31,,
2886,دعاء للمريض يوم الجمعه,0,0,0,1,0,40,,,2026-05-22 9:19:22,"AI Overview,Video preview,Thumbnail,People also ask,Image pack,Videos,Sitelinks",80,70,100,2015-10-30,,
2887,ادعية باسماء الله الحسنى,0,0,40,1,0,90,,,2026-05-11 16:25:35,"Image pack,Video preview,Thumbnail,People also ask",200,50,80,2015-11-29,,
2888,وآمن روعاتي,0,10,0,1,0,20,,,2026-06-05 7:27:27,"AI Overview,Thumbnail,Image pack,People also ask,Video preview",30,0,0,2016-03-13,,
2889,دعاء كميل باقر المقدسي,0,60,20,2,0,,,,2026-05-20 14:46:24,"Video preview,People also ask",40,0,10,2015-11-04,,
2890,دعاء للاب في يوم عرفه,0,10,10,1,0,,,,2026-05-25 15:25:03,"AI Overview,Thumbnail,People also ask,Videos,Image pack",10,0,10,2020-07-22,,
2891,الدعاء بعد الاكل,0,20,0,1,0,10,,,2023-06-23 0:07:20,"Featured snippet,Thumbnail,People also ask,Image pack",10,1700,,2015-09-22,,
2892,استشهاد الصحفية دعاء شرف,0,0,0,2,0,,,,2026-05-14 7:39:56,"Featured snippet,Thumbnail,People also ask",,0,0,2023-10-25,,
2893,دعاء يجعلك نشيط,0,0,0,1,0,,,,2026-05-20 23:49:12,"AI Overview,Videos,People also ask,Image pack,Sitelinks",,0,0,2020-12-22,,
2894,دعاء اللهم اني عبدك,0,0,400,2,0,500,0.04,0.79,2026-05-20 21:37:48,"AI Overview,Image pack,People also ask,Video preview",600,1000,1600,2015-09-09,"828, 1039, 2128, 2003, 1506, 1455, 1431, 1418, 926, 781, 637, 633, 487, 634, 633, 635, 634, 491, 489, 506, 507, 471, 450, 419","479, 446, 536, 503, 507, 489, 514, 489, 491, 456, 437, 407"
2895,ماذا قال ابراهيم عندما القي في النار,0,0,30,1,0,50,,,2026-05-18 7:31:23,"AI Overview,People also ask,Sitelinks,Image pack",100,0,0,2016-06-26,,
2896,دعاء شفاء لزوجي,0,20,0,1,0,10,,,2023-06-14 8:45:56,"Featured snippet,Thumbnail,Image pack",90,250,,2020-05-04,,
2897,الحمدلله الذي اطعمنا وسقانا,0,0,400,1,0,600,0.15,,2026-05-16 8:54:10,"AI Overview,People also ask,Sitelinks,Image pack,Video preview",800,350,400,2016-06-16,"231, 195, 243, 212, 418, 560, 296, 301, 517, 994, 600, 488, 472, 560, 590, 587, 640, 636, 564, 565, 554, 650, 631, 506","528, 524, 509, 505, 563, 562, 529, 514, 502, 599, 581, 456"
2898,اني مغلوب فانتصر,0,10,60,1,0,250,,0.46,2026-05-21 20:48:59,"AI Overview,People also ask,Image pack",500,40,100,2015-09-05,"471, 446, 473, 540, 557, 418, 229, 296, 291, 359, 226, 224, 233, 298, 296, 224, 224, 225, 225, 221, 213, 252, 239, 217","233, 224, 229, 218, 254, 225, 230, 220, 212, 251, 238, 216"
2899,دعاء للحمل بتوأم,0,10,0,1,0,10,,,2026-06-06 6:21:14,"AI Overview,Thumbnail,Image pack,People also ask,Sitelinks",90,40,250,2015-10-07,,
2900,دعاء عن الكذب,0,10,0,1,0,,,,2026-05-06 11:01:10,"AI Overview,People also ask",10,0,0,2020-01-25,,
2901,دعاء لأختي وزوجها واولادها,0,10,0,1,0,,,,2026-05-11 9:05:35,"AI Overview,Thumbnail,Image pack,People also ask",10,0,0,2021-04-20,,
2902,دعاء لتخفيف الم الدورة,0,50,20,2,0,10,,,2026-06-06 18:46:13,"AI Overview,Thumbnail,People also ask,Image pack",30,0,10,2021-09-19,,
2903,ولا تكلني الى نفسي طرفة عين,0,0,200,1,0,1000,,,2026-06-02 15:54:20,"AI Overview,Thumbnail,Image pack,People also ask,Video preview",1800,10,20,2015-11-07,"1087, 868, 876, 878, 892, 2547, 1130, 955, 1094, 1705, 882, 851, 750, 860, 1096, 1054, 1220, 1051, 1302, 1088, 1094, 1173, 1281, 1219","1172, 1340, 1231, 1151, 1109, 1514, 1300, 1211, 1217, 1303, 1422"
2904,دعاء لبنت اختي بالشفاء,0,10,0,1,0,,,,2026-05-11 9:54:32,"AI Overview,Thumbnail,Video preview,People also ask,Image pack",10,0,0,2018-09-06,,
2905,دعاء لابنتي وزوجها,0,10,0,1,0,,,,2026-06-07 10:51:04,"Image pack,People also ask,AI Overview,Thumbnail,Sitelinks",10,0,0,2020-02-29,,
2906,دعاء الفتح والفرج,0,20,0,1,0,,,,2026-05-24 5:08:46,"AI Overview,Image pack,People also ask,Video preview",20,0,0,2020-03-07,,
2907,دعاء سيدنا ابراهيم,0,0,20,1,0,150,,0.51,2026-05-07 17:27:04,"AI Overview,Thumbnail,People also ask",700,70,100,2015-11-19,"222, 117, 138, 145, 138, 138, 135, 148, 110, 205, 111, 110, 141, 113, 115, 116, 113, 139, 136, 125, 132, 158, 155, 138","135, 133, 127, 123, 128, 120, 127, 125, 131, 157, 155, 138"
2908,دعاء الفقر,0,0,10,1,0,150,0.02,,2026-05-20 5:58:35,"Image pack,People also ask,AI Overview,Sitelinks,Video preview",250,2500,16000,2015-09-14,,
2909,دعاء حكم,0,70,400,1,0,80,,,2026-06-05 9:56:40,"People also ask,Thumbnail,Video preview",1900,0,350,2016-03-18,,
2910,دعاء ابعاد الشر,0,0,0,1,0,150,,,2026-05-14 4:36:18,"AI Overview,People also ask,Image pack",400,300,800,2015-12-05,,
2911,اللهم احفظ امي,0,0,80,3,0,500,0.2,0.21,2026-05-23 16:34:15,"People also ask,Video preview,Image pack",1100,10,10,2015-09-03,"998, 882, 879, 883, 821, 696, 667, 686, 528, 973, 536, 526, 520, 539, 534, 529, 528, 413, 409, 445, 438, 621, 541, 510","489, 492, 478, 461, 484, 446, 433, 450, 443, 628, 548, 516"
2912,معنى دعاء اللهم اشغله في نفسه,0,0,0,1,0,,,,2026-06-07 10:40:20,"AI Overview,Thumbnail,People also ask,Sitelinks,Video preview",,0,0,2021-11-23,"0, 0, 0, 0, 0, 4, 0, 0, 0, 1, 0, 1, 0, 3, 1, 0, 1, 0, 0, 1, 2, 3, 0, 0",2
2913,الاشتراط في العمرة,0,0,30,1,0,90,,,2026-06-06 3:26:03,"AI Overview,Thumbnail,People also ask,Video preview,Sitelinks",90,30,30,2015-09-05,,
2914,دعاء الصبر على الفراق,0,0,0,2,0,,,,2026-05-08 3:43:41,People also ask,10,10,20,2015-10-01,,
2915,دعاء على من يلعب ببنات الناس,0,40,0,1,0,,,,2026-05-15 22:16:37,"Video preview,People also ask",40,0,0,2020-11-08,,
2916,دعاء لرجوع شخص معين,0,20,0,1,0,,0.01,,2026-05-10 5:58:05,"AI Overview,Thumbnail,People also ask,Image pack,Sitelinks,Video preview",20,0,0,2017-09-17,,
2917,تجربتي مع دعاء الستر,0,20,0,1,0,,,,2026-06-02 3:21:43,"People also ask,Video preview",20,0,0,2020-10-27,,
2918,دعاء للوالدين في المطر,0,10,0,1,0,,,,2026-05-11 13:03:20,"AI Overview,Thumbnail,People also ask,Image pack,Video preview,Sitelinks",10,0,0,2020-01-19,,
2919,دعاء لابنتي الصغيرة,0,10,30,1,0,,,,2026-05-10 10:03:06,"AI Overview,Video preview,Thumbnail,People also ask,Image pack",40,0,30,2019-04-12,,
2920,ادعيه عرفه,0,30,4100,3,1,200,,,2026-05-21 3:04:50,"AI Overview,People also ask,Video preview",350,13000,23000,2015-09-22,,
2921,دعاء يوم عرفة للزواج,0,0,0,1,0,,,,2026-06-02 1:50:22,"AI Overview,Thumbnail,People also ask,Image pack,Video preview",20,0,0,2020-07-29,,
2922,دعاء لشهداء فلسطين,0,60,30,1,0,,,,2026-05-18 0:25:09,"AI Overview,People also ask,Image pack",60,0,30,2021-05-10,,
2923,دعاء للنجاح في النتيجة,0,200,500,1,0,,,,2026-05-26 12:38:48,"AI Overview,Thumbnail,Image pack,People also ask,Video preview,Videos",200,0,500,2015-11-03,,
2924,دعاء لمريضة,0,30,0,3,2,40,0.01,0.82,2026-05-07 20:00:38,"AI Overview,People also ask",100,21000,137000,2015-12-11,,
2925,دعاء اخر جمعه في 2023,0,0,0,1,0,,,,2026-05-26 1:01:43,"People also ask,Video preview,Image pack",,0,0,2023-12-28,,
2926,تجربتي مع اللهم يارزاق ياذا القوة المتين ارزقني,0,0,0,1,0,10,,,2026-05-20 11:53:16,"AI Overview,Video preview,People also ask,Videos,Image pack",10,0,0,2020-09-23,"3, 22, 4, 47, 190, 175, 37, 0, 0, 1, 0, 0, 0, 14, 42, 2, 3, 0, 3, 5, 5, 21, 5, 3",
2927,خير دعاء يوم عرفة,0,10,350,1,6,400,,0.49,2026-05-30 3:13:46,"AI Overview,Thumbnail,People also ask,Image pack,Video preview",600,1500,2000,2015-09-23,"5937, 20, 17, 21, 19, 15, 18, 13, 12, 13, 6, 123, 4547, 13, 12, 7, 3, 4, 6, 34, 34, 35, 33, 82","3282, 1056, 52, 34, 24, 23, 24, 35, 34, 35, 34, 66"
2928,من الصور الباطلة لعبادة النبي ﷺ:,0,0,0,1,0,200,,,2026-04-30 6:42:07,Sitelinks,200,90,90,2020-09-15,"5, 0, 96, 3755, 220, 6, 6, 0, 5, 5, 5, 0, 0, 0, 31, 2049, 178, 34, 58, 40, 22, 11, 13, 7","7, 6, 52, 2504, 350, 1, 89, 4, 18, 8, 10, 5"
2929,دعاء الجماعة,0,40,0,1,0,,,,2026-05-11 5:16:47,"AI Overview,People also ask,Image pack,Sitelinks,Video preview",40,0,0,2017-05-04,,
2930,دعاء لجدي وجدتي المتوفين,0,10,20,1,0,10,,,2026-05-09 3:56:37,"AI Overview,Thumbnail,People also ask,Image pack,Video preview",70,0,10,2020-01-21,,
2931,دعاء رمضان 2022,0,0,0,1,0,,,,2026-05-19 5:52:59,"AI Overview,People also ask,Video preview",,0,0,2022-02-14,,
2932,اللهم صيبا نافعا,0,20,2450,3,0,3300,0.25,0.37,2026-06-02 20:55:42,"AI Overview,Thumbnail,People also ask,Image pack,Video preview",15000,350,450,2015-09-02,"852, 1329, 8004, 3238, 4643, 4693, 1250, 7593, 6000, 8746, 1511, 716, 34, 170, 4239, 927, 93, 3453, 10689, 760, 6491, 5263, 6889, 2474","806, 2432, 3635, 1479, 4955, 7900, 5296, 5453, 5609, 4553, 5967, 2145"
2933,دعاء المجير عبد الحي قمبر,0,0,0,1,0,,,,2026-05-09 3:24:16,"Video preview,People also ask",,0,0,2017-05-27,,
2934,دعاء لوالدي المتوفي,0,0,0,1,0,2300,0.02,0.9,2026-06-02 8:10:05,"AI Overview,Thumbnail,People also ask,Image pack,Video preview",8700,8000,33000,2015-09-04,"2937, 2373, 2474, 2392, 2397, 2430, 2374, 2873, 2377, 5288, 1954, 2391, 2670, 1960, 2356, 1938, 2348, 1880, 2409, 2217, 2059, 2647, 3012, 2718","2493, 2419, 2589, 2258, 2309, 2223, 2240, 2229, 2071, 2662, 3028, 2733"
2935,دعاء الحب,0,30,0,3,0,20,0.04,,2026-05-05 22:19:29,"AI Overview,Thumbnail,People also ask",100,150,500,2015-09-16,,
2936,ادعية الامام علي,0,0,20,1,0,,,,2026-06-03 21:10:05,"AI Overview,Thumbnail,People also ask,Sitelinks,Video preview",20,0,20,2016-03-18,,
2937,اللهم رب السموات السبع وما أظلت,0,0,0,1,0,10,,0.83,2026-06-05 17:12:29,"Image pack,People also ask,Video preview",50,0,0,2015-09-28,,
2938,دعاء التراويح المحيسني مكتوب,0,0,0,1,0,,,,2026-06-08 2:22:09,"Video preview,Image pack",,0,0,2023-03-14,,
2939,دعاء لمشي الطفل,0,70,0,1,0,,,,2026-05-21 16:34:25,"AI Overview,Thumbnail,Image pack,People also ask,Video preview",70,0,0,2020-02-05,,
2940,عدد خلقه ورضا نفسه,0,10,150,1,0,80,,,2026-05-21 14:12:58,"AI Overview,People also ask,Sitelinks,Video preview,Image pack",200,90,150,2016-04-27,,
2941,الوتر,0,0,3200,1,9,12000,0.1,0.35,2026-06-07 8:46:18,"AI Overview,Image pack,People also ask,Video preview",13000,1600,2300,2015-09-01,"10849, 9902, 10152, 10023, 10711, 10580, 10638, 11082, 11477, 11783, 13698, 11461, 11677, 10731, 10987, 10863, 11556, 11430, 11494, 11943, 12344, 12655, 14575, 12344","12565, 11625, 11886, 11767, 12466, 12346, 12416, 12870, 13277, 13594, 15519, 13294"
2942,دعاء على الظالم اللهم شتت شملهم,0,0,0,2,0,,,,2026-05-27 2:50:28,People also ask,,0,0,2020-05-25,"29, 7, 14, 16, 27, 29, 0, 2, 0, 0, 0, 1, 0, 0, 0, 0, 0, 0, 0, 0, 0, 0, 0, 0",1
2943,دعاء الشفاء لصديق,0,100,0,1,0,,,,2023-06-22 17:32:32,"People also ask,Image pack",100,350,,2018-06-07,,
2944,دعاء دخول الاسلام,0,10,0,1,0,,,,2026-05-28 1:51:56,"AI Overview,Image pack,People also ask,Sitelinks",10,0,0,2018-03-25,,
2945,دعاء التوبه بعد الذنب,0,10,60,1,3,500,,,2026-06-09 7:41:10,"AI Overview,Thumbnail,People also ask,Video preview,Image pack",600,20000,51000,2017-06-06,"260, 685, 1156, 1910, 1641, 1541, 724, 400, 1089, 1515, 1411, 1236, 468, 112, 429, 462, 444, 179, 686, 594, 484, 402, 171, 340",
2946,ادعية قصيرة وجميلة للواتس,0,0,400,1,0,300,0.03,,2026-05-25 3:42:09,"AI Overview,Image pack,People also ask,Sitelinks",1100,150,400,2015-11-17,"357, 363, 370, 364, 359, 354, 287, 289, 297, 560, 239, 237, 231, 243, 361, 302, 298, 276, 346, 308, 281, 349, 309, 280","278, 325, 294, 295, 322, 318, 305, 301, 274, 339, 303, 274"
2947,دعاء المظلوم في رمضان,0,30,200,1,0,,,,2026-05-28 14:39:35,"People also ask,Sitelinks,Videos,Image pack,Video preview",30,0,200,2020-04-21,,
2948,دعاء جميل الله يسعدك,0,0,0,1,0,,,,2026-05-14 10:18:55,"AI Overview,Thumbnail,People also ask,Image pack",,0,0,2020-01-10,,
2949,اذكار النوم للاطفال,0,10,500,1,0,1500,0.04,0.62,2026-05-19 19:27:22,"People also ask,Image pack,AI Overview,Video preview",2400,6200,27000,2015-10-06,"1156, 1136, 1408, 1446, 1508, 1547, 1618, 1617, 1484, 986, 1276, 1297, 1247, 1528, 1566, 1887, 1900, 1532, 1533, 1467, 1303, 1062, 1205, 1322","1238, 1382, 1515, 1767, 1879, 1645, 1656, 1587, 1422, 1182, 1325, 1442"
2950,دعاء يوم عاشوراء للزواج,0,10,0,1,0,,,,2026-05-24 11:00:55,"People also ask,Videos,Sitelinks,Image pack",10,0,0,2020-08-28,,
2951,اللهم اشفي زوجي,0,20,90,1,0,60,,,2026-05-07 15:30:58,People also ask,400,0,30,2015-10-10,,
2952,تعزية للميت,0,10,10000,1,1,2700,,0.86,2026-06-01 6:46:10,"AI Overview,Thumbnail,People also ask,Image pack,Video preview",3300,5200,8700,2017-01-11,"3718, 3174, 3114, 3124, 3177, 3121, 3195, 3930, 3837, 3904, 3181, 3126, 2562, 3149, 2618, 2456, 2512, 2504, 2552, 2764, 2746, 2712, 2675, 2779","2821, 2697, 2651, 2410, 2504, 2373, 2572, 2734, 2721, 2693, 2659, 2766"
2953,دعاء انتظار خبر مفرح,0,20,0,1,0,,,,2026-05-23 10:33:33,"AI Overview,Thumbnail,Video preview,People also ask,Sitelinks,Image pack",20,0,0,2020-01-11,,
2954,صالح الشيخ دعاء يوم الخميس,0,0,0,1,0,,,,2026-05-24 10:39:48,"Video preview,People also ask,Image pack",,0,0,2021-04-09,,
2955,هل دعاء الموسوس مستجاب,0,0,0,1,0,,,,2026-05-22 10:30:00,"AI Overview,People also ask,Videos,Video preview,Sitelinks",,0,0,2017-07-19,,
2956,دعاء لجعل شخص يحبك,0,30,10,1,0,,,,2026-05-18 0:47:20,"AI Overview,Thumbnail,Image pack,People also ask,Video preview",30,0,10,2016-04-12,"24, 8, 15, 5, 6, 9, 18, 7, 10, 3, 0, 3, 1, 6, 9, 3, 3, 10, 0, 0, 1, 1, 0, 0",1
2957,اللهم لاسهل الا ماجعلته سهلا,0,10,0,1,0,1600,0.1,0.45,2026-05-24 3:25:36,"AI Overview,People also ask,Image pack,Video preview,Sitelinks",1800,1400,1400,2015-12-20,"2038, 785, 709, 1196, 1987, 1879, 1830, 653, 2383, 652, 986, 2196, 1491, 679, 655, 779, 1476, 1231, 3323, 1493, 2122, 1761, 1420, 1979","2260, 1253, 1280, 1489, 1920, 2442, 1782, 1533, 2161, 1800, 1459, 2018"
2958,دعاء لاختي بشفاء,0,0,0,1,0,,,,2026-05-06 21:23:51,"AI Overview,Thumbnail,People also ask",10,0,0,2020-02-07,"14, 24, 14, 9, 7, 7, 2, 1, 0, 2, 0, 9, 0, 0, 0, 0, 0, 0, 0, 2, 0, 5, 0, 1",
2959,دعاء في حب الرسول,0,0,0,1,0,,,,2026-05-21 2:00:53,"People also ask,Image pack",,0,0,2020-04-25,,
2960,اللهم انصر اخواننا في غزة,0,90,3120,4,0,100,,,2026-06-05 10:06:14,"AI Overview,Thumbnail,Image pack,People also ask,Video preview",500,30,40,2020-01-14,,
2961,توكلت على الله ولا حول ولا قوة الا بالله,0,0,0,1,0,40,,,2026-05-28 13:35:31,"AI Overview,People also ask,Videos,Image pack",90,20,50,2015-12-16,,
2962,اللهم انها الليله الاولى في قبره,0,10,50,1,0,90,,,2026-05-12 8:23:51,"Image pack,People also ask,Video preview",100,30,40,2020-01-10,,
2963,ابن اختي,0,0,20,1,0,70,,,2026-06-07 9:29:11,"People also ask,Image pack,Video preview",800,40,90,2016-03-18,,
2964,دعاء لجعل شخص يراني في المنام,0,10,0,1,0,,,,2026-05-14 2:36:30,"People also ask,Video preview,Sitelinks,Image pack",10,0,0,2021-01-02,,
2965,دعاء لصديقتي عندها اختبار تويتر,0,0,10,1,0,10,,,2026-06-05 18:05:12,"AI Overview,Thumbnail,People also ask",40,10,10,2019-12-21,,
2966,دعاء الضرة على ضرتها,0,10,0,1,0,,,,2026-05-27 15:48:52,"AI Overview,People also ask,Sitelinks,Image pack",10,0,0,2020-06-02,,
2967,اللهم اني استودعتك ابنتي قطعة من قلبي,0,0,0,1,0,,,,2026-05-06 0:01:23,"AI Overview,Thumbnail,People also ask",10,0,0,2021-03-02,,
2968,ادعيه رمضانيه,0,20,10,1,0,450,0.35,0.49,2026-06-06 10:39:16,"AI Overview,Thumbnail,People also ask,Image pack,Video preview",1900,11000,27000,2016-05-17,"5, 5, 5, 6, 6, 17, 17, 42, 556, 6310, 22, 5, 5, 7, 6, 6, 5, 6, 18, 193, 519, 4738, 563, 225","102, 92, 80, 69, 58, 46, 42, 138, 329, 4236, 1379"
2969,دعاء لايرده الله وعن تجربه,0,0,0,1,0,,,,2026-05-09 21:06:47,"AI Overview,People also ask,Video preview,Image pack",,0,0,2020-04-27,,
2970,دعاء 1 رمضان 2023,0,20,0,3,0,,,,2026-06-01 18:31:15,"AI Overview,Thumbnail,People also ask,Image pack",,0,0,2023-03-22,,
2971,دعاء ختم القران عند الشيعة,0,10,200,1,2,200,,,2026-05-16 4:53:49,"People also ask,AI Overview,Video preview",450,0,90,2015-12-14,,
2972,سبب عدم استجابة دعوة المظلوم,0,0,20,1,0,10,,,2026-05-10 13:22:44,"AI Overview,Video preview,People also ask,Sitelinks",40,0,20,2019-04-06,,
2973,دعاء تعب,0,20,0,1,1,,,,2023-06-22 7:31:31,"Featured snippet,Thumbnail,Image pack,People also ask",20,350,,2020-02-29,,
2974,دعاء للهداية,0,0,0,1,0,40,,,2026-05-12 21:01:24,"AI Overview,Thumbnail,People also ask,Image pack,Video preview,Sitelinks",400,200,1100,2015-09-14,,
2975,دعاء عظيم مجرب من كتاب ابواب الفرج,0,10,0,1,0,,,,2026-05-07 12:54:33,"AI Overview,People also ask",10,0,0,2019-03-18,,
2976,هل الخيل تدعو لصاحبها,0,0,0,1,0,,,,2026-05-28 22:42:18,"AI Overview,Thumbnail,People also ask,Videos",,0,0,2016-03-27,,
2977,دعاء حفظ الذرية,0,10,10,1,0,100,,,2026-05-08 13:05:39,"Image pack,People also ask",150,1000,2400,2016-03-21,,
2978,دعاء عند نزول المطر للتوفيق,0,0,10,1,0,,,,2026-05-20 0:34:20,"AI Overview,Thumbnail,People also ask,Videos",,0,10,2022-11-19,,
2979,دعاء لاهل غزة طويل,0,20,100,1,0,,,,2026-05-28 15:25:16,"AI Overview,People also ask,Image pack",20,0,100,2023-10-15,,
2980,دعاء حسبي الله على من سحرني,0,0,0,1,0,,,,2026-05-29 14:33:18,"AI Overview,Thumbnail,People also ask,Image pack,Video preview",,0,0,2018-02-21,,
2981,دعاء من قاله ومات دخل الجنة,0,30,0,4,0,,,,2026-06-09 0:37:49,"AI Overview,Thumbnail,Image pack,People also ask,Video preview",10,0,0,2020-05-14,,
2982,دعاء شفاء اختي,0,40,0,6,0,,,,2026-05-26 19:24:43,"AI Overview,Thumbnail,People also ask,Videos,Image pack",10,10,10,2020-01-12,,
2983,دعاء اليوم الاول من رمضان,0,30,350,1,0,20,,0.98,2026-05-27 20:11:53,"Video preview,People also ask,Image pack",1400,200,600,2016-06-05,"5, 5, 5, 5, 5, 5, 10, 16, 430, 1529, 6, 5, 0, 6, 7, 0, 6, 6, 6, 7, 150, 8, 5, 4",7
2984,كل دعاء محجوب,0,10,0,1,0,,,,2026-05-09 0:22:55,"People also ask,Image pack",10,0,0,2016-11-25,"18, 17, 32, 28, 24, 48, 10, 6, 2, 0, 17, 0, 2, 1, 10, 3, 5, 8, 10, 5, 1, 1, 0, 1",
2985,تسبيح,0,10,3700,1,2,1100,0.05,0.39,2026-06-05 9:47:36,"People also ask,Image pack,Video preview",5400,450,2400,2015-09-09,"1475, 1271, 1220, 1178, 921, 847, 851, 1095, 1136, 1864, 675, 837, 1047, 929, 1164, 1165, 1016, 967, 1035, 1094, 1071, 1351, 1241, 1102","1132, 1148, 1081, 1067, 1090, 1080, 1084, 1151, 1128, 1408, 1297, 1159"
2986,اللهم اني اسالك باسمك الاعظم,0,0,0,1,0,,,,2026-05-28 21:17:34,"Image pack,People also ask,Video preview",20,0,0,2015-09-06,,
2987,دعاء صَرَفَ الزوجة الثانية,0,0,0,1,0,,,,2026-05-16 21:45:27,"AI Overview,Thumbnail,People also ask,Sitelinks",,0,0,2021-07-18,,
2988,دعاء اللهم اجعله من نصيبي واجعلني من نصيبه,0,0,0,1,0,,,,2026-05-19 16:59:27,"AI Overview,People also ask,Video preview,Sitelinks",,0,0,2022-04-26,,
2989,دعاء الاستغاثه,0,10,0,1,0,10,,,2026-05-18 7:04:02,"AI Overview,Thumbnail,People also ask,Image pack",40,20,1300,2015-10-16,,
2990,دعاء للمريض في المستشفى,0,10,150,1,4,500,,0.53,2026-05-21 5:26:36,"AI Overview,Thumbnail,People also ask,Image pack,Sitelinks,Video preview",3400,14000,95000,2015-10-07,"620, 681, 678, 587, 532, 493, 488, 409, 402, 439, 379, 412, 624, 685, 683, 591, 536, 497, 491, 412, 404, 442, 381, 414","628, 689, 686, 594, 538, 499, 493, 414, 406, 444, 383, 416"
2991,دعاء للعمه,0,0,0,1,0,,,,2026-05-29 21:51:59,"People also ask,Image pack,Video preview",,0,0,2016-07-31,,
2992,صور يوم الترويه,0,10,20,1,0,40,,,2026-05-06 19:13:50,"Thumbnail,People also ask",90,40,40,2015-09-21,,
2993,دعاء لزوجي البعيد عني,0,10,0,1,0,,,,2026-06-03 10:00:11,"AI Overview,Thumbnail,People also ask,Image pack",10,0,0,2020-03-30,,
2994,تحقيق الامنيات,0,30,300,1,0,20,0.04,0.77,2026-06-08 12:22:40,"AI Overview,Thumbnail,People also ask,Image pack,Video preview",50,0,0,2015-10-06,"45, 50, 47, 36, 43, 34, 31, 32, 30, 37, 27, 26, 28, 26, 27, 16, 26, 25, 30, 22, 17, 23, 21, 20","21, 25, 24, 20, 19, 18, 17, 15, 12, 15, 14, 13"
2995,دعاء يوم عرفه لشخص,0,0,0,1,0,,,,2026-06-08 19:30:29,"AI Overview,Thumbnail,People also ask,Video preview,Sitelinks",,2400,8800,2020-07-29,"268, 0, 0, 0, 0, 0, 0, 0, 0, 0, 0, 0, 11, 1, 2, 0, 0, 0, 0, 0, 0, 0, 0, 1",
2996,دعاء للعصبية عن أهل البيت,0,0,0,1,0,,,,2026-05-20 21:42:40,"Image pack,People also ask,Videos,Sitelinks",,0,0,2020-05-02,,
2997,دكتورة دعاء مطاوع,0,0,0,2,0,,,,2026-06-02 20:15:31,"AI Overview,Thumbnail,Video preview,People also ask",,0,0,2018-01-13,,
2998,دعاء للزوج بالسعادة وراحة البال,0,20,20,1,0,60,,,2026-06-07 21:34:53,"AI Overview,Thumbnail,People also ask,Image pack,Video preview",350,40,150,2022-04-08,,
2999,اللهم اكفني شر فلان,0,10,10,1,0,20,,,2026-05-14 22:43:42,"Image pack,People also ask,Sitelinks",20,10,10,2021-04-13,,
3000,الخشوع في الصلاة,0,20,500,2,1,300,0,1.06,2026-05-19 21:41:22,"AI Overview,People also ask,Image pack",1000,100,250,2015-09-06,"256, 292, 274, 440, 815, 400, 764, 494, 367, 529, 287, 283, 280, 285, 256, 283, 283, 374, 545, 359, 241, 423, 248, 183","168, 82, 70, 59, 438, 582, 158, 231, 147, 322, 154, 90"
3001,دعاء الشغاله الجديده,0,10,0,1,0,20,,,2026-05-29 3:50:59,"AI Overview,People also ask,Image pack,Videos,Thumbnail",20,250,350,2016-02-05,,
3002,دعاء لحبيبي,0,70,1800,1,0,150,0.3,,2026-05-08 11:23:54,"AI Overview,People also ask,Image pack",2000,80,1100,2016-02-17,,
3003,دعاء قبل صلاة العشاء,0,20,10,1,0,,,,2026-06-06 19:30:13,"AI Overview,Thumbnail,People also ask,Image pack,Video preview",20,0,10,2021-01-22,,
3004,دعاء على من اذاني,0,10,10,1,1,150,,,2026-05-27 21:07:20,"AI Overview,People also ask,Image pack",200,350,1700,2015-11-14,"508, 415, 289, 242, 239, 189, 175, 173, 140, 264, 112, 137, 207, 111, 139, 112, 137, 136, 113, 109, 80, 198, 221, 151","126, 146, 87, 134, 141, 59, 104, 85, 46, 174, 197, 127"
3005,صالح المغامسي دعاء المعجزات,0,0,0,1,0,,,,2026-05-08 5:48:15,"People also ask,Video preview",,0,0,2016-02-19,"47, 25, 4, 14, 20, 0, 0, 2, 1, 1, 0, 2, 0, 4, 2, 3, 0, 0, 0, 0, 0, 0, 0, 1",
3006,عبارة عن كبار السن,0,10,0,1,0,30,,,2026-06-01 7:35:09,"People also ask,Image pack,Video preview",30,100,150,2018-10-16,,
3007,دعاء اللهم ارحم جدي,0,10,0,1,0,20,,,2026-05-13 4:57:47,"AI Overview,People also ask,Image pack",60,300,450,2020-12-05,,
3008,دعاء بداية سنة جديدة من العمر,0,30,100,1,0,,,,2026-06-02 1:07:22,"AI Overview,Thumbnail,People also ask,Image pack,Videos",30,0,100,2016-10-01,,
3009,اللهم إني أعوذ بك من زوال نعمتك,0,10,300,1,0,200,0.1,0.75,2026-06-05 21:28:31,"Image pack,People also ask,Video preview",250,250,250,2015-09-15,"171, 249, 246, 208, 208, 199, 153, 184, 185, 226, 187, 183, 149, 152, 187, 228, 151, 150, 152, 170, 191, 211, 174, 167","149, 152, 148, 140, 128, 123, 126, 142, 163, 183, 147, 141"
3010,دعا نوح عليه السلام ربه أن ينجيه ومن معه من,0,0,20,1,0,40,,,2026-06-05 5:37:53,"AI Overview,Thumbnail,People also ask,Sitelinks",40,20,20,2022-04-12,,
3011,دعاء لتطويل الشعر في يوم,0,50,20,1,0,,,,2026-05-12 2:44:34,"AI Overview,Video preview,Image pack,People also ask",50,0,20,2021-03-13,,
3012,دعاء لصديقتي يوم الجمعة,0,10,40,1,0,40,,,2026-06-04 4:38:35,"AI Overview,Thumbnail,People also ask,Image pack",100,10,10,2017-10-06,,
3013,دعاء صباح الخير للاصدقاء,0,30,100,1,0,70,0.04,0.55,2026-05-20 6:22:37,"Image pack,People also ask,Videos",700,200,600,2015-09-27,"348, 346, 271, 185, 193, 225, 184, 145, 138, 113, 91, 95, 95, 61, 63, 62, 63, 52, 30, 48, 92, 84, 65, 48","24, 16, 22, 8, 23, 7, 16, 36, 73, 71, 48, 35"
3014,دعاء الثبات,0,20,0,1,0,,,,2026-06-08 6:33:41,"AI Overview,People also ask,Image pack,Video preview",20,0,0,2015-11-05,,
3015,دعاء لهداية الولد العاصي,0,20,10,1,0,,,,2026-06-08 18:49:10,"AI Overview,Thumbnail,People also ask,Image pack",20,0,10,2017-08-10,,
3016,دعاء غازي الذيابي,0,0,0,1,0,,,,2026-05-12 17:55:05,"Featured snippet,People also ask,Video preview",,0,0,2021-12-25,,
3017,عمتي الغالية الله يحفظك,0,0,0,1,0,,,,2026-05-25 12:42:31,"People also ask,Image pack,Thumbnail,Videos",10,0,0,2021-12-21,"96, 68, 40, 35, 4, 5, 2, 1, 1, 2, 0, 0, 3, 3, 4, 0, 8, 2, 3, 1, 0, 0, 0, 0",1
3018,دعاء للاخوات,0,30,0,1,0,400,0.05,0.63,2026-05-18 9:06:29,"AI Overview,People also ask,Image pack,Video preview",800,800,900,2015-09-02,"744, 421, 428, 281, 405, 411, 420, 431, 391, 1380, 250, 336, 544, 421, 434, 264, 327, 334, 339, 417, 420, 847, 272, 469","523, 392, 478, 383, 402, 402, 434, 480, 474, 565, 523, 468"
3019,دعاء الثبات على الدين,0,20,0,1,0,,,,2026-06-04 20:09:28,"AI Overview,Thumbnail,People also ask,Image pack,Video preview",20,0,0,2017-06-14,,
3020,دعاء المطر والرعد,0,20,1700,1,1,500,,0.61,2026-05-29 1:51:03,"AI Overview,People also ask,Image pack,Video preview,Thumbnail",6600,1200,3300,2015-09-01,"16, 58, 2992, 3080, 1139, 744, 32, 1535, 72, 1340, 89, 49, 2, 26, 1453, 93, 16, 304, 2373, 82, 532, 758, 1539, 238","1, 215, 841, 284, 553, 2023, 800, 615, 531, 758, 1538"
3021,دعاء تيسير الزواج للبنات مجرب,0,50,50,1,0,200,0.5,,2026-05-26 3:47:55,"AI Overview,Image pack,People also ask,Video preview",1200,700,3600,2020-07-17,,
3022,دعاء لأولادي وبناتي,0,10,20,1,0,80,,,2026-05-26 15:10:31,"AI Overview,Thumbnail,Video preview,Image pack,People also ask",150,2600,8700,2020-03-03,,
3023,اللهم إني تبرأت من حولي وقوتي,0,0,0,1,0,,,,2026-05-15 14:40:45,"Image pack,People also ask",,0,0,2015-10-17,,
3024,اللهم اني ظلمت نفسي,0,0,30,1,0,250,0.1,1,2026-05-21 16:35:33,"Image pack,People also ask,Video preview",300,250,600,2015-09-02,"759, 540, 483, 627, 779, 725, 386, 315, 327, 683, 502, 619, 428, 256, 258, 210, 174, 139, 171, 171, 171, 312, 269, 203","174, 142, 156, 124, 179, 319, 105, 201, 127, 323, 253, 184"
3025,أبو أيمن دعاء يوم الجمعة,0,0,0,2,0,,,,2026-05-23 20:28:20,"Videos,Video preview,People also ask,Image pack",,0,0,2020-08-07,,
3026,تهنئة العائد من الحج,0,40,600,1,0,100,,,2026-06-02 3:40:44,"AI Overview,Thumbnail,People also ask,Image pack",400,300,500,2016-09-15,,
3027,دعاء سورة الرحمن,0,60,10,1,0,,,,2026-06-05 22:41:06,"AI Overview,Thumbnail,People also ask,Image pack,Video preview",60,0,10,2016-07-16,,
3028,دعاء يوم عرفة 2023,0,0,0,1,0,,,,2026-05-26 16:09:02,"Videos,Sitelinks,People also ask,Video preview",,0,0,2023-06-18,,
3029,انا لله وانا اليه راجعون انتقل الى رحمة الله,0,0,30,1,0,60,,0.46,2026-05-13 19:56:13,"Image pack,People also ask",80,500,700,2015-10-12,,
3030,دعاء الرزق والغنى,0,20,400,1,7,90,,,2026-06-09 9:28:40,"AI Overview,Thumbnail,People also ask,Image pack,Video preview",100,7500,40000,2020-07-04,,
3031,دعاء نجاح العملية الجراحية,0,20,100,1,0,50,,,2026-05-25 19:43:02,"AI Overview,People also ask,Video preview,Image pack",250,30,70,2016-10-20,,
3032,اللهم رب الناس اذهب البأس واشفي انت الشافي,0,10,500,1,0,1000,,,2026-05-30 10:07:25,"AI Overview,Image pack,People also ask,Video preview",1500,4200,5500,2015-10-12,"1684, 1678, 1580, 2271, 1787, 1999, 1917, 2473, 861, 880, 810, 523, 933, 504, 459, 490, 2348, 2167, 453, 650, 2133, 361, 8, 780",
3033,دعاء الولادة مستجاب,0,20,70,1,0,90,,,2026-05-09 7:54:47,"AI Overview,Thumbnail,Image pack,People also ask,Sitelinks",450,2800,9400,2015-10-04,,
3034,عبارات جميلة تعبر فيها عن فرحتي بزواج أخي تويتر,0,0,10,1,0,70,,,2026-05-17 7:57:20,"AI Overview,Thumbnail,People also ask",300,60,60,2021-11-29,,
3035,دعاء السمات سيد مهدي ميرداماد,0,0,0,1,0,,,,2026-05-25 13:58:54,Video preview,,0,0,2020-06-07,,
3036,لا اله الا الله الجليل الجبار,0,0,0,1,0,10,,,2026-05-22 3:45:26,"Image pack,People also ask,Sitelinks",30,0,10,2015-09-08,,
3037,دعاء جبر الخواطر للحبيب,0,50,20,1,0,20,,,2026-05-07 23:17:56,"People also ask,Thumbnail",90,10,90,2020-10-09,,
3038,دعاء رؤية الرسول في المنام,0,30,10,1,0,,,,2026-06-09 1:06:36,"AI Overview,Thumbnail,People also ask,Sitelinks",30,0,10,2016-06-19,,
3039,دعاء العروس لنفسها,0,20,20,1,0,,,,2026-05-08 2:35:18,"AI Overview,Video preview,Thumbnail,People also ask,Sitelinks",40,350,600,2016-11-29,,
3040,دعاء الشفاء والفرج,0,0,350,1,2,150,,,2026-05-19 4:24:39,"AI Overview,Thumbnail,Image pack,People also ask,Videos,Video preview",800,48000,78000,2019-08-12,,
3041,دعاء ابراهيم,0,10,0,1,0,30,,,2026-05-29 15:33:18,"AI Overview,Thumbnail,People also ask,Image pack,Video preview",80,90,250,2015-11-23,,
3042,دعاء اعددت لكل هول,0,10,10,1,0,,,,2026-05-09 7:59:21,"Image pack,People also ask",10,0,10,2020-02-02,"2, 1, 3, 4, 0, 0, 1, 1, 2, 2, 5, 8, 2, 2, 8, 5, 0, 0, 0, 0, 2, 0, 1, 0",1
3043,دعاء يدلك على الطريق الصحيح,0,20,0,1,0,,,,2026-06-06 14:02:08,People also ask,20,0,0,2021-10-15,,
3044,دعاء قل هو الله احد,0,100,30,1,0,,,,2026-05-23 16:39:07,"Image pack,AI Overview,People also ask,Video preview",100,0,30,2015-09-17,,
3045,احسن دعاء للميت بالصور,0,10,0,2,0,150,0.03,,2026-05-18 6:29:41,"Image pack,People also ask",900,10,40,2019-08-07,,
3046,دعاء شكر لله على النجاة من حادث,0,40,10,1,0,,,,2026-06-04 19:33:42,"AI Overview,Thumbnail,People also ask,Image pack,Sitelinks",40,0,10,2021-03-07,,
3047,دعاء البطن,0,30,30,1,0,30,,,2026-06-07 5:03:39,"AI Overview,Thumbnail,Image pack,People also ask",50,500,1100,2020-01-31,,
3048,دعاء لشخص تحبه بالسعادة تويتر,0,0,20,1,0,150,,,2026-05-21 5:24:06,"AI Overview,People also ask",200,500,1000,2020-04-03,,
3049,دعاء الحراره,0,330,120,4,0,,,,2026-05-21 2:31:12,"AI Overview,People also ask,Image pack,Video preview",20,0,30,2020-01-12,,
3050,صباح الخير دعاء 2023,0,10,200,1,0,10,,,2026-05-28 17:36:47,"Image pack,Video preview,Sitelinks",150,0,10,2022-10-02,"178, 148, 123, 67, 34, 15, 5, 7, 16, 23, 51, 24, 10, 13, 11, 20, 5, 19, 11, 21, 6, 12, 15, 0",10
3051,دعاء رد السحر على الساحر,0,20,0,1,0,,0.45,,2026-05-19 7:06:17,"AI Overview,Thumbnail,Video preview,People also ask,Image pack",20,0,0,2016-01-13,,
3052,دعاء الراتب الاسماعيلي,0,0,0,1,0,,,,2026-05-19 14:43:05,"AI Overview,Thumbnail,People also ask,Image pack,Video preview",,0,0,2018-01-30,,
3053,دعاء للميت يوم الجمعة تويتر,0,0,80,1,0,40,,,2026-05-28 16:27:27,"Thumbnail,AI Overview,People also ask,Video preview",100,20,70,2017-02-02,,
3054,قصتي مع دعاء اللهم اني اسالك من فضلك للزواج,0,0,0,1,0,,,,2026-05-17 13:52:24,"AI Overview,Video preview,Image pack,People also ask",,0,0,2019-07-08,,
3055,دعاء لزيادة حليب الام,0,20,0,1,0,,,,2026-05-28 4:48:18,"People also ask,Image pack",20,0,0,2016-02-08,,
3056,دعاء لترك الاغاني,0,0,0,1,0,,,,2026-05-26 18:22:49,"People also ask,Video preview",,0,0,2018-03-19,,
3057,دعاء ليلة الجمعه,0,0,0,1,0,200,0.02,0.63,2026-05-23 10:04:34,"AI Overview,People also ask,Image pack,Video preview",800,600,3200,2015-11-05,"190, 225, 339, 272, 329, 322, 327, 333, 220, 141, 181, 230, 121, 219, 188, 212, 268, 213, 235, 212, 117, 77, 99, 139","72, 128, 155, 170, 213, 200, 220, 199, 129, 70, 76, 142"
3058,دعاء على السحرة,0,0,20,1,0,20,,,2026-05-27 0:53:37,"AI Overview,Thumbnail,People also ask,Image pack,Video preview",70,10,50,2015-09-08,,
3059,دعاء ع شخص,0,0,0,1,5,,,,2026-05-06 19:40:51,"AI Overview,People also ask,Sitelinks,Video preview",,2300,5200,2020-02-08,,
3060,دعاء عالي المضامين,0,250,40,1,0,,,,2026-05-13 18:45:27,"Video preview,People also ask",250,0,40,2015-09-10,,
3061,دعاء بعد الجماعة للحمل,0,10,10,1,2,10,,,2026-05-27 15:05:22,People also ask,30,30,80,2019-06-09,,
3062,دعاء لطرد النمل,0,20,0,1,0,20,1,,2026-05-28 8:11:46,"AI Overview,Thumbnail,People also ask,Image pack,Sitelinks,Video preview",100,350,500,2015-09-02,,
3063,دعاء الم البطن,0,0,80,1,0,50,,,2026-05-12 23:51:59,"AI Overview,People also ask,Image pack,Video preview",100,60,100,2016-04-03,,
3064,دعاء لاختي الغالية,0,10,90,1,0,10,,,2026-05-25 18:17:50,"AI Overview,Thumbnail,Video preview,People also ask,Videos,Image pack",80,50,150,2020-01-31,,
3065,رحمان الدنيا ورحيمهما,0,0,200,1,0,100,,,2026-05-17 13:52:58,"Image pack,People also ask,Video preview,Sitelinks",150,200,200,2020-08-02,,
3066,دعاء لاخواننا في فلسطين,0,20,10,1,0,20,,,2026-05-14 7:48:20,"AI Overview,People also ask,Image pack,Video preview",250,200,700,2015-09-13,,
3067,ادعية لفك السحر,0,500,20,1,0,,0.45,,2026-05-12 10:00:47,"AI Overview,People also ask,Image pack,Video preview",30,70,400,2018-03-02,"1, 9, 1, 9, 7, 12, 2, 3, 1, 10, 0, 1, 0, 7, 5, 5, 0, 1, 0, 0, 1, 5, 0, 1",
3068,دعاء يشترى بماء العين,0,0,0,1,0,,,,2026-06-04 8:20:47,"Image pack,People also ask",,0,0,2015-11-05,,
3069,دعاء المس,0,0,0,1,0,,,,2026-05-10 7:58:01,People also ask,10,100,150,2015-09-27,,
3070,دعاء محبة الناس,0,10,30,1,0,10,,,2026-05-27 3:41:57,"AI Overview,Thumbnail,People also ask,Image pack,Video preview",30,10,20,2016-02-29,,
3071,معوذات التحصين,0,20,50,1,0,250,0.08,,2026-05-19 18:12:48,"Image pack,People also ask",300,900,2700,2020-03-05,"450, 440, 438, 342, 540, 450, 361, 446, 289, 284, 370, 297, 283, 307, 244, 241, 235, 282, 240, 236, 198, 206, 233, 240","231, 238, 228, 211, 227, 243, 237, 222, 183, 191, 219, 226"
3072,افضل دعاء,0,0,2200,1,3,1800,0.01,0.84,2026-05-29 8:38:08,"AI Overview,People also ask,Image pack,Video preview",4500,700,1500,2015-09-01,"2787, 1920, 1912, 1614, 1936, 1953, 1930, 1971, 1632, 5132, 1345, 1896, 2165, 1592, 1595, 1334, 1559, 1307, 1598, 1744, 1566, 3373, 1336, 1479","2039, 1513, 1563, 1506, 1564, 1422, 1734, 1848, 1749, 2513, 2110, 1909"
3073,اللهم اجرني في مصيبتي,0,10,350,1,0,700,0.15,0.54,2026-06-05 8:11:39,"AI Overview,People also ask,Image pack,Video preview",1800,150,350,2015-09-04,"844, 816, 803, 725, 789, 659, 792, 812, 643, 657, 635, 827, 656, 628, 519, 656, 797, 761, 664, 683, 617, 684, 635, 733","703, 685, 669, 743, 727, 681, 700, 683, 617, 684, 635, 733"
3074,هل التنميل من علامات خروج المس,0,0,30,1,0,70,,,2026-06-04 2:57:16,"AI Overview,Thumbnail,People also ask",350,10,30,2021-03-27,,
3075,دعاء الشفاء من العين والحسد والسحر,0,10,10,1,0,10,,,2026-05-13 1:28:52,"AI Overview,Thumbnail,Video preview,Image pack,People also ask",40,10,10,2016-12-14,,
3076,الدعاء الابراهيمي,0,20,0,1,0,,,,2026-05-18 3:23:11,"AI Overview,People also ask,Image pack,Video preview",10,0,0,2019-07-19,,
3077,حسبنا الله سيؤتينا,0,0,400,1,0,300,0.04,0.66,2026-06-07 12:13:51,"AI Overview,Image pack,People also ask,Video preview",1200,0,60,2015-09-01,"233, 193, 407, 892, 381, 347, 377, 471, 315, 556, 300, 319, 290, 233, 287, 288, 234, 291, 176, 312, 312, 345, 284, 267","780, 301, 332, 391, 366, 413, 323, 303, 303, 336, 275"
3078,دعا اسم ممدود,0,0,0,1,,,,,,,,,,2021-09-11,,
3079,انقطع دعاء الكفار ورجاؤهم عندما ادخلوا النار,0,0,0,1,0,,,,2026-05-28 10:03:36,Sitelinks,,0,0,2020-11-25,,
3080,لا تكلني الى نفسي طرفة عين,0,0,20,1,0,100,,,2026-05-17 1:27:17,"Image pack,People also ask",200,150,200,2015-09-26,,
3081,دعاء ساعة الاستجابة يوم الجمعة تويتر,0,0,0,1,0,100,,,2026-05-24 8:10:47,"AI Overview,Thumbnail,People also ask",150,90,100,2016-01-15,,
3082,ابني حبيبي دعاء لابني الغالي,0,0,20,1,0,,,,2026-05-13 11:48:11,"Thumbnail,People also ask,Image pack,Video preview",,0,20,2021-03-15,,
3083,صور للميت,0,0,0,1,0,20,,,2026-05-16 21:20:21,"Image pack,People also ask,Video preview,Sitelinks",90,70,100,2015-11-02,,
3084,اللهم اني عبدك,0,0,0,1,0,3100,0.07,0.67,2026-05-29 6:07:03,"Image pack,People also ask,Video preview",5300,900,1500,2015-09-11,"3692, 3514, 3212, 3321, 2996, 3023, 2932, 2868, 3410, 3610, 3186, 3504, 3349, 3214, 2960, 3082, 2798, 2840, 2770, 2722, 3251, 3457, 3062, 3379","3240, 3119, 2880, 3006, 2735, 2782, 2718, 2676, 3201, 3408, 3023, 3340"
3085,الدعاء عند الاستيقاظ من النوم,0,0,100,1,1,,,,2026-05-25 14:03:55,"AI Overview,Thumbnail,People also ask,Image pack",10,150,250,2015-12-08,,
3086,اللهم اهدني فيمن هديت,0,10,80,1,0,400,0.1,0.92,2026-05-29 9:38:25,"Image pack,AI Overview,People also ask,Video preview",600,350,900,2015-09-04,"100, 71, 82, 87, 94, 392, 88, 87, 112, 2272, 62, 62, 86, 76, 75, 75, 430, 76, 86, 33, 1267, 1973, 429, 216","160, 91, 127, 28, 172, 72, 155, 72, 60, 627, 480, 140"
3087,دعاء لامي المتوفية قصير,0,70,2400,2,0,300,0.02,,2026-05-27 23:59:59,"AI Overview,People also ask,Image pack,Video preview",1400,2500,2900,2020-03-20,"760, 880, 755, 626, 517, 420, 505, 627, 513, 616, 342, 328, 319, 286, 261, 278, 285, 278, 339, 317, 290, 378, 264, 274","251, 319, 279, 262, 257, 274, 302, 284, 260, 347, 235, 245"
3088,دعاء باسم الله الأعظم للرزق,0,30,0,1,4,,,,2026-05-27 4:32:15,"AI Overview,Video preview,Thumbnail,People also ask,Image pack,Sitelinks",30,0,0,2022-12-09,,
3089,دعاء للابناء في يوم عرفه,0,0,100,2,0,40,,,2026-05-22 6:00:08,"AI Overview,People also ask,Video preview,Image pack",60,70,80,2020-07-29,,
3090,اللهم إني أعوذ بك من الهم والحزن,0,50,100,1,0,100,,1.02,2026-05-15 1:05:25,"Image pack,People also ask,Video preview,Thumbnail",800,600,2500,2015-09-05,,
3091,اللهم الف بين قلوبنا,0,10,80,1,0,700,0.1,0.46,2026-05-20 3:14:13,"Image pack,People also ask,Thumbnail,Video preview",1300,20,20,2015-09-08,"831, 666, 795, 666, 838, 958, 574, 577, 479, 868, 475, 504, 944, 530, 667, 591, 829, 580, 716, 620, 571, 711, 740, 650","732, 711, 718, 654, 708, 693, 657, 620, 571, 711, 740, 649"
3092,دعاء تحصين النفس من العين,0,200,70,1,1,800,0.02,,2026-05-27 19:38:15,"Image pack,People also ask,Video preview",3600,3100,17000,2016-06-02,"1289, 1273, 1259, 1247, 1268, 1556, 1239, 1235, 826, 832, 830, 1038, 828, 1042, 1041, 861, 854, 666, 682, 735, 656, 700, 651, 816","928, 887, 815, 780, 744, 722, 684, 735, 656, 700, 651, 816"
3093,دعاء ليلة الاسراء والمعراج,0,150,1300,1,0,150,,0.94,2026-05-15 18:59:42,"AI Overview,Video preview,Thumbnail,Image pack,People also ask",4800,0,10,2016-05-03,,
3094,دعاء لرجوع شخص زعلان,0,0,0,1,0,,0.5,,2026-06-04 11:18:09,"Image pack,People also ask,Video preview",,0,0,2021-09-11,,
3095,دعاء استوداع ابني,0,10,10,1,0,30,,,2026-05-27 22:49:49,"AI Overview,Thumbnail,Image pack,People also ask",150,90,300,2020-02-17,,
3096,اللهم اعني على ذكرك,0,10,150,1,0,100,0.05,1.23,2026-05-21 22:35:31,"AI Overview,Thumbnail,People also ask,Image pack",250,100,200,2015-09-03,"170, 93, 93, 117, 119, 111, 111, 128, 116, 236, 90, 90, 111, 91, 111, 90, 91, 75, 76, 79, 78, 148, 117, 106","85, 80, 71, 78, 72, 74, 75, 70, 69, 139, 109, 98"
3097,موت الجنين كلام حزين عن فقدان الجنين,0,10,10,1,0,10,,,2026-05-12 17:07:41,"People also ask,Sitelinks,Image pack",50,0,10,2020-05-08,,
3098,دعاء الحادث,0,0,0,1,0,10,,,2026-05-23 20:20:29,"AI Overview,Thumbnail,People also ask,Image pack,Video preview",30,20,80,2016-04-23,,
3099,ترك التدخين,0,10,10,1,0,200,,1.12,2026-06-02 14:35:45,"AI Overview,Thumbnail,Image pack,People also ask,Video preview",900,1500,6400,2015-09-03,"430, 479, 486, 481, 427, 401, 369, 318, 279, 284, 372, 286, 228, 218, 232, 205, 223, 152, 164, 188, 182, 102, 126, 131",
3100,اللهم ارني عجائب قدرتك,0,10,10,1,0,70,,,2026-05-26 11:41:48,"Image pack,People also ask,Sitelinks,Videos,Video preview",200,10,10,2015-12-26,"589, 269, 379, 445, 299, 309, 241, 559, 309, 234, 25, 159, 39, 28, 56, 17, 3, 8, 98, 11, 141, 215, 117, 30",
3101,دعاء قبل الفطور,0,0,0,1,0,1200,0.04,,2026-06-05 3:12:37,"AI Overview,People also ask,Image pack,Video preview",3900,12000,26000,2016-06-07,"101, 55, 7, 9, 15, 22, 35, 95, 788, 15975, 67, 46, 74, 46, 13, 13, 16, 26, 531, 59, 538, 11900, 849, 6","231, 5, 20, 6, 8, 37, 24, 99, 544, 9711, 3007, 522"
3102,دعاء له سر عظيم,0,10,0,1,0,,,,2026-05-13 15:42:03,"AI Overview,Video preview,Thumbnail,People also ask,Image pack",10,0,0,2016-06-13,,
3103,دعاء ربي اشرح لي صدري,0,10,0,1,0,,,,2026-05-20 1:02:26,"AI Overview,Thumbnail,Image pack,People also ask,Videos,Video preview",20,250,600,2015-11-02,,
3104,دعاء ليلة القدر محمد جبريل,0,200,150,1,0,,,,2026-05-14 21:33:58,"Thumbnail,People also ask,Image pack",200,0,150,2015-12-25,,
3105,فوائد الاحتلام,0,10,30,1,0,350,0.01,1.26,2026-05-15 5:47:14,"AI Overview,Thumbnail,People also ask",1400,1200,4800,2015-09-25,"631, 715, 723, 638, 635, 632, 632, 621, 516, 940, 431, 426, 347, 353, 286, 346, 349, 421, 283, 361, 337, 417, 457, 440","399, 397, 362, 321, 360, 349, 331, 360, 336, 416, 456, 439"
3106,المسامحه,0,10,20,1,0,80,,0.54,2026-05-21 9:30:26,"AI Overview,People also ask,Image pack",200,700,1200,2015-09-15,"69, 69, 78, 100, 105, 126, 101, 68, 84, 80, 68, 71, 63, 54, 55, 82, 64, 147, 53, 75, 78, 96, 92, 90","87, 86, 83, 81, 82, 83, 75, 76, 79, 97, 93, 90"
3107,دعاء يقرأ مرة واحدة في العمر,0,0,0,1,0,,,,2026-05-07 10:57:47,"AI Overview,Thumbnail,People also ask,Video preview",,0,0,2017-02-23,,
3108,دعاء للزواج بسرعة البرق سهام الليل لاتخيب,0,10,0,1,0,,,,2026-05-24 7:36:59,"Videos,People also ask,Image pack",10,0,0,2021-06-11,,
3109,اللهم يا ولي نعمتي,0,0,0,1,0,400,0.1,,2026-05-03 20:09:18,"People also ask,Sitelinks,Video preview,Thumbnail",600,600,600,2016-02-02,"514, 683, 974, 708, 678, 613, 477, 431, 435, 455, 507, 589, 611, 476, 562, 409, 346, 275, 338, 313, 314, 334, 358, 415","493, 426, 462, 368, 363, 338, 316, 312, 314, 334, 358, 415"
3110,دعاء ختم القران مكتوب كامل بخط كبير,0,10,2600,1,3,17000,,,2026-05-27 0:27:03,"People also ask,Image pack,Video preview,Sitelinks",29000,55000,96000,2020-03-27,"11071, 4287, 10432, 4424, 9954, 4461, 7491, 4677, 4588, 28927, 55737, 9034, 15454, 8777, 15032, 9136, 14781, 9406, 12557, 9867, 9905, 34373, 61316, 14750","21309, 14776, 21176, 15431, 21230, 16013, 19324, 16799, 17007, 41649, 68770"
3111,اللهم اني اتبرا من حولي وقوتي,0,0,1200,2,0,1800,,,2026-05-20 6:39:21,"People also ask,Video preview,Image pack",1900,450,500,2020-09-17,"54, 228, 13, 78, 168, 1, 0, 237, 22, 68, 302, 3443, 276, 662, 214, 68, 1827, 4224, 2146, 4352, 1335, 1624, 457, 1097",
3112,تحصين الرسول للحسن والحسين,0,0,10,1,0,50,,,2026-05-24 3:28:09,"AI Overview,Image pack,People also ask,Videos",60,0,10,2015-12-11,,
3113,تجربتي مع دعاء اللهم ألف بين قلوبنا,0,10,0,1,0,,,,2026-05-29 22:11:39,"AI Overview,Thumbnail,People also ask,Image pack,Video preview",10,0,0,2018-12-28,,
3114,دعاء ابنتي,0,10,0,1,0,,,,2026-05-09 22:49:33,"AI Overview,Image pack,People also ask",10,20,30,2020-01-10,,
3115,دعاء عضيم,0,10,0,1,0,,,,2023-06-22 5:40:06,"Featured snippet,Thumbnail,Image pack,Videos,People also ask",10,800,,2020-01-25,,
3116,دعاء يغفر الذنوب كلها,0,10,150,1,0,700,3.5,,2026-05-27 3:58:55,"People also ask,Image pack,Video preview",2300,1700,3700,2015-09-10,"441, 968, 1213, 1003, 1016, 1101, 1051, 1018, 871, 1048, 1149, 996, 1072, 863, 845, 646, 646, 486, 691, 697, 579, 650, 635, 615","637, 694, 625, 542, 545, 498, 468, 478, 415, 453, 473, 434"
3117,دعاء مصيبة,0,0,0,1,0,10,,,2026-05-08 4:40:04,"AI Overview,People also ask,Sitelinks",10,150,300,2018-05-31,,
3118,دعاء الحفظ من العقارب والثعابين,0,40,0,1,0,,,,2026-06-04 21:06:11,"AI Overview,People also ask,Image pack,Sitelinks",40,0,0,2020-06-14,,
3119,الحمد الله ع كل حال,0,20,700,1,0,10,,,2026-05-28 8:31:02,"Image pack,People also ask,Video preview",20,0,40,2020-01-13,,
3120,بوست دعاء للمريض بالشفاء,0,0,0,1,0,40,0.02,,2026-06-03 8:19:05,"Image pack,People also ask",900,400,3300,2019-03-19,,
3121,دعاء للميت الطيب,0,0,0,1,0,,,,2026-05-30 1:59:37,"AI Overview,Thumbnail,People also ask,Videos,Image pack",,0,0,2020-07-29,,
3122,دعاء يوم عاشوراء للمريض,0,0,0,1,0,,,,2026-06-08 22:11:56,People also ask,,0,0,2021-08-18,,
3123,دعاء التيسير,0,10,1800,1,0,2100,0.05,0.44,2026-06-08 1:40:51,"AI Overview,People also ask,Image pack,Video preview",12000,200,250,2015-09-20,"2202, 1824, 2251, 1820, 2208, 2209, 2299, 1867, 1832, 2214, 2266, 2704, 1741, 1829, 2238, 2211, 2216, 1814, 2235, 2117, 2076, 2214, 2130, 2242","2194, 2092, 2308, 2176, 2255, 2235, 2290, 2237, 2196, 2334, 2250, 2362"
3124,دعاء استودعتك اولادي,0,10,20,1,0,,,,2026-06-06 10:59:04,"AI Overview,Thumbnail,Image pack,People also ask,Video preview",10,0,20,2019-01-19,,
3125,دعاء ذبح العقيقة,0,10,0,1,0,10,,,2026-06-01 21:59:19,"AI Overview,Thumbnail,People also ask,Image pack",500,150,2100,2016-06-17,"97, 62, 72, 63, 81, 62, 4, 0, 0, 0, 1, 3, 6, 3, 9, 1, 2, 8, 11, 11, 5, 26, 36, 0",22
3126,اللهم اني وكلتك امري,0,0,30,1,0,500,0.1,0.44,2026-05-19 18:23:30,"Image pack,People also ask,Video preview",800,80,100,2015-09-11,"679, 681, 821, 657, 647, 616, 686, 588, 559, 595, 573, 661, 396, 503, 549, 525, 504, 399, 557, 506, 487, 479, 471, 495","474, 458, 507, 457, 533, 491, 513, 505, 486, 478, 470, 494"
3127,دعاء لسد الشهية,0,30,0,1,0,,,,2026-05-23 0:22:29,"Image pack,People also ask,Video preview,Sitelinks",30,0,0,2021-04-17,,
3128,دعاء لدفع البلاء والشر,0,30,10,1,0,,,,2026-05-06 10:06:30,"Featured snippet,People also ask,Video preview",30,0,10,2016-05-09,,
3129,دعاء تكفير الذنوب,0,30,30,1,0,700,1.9,,2026-05-21 11:08:19,"AI Overview,People also ask,Image pack,Video preview",1100,1700,3700,2015-10-31,"1092, 920, 914, 895, 894, 899, 872, 1055, 646, 837, 674, 891, 659, 817, 669, 691, 643, 626, 663, 664, 547, 648, 623, 664","617, 670, 617, 590, 644, 603, 646, 673, 640, 696, 664, 707"
3130,دعاء بندر بليلة,0,0,0,1,0,,,,2026-05-22 0:25:29,"Image pack,People also ask,Video preview",,0,0,2016-06-06,,
3131,اللهم احفظ لي عائلتي,0,0,0,1,0,,,,2026-05-29 5:29:34,"Image pack,People also ask,Video preview",30,0,20,2015-09-04,,
3132,الف الصلاة على النبي مكتوبه,0,0,20,2,0,100,,,2026-05-14 16:43:33,"Thumbnail,Video preview,Sitelinks",100,70,70,2015-12-29,,
3133,لقضاء الحوائج المستحيلة,0,10,1300,1,0,60,,,2026-05-12 16:19:52,"AI Overview,People also ask,Image pack,Video preview",600,70,1800,2015-09-02,,
3134,دعاء تحقيق المعجزات,0,10,0,1,0,150,,,2026-06-08 11:05:50,"AI Overview,Thumbnail,People also ask,Image pack,Video preview",1000,200,1000,2015-09-24,,
3135,دعاء تكفير ذنب العادة,0,10,60,1,0,,,,2026-05-23 15:24:02,"AI Overview,People also ask,Video preview",10,300,3800,2021-08-10,,
3136,أدعية مستجابة لقضاء الحاجة,0,90,900,1,0,40,0.02,,2026-05-17 7:56:11,"AI Overview,Thumbnail,People also ask,Image pack",100,100,1600,2020-03-27,"381, 329, 503, 375, 305, 315, 140, 153, 61, 363, 55, 62, 20, 48, 17, 6, 42, 68, 72, 73, 1, 46, 13, 5",
3137,دعاء لجعل شخص يشتاق لك,0,20,0,1,0,,,,2026-05-27 17:47:18,"AI Overview,Thumbnail,People also ask,Video preview,Image pack",20,0,0,2020-11-23,,
3138,دعاء جبر العظام,0,0,0,1,0,,,,2026-05-09 22:34:53,"AI Overview,Thumbnail,Video preview,Image pack,People also ask,Sitelinks",,0,0,2020-01-10,,
3139,حسبنا الله ونعم الوكيل,0,10,3400,1,1,4300,0.02,0.37,2026-06-07 23:02:14,"People also ask,Image pack,Videos,Video preview",35000,450,4100,2015-09-01,"4209, 4473, 4064, 4039, 4347, 4105, 4419, 3822, 4493, 4528, 4480, 4456, 4181, 4445, 4036, 4010, 4318, 4077, 4391, 3794, 4464, 4499, 4451, 4428","4153, 4417, 4008, 3982, 4290, 4049, 4363, 3766, 4436, 4471, 4423, 4400"
3140,دعاء سورة البقرة للزواج,0,50,60,3,1,,,,2026-05-10 8:38:50,"AI Overview,Thumbnail,People also ask,Sitelinks,Image pack",30,0,20,2018-06-18,,
3141,دعاء لرجوع شخص تحبه,0,40,60,2,0,,0.01,,2026-06-07 1:23:12,"AI Overview,Thumbnail,Video preview,People also ask,Image pack",10,0,40,2021-02-23,,
3142,دعاء استوداع,0,0,0,1,0,,,,2026-05-10 16:29:39,"AI Overview,Image pack,People also ask",30,100,150,2015-11-15,,
3143,قهر النساء,0,0,10,1,0,20,,,2026-05-26 3:42:55,"AI Overview,Thumbnail,Video preview,People also ask",150,0,10,2015-09-29,,
3144,دعاء يجعل زوجي يحبني ويسمع كلامي,0,20,20,1,0,80,0.1,,2026-05-24 10:37:44,"People also ask,Videos,Sitelinks,Video preview",450,0,20,2021-02-26,"223, 150, 111, 180, 138, 38, 31, 54, 6, 35, 52, 53, 58, 19, 17, 34, 65, 65, 147, 138, 73, 230, 71, 3",102
3145,دعاء التفكير الزائد,0,30,300,1,0,200,,,2026-05-16 3:51:07,"AI Overview,Thumbnail,People also ask,Image pack,Video preview",700,350,400,2018-06-08,"286, 297, 356, 248, 296, 239, 249, 188, 204, 221, 192, 196, 194, 198, 183, 192, 193, 161, 156, 161, 151, 169, 166, 164","165, 165, 182, 175, 154, 157, 157, 156, 145, 164, 160"
3146,اعظم دعاء مستجاب,0,0,40,1,1,60,0.07,,2026-05-06 0:01:54,"Featured snippet,People also ask,Video preview",100,30,60,2016-02-20,,
3147,اللهم غارت النجوم وهدأت العيون,0,10,0,1,0,10,,,2026-05-25 21:08:56,"Image pack,People also ask,Videos,Video preview",30,40,40,2015-09-09,,
3148,دعاء الحب الحلال,0,20,0,1,0,,,,2026-06-07 13:30:58,"AI Overview,Thumbnail,Image pack,People also ask,Video preview",20,0,0,2015-12-02,,
3149,اللهم إني أبرأ من حولي وقوتي ابن باز,0,0,70,2,0,100,,,2026-05-17 12:42:50,"AI Overview,Video preview,People also ask,Image pack",150,0,0,2021-08-09,,
3150,دعاء سورة البقرة لرد الزوج,0,10,0,1,8,,,,2026-06-07 13:58:44,"AI Overview,Thumbnail,People also ask,Sitelinks,Video preview",10,0,0,2022-06-15,,
3151,دعاء لي امي بالشفاء,0,60,0,1,0,40,,,2026-06-02 18:43:39,"AI Overview,Thumbnail,People also ask,Image pack,Videos",100,250,250,2016-01-06,"113, 158, 159, 135, 143, 156, 76, 64, 19, 68, 39, 59, 17, 56, 50, 49, 79, 34, 45, 12, 27, 31, 20, 6",20
3152,من حيث لا احتسب,0,0,0,1,0,,,,2026-05-08 22:59:48,"AI Overview,People also ask,Image pack,Video preview",,10,20,2016-07-04,"56, 31, 47, 1, 1, 0, 5, 0, 5, 0, 0, 0, 0, 0, 2, 0, 0, 0, 0, 0, 9, 0, 0, 2",
3153,دعاء قضاء الحاجة الذي لا يرد,0,350,250,1,0,350,0.04,,2026-05-27 1:27:08,"AI Overview,People also ask,Video preview,Image pack",2200,5400,52000,2015-10-14,"368, 363, 314, 255, 311, 194, 173, 172, 227, 284, 122, 357, 349, 429, 413, 334, 332, 294, 366, 359, 352, 409, 400, 383","295, 288, 274, 252, 261, 280, 255, 266, 265, 321, 316"
3154,ربي اني لما انزلت,0,0,900,1,1,1500,0.1,,2026-06-03 10:08:09,"AI Overview,Thumbnail,People also ask,Image pack,Videos,Video preview",4500,1200,1300,2015-09-06,"1202, 1242, 951, 1440, 1844, 1231, 1194, 771, 951, 1483, 768, 622, 965, 1171, 1412, 1193, 1821, 1399, 1695, 1533, 1556, 1830, 1690, 1583","1594, 1644, 1592, 1607, 1666, 1563, 1568, 1525, 1548, 1822, 1682, 1575, 1586"
3155,دعاء من استيقظ ليلا,0,0,40,1,0,10,,,2026-05-23 7:41:05,"AI Overview,Thumbnail,Image pack,People also ask,Video preview",20,10,40,2015-09-23,,
3156,فضل دعاء اللهم رده لي ردا جميلا,0,0,0,1,0,,,,2026-06-05 1:37:58,"AI Overview,Thumbnail,Image pack,People also ask",,0,0,2020-01-10,,
3157,دعاء لأختي,0,10,500,2,0,70,,,2026-05-19 8:17:10,"AI Overview,Thumbnail,People also ask,Image pack,Video preview",300,150,150,2015-09-13,,
3158,آيات حرق الجن,0,0,0,1,0,,,,2026-05-19 2:59:45,"Videos,People also ask",40,100,250,2015-09-17,,
3159,اللهم اجعلني مباركا اينما كنت,0,0,0,1,0,70,0.1,,2026-06-03 23:09:17,"AI Overview,Thumbnail,People also ask,Image pack,Video preview",90,30,30,2015-10-24,"53, 94, 54, 34, 32, 40, 34, 78, 44, 33, 26, 55, 43, 61, 90, 91, 94, 65, 58, 56, 51, 55, 71, 52","53, 57, 67, 59, 63, 65, 57, 56, 50, 55, 70, 52, 53"
3160,دعاء صلاة الضحى pdf,0,10,0,1,0,,,,2026-05-14 7:57:51,"Image pack,People also ask",10,0,0,2021-12-28,,
3161,دعاء شي ضايع,0,10,0,1,0,10,,,2026-05-06 23:05:45,"Featured snippet,People also ask,Video preview",10,0,10,2016-11-27,,
3162,مواضع الدعاء في الصلاة,0,20,60,1,0,90,,,2026-05-08 13:11:11,"AI Overview,People also ask,Video preview,Image pack",150,20,30,2015-09-21,,
3163,حكم دعاء غير الله تعالى من الأولياء والصالحين,0,0,0,1,0,,,,2026-05-18 22:34:42,"AI Overview,Thumbnail,People also ask,Videos",,0,0,2021-09-30,,
3164,دعاء مجرب لنطق الأطفال,0,20,0,1,0,,,,2026-06-03 4:49:24,"AI Overview,Thumbnail,Image pack,People also ask,Video preview",20,0,0,2022-03-11,,
3165,دعاء يوم الجمعة مفاتيح الجنان,0,0,0,1,0,200,,,2026-05-19 13:55:54,"AI Overview,Image pack,People also ask,Video preview",1900,350,1300,2016-02-19,,
3166,دعاء أنس بن مالك ضد الاعداء ابن باز,0,0,10,1,0,40,,,2026-05-07 4:34:40,"AI Overview,Thumbnail,People also ask",100,1900,3000,2022-08-12,,
3167,أسعد الله أوقاتكم مع دعاء,0,10,0,1,0,,,,2026-05-13 12:54:29,"AI Overview,Image pack,People also ask",10,0,0,2021-09-25,,
3168,ادعية عرفة,0,0,10,1,0,200,,,2026-05-08 15:07:06,"AI Overview,Thumbnail,People also ask,Video preview",600,18000,30000,2016-09-09,,
3169,تجربتي مع دعاء اللهم سخر لي الأرض ومن عليها,0,0,0,1,0,,,,2026-05-29 9:35:57,"AI Overview,Thumbnail,Image pack,People also ask,Videos,Video preview",10,200,200,2021-06-15,,
3170,دعاء الاستغاثة بالمطر,0,0,0,1,0,,,,2026-05-28 16:25:35,"AI Overview,Thumbnail,People also ask,Sitelinks,Videos,Image pack",,0,0,2019-04-15,,
3171,دعاء للقدس,0,0,0,1,0,10,,,2026-05-24 6:00:24,"AI Overview,Thumbnail,People also ask,Image pack,Videos,Video preview",40,70,3800,2015-10-07,,
3172,فضل دعاء الوالدين للابناء,0,10,0,1,0,,,,2026-05-25 20:52:05,"AI Overview,Thumbnail,Video preview,People also ask,Sitelinks,Image pack",10,0,0,2016-08-17,,
3173,دعاء صالح السدلان,0,0,0,1,0,,,,2026-06-09 7:29:42,"Video preview,People also ask",,0,0,2016-09-08,,
3174,دعاء ايوب,0,20,90,1,0,350,0.05,0.34,2026-05-13 23:00:14,"People also ask,Video preview,Image pack",400,20,100,2015-10-06,"462, 347, 359, 354, 347, 285, 270, 334, 335, 732, 334, 336, 382, 465, 309, 307, 379, 306, 251, 305, 299, 395, 384, 396","359, 384, 317, 315, 319, 305, 285, 303, 297, 394, 383, 395"
3175,ماهو الدعاء المستجاب,0,0,1000,1,3,40,,,2026-05-10 1:40:44,"AI Overview,People also ask,Image pack,Video preview",250,80,1200,2015-09-11,,
3176,دعاء الإمام الشافعي في كشف الكرب,0,0,0,1,0,,,,2026-06-03 7:01:37,"AI Overview,Thumbnail,People also ask,Image pack,Video preview",,0,0,2020-03-29,,
3177,اللهم احفظ لي دعاء للاب الحي,0,20,30,1,0,20,,,2026-05-20 13:42:40,"AI Overview,Image pack,People also ask",100,10,30,2020-05-29,,
3178,دعاء خاتمة المجلس,0,40,0,1,,10,,,,,30,,,2016-01-09,,
3179,الدعاء بعد سورة البقرة,0,10,0,1,13,500,0.04,,2026-05-29 7:33:58,"AI Overview,Image pack,People also ask,Video preview",700,2100,4000,2015-10-30,"675, 766, 838, 847, 1034, 860, 836, 712, 661, 344, 498, 589, 492, 620, 572, 539, 550, 541, 557, 532, 509, 439, 422, 472","469, 454, 473, 490, 548, 481, 458, 446, 424, 355, 339, 391"
3180,دعاء لشفاء الاخ,0,20,0,2,,10,,,,,40,,,2020-01-28,,
3181,دعاء للمعلم,0,10,150,1,0,200,0.03,1.67,2026-05-06 14:18:34,"AI Overview,People also ask,Video preview",500,20,30,2015-09-15,"454, 84, 208, 257, 1858, 250, 278, 160, 194, 104, 150, 359, 237, 58, 98, 180, 752, 108, 163, 135, 211, 131, 211, 358","332, 39, 108, 185, 1188, 230, 241, 167, 229, 148, 228"
3182,كيف ارقي نفسي,0,0,800,1,0,600,0.04,1.05,2026-06-06 6:08:14,"AI Overview,Thumbnail,People also ask,Video preview,Image pack",1500,600,800,2015-09-04,"679, 843, 879, 850, 648, 648, 656, 661, 656, 651, 648, 649, 646, 650, 546, 545, 545, 552, 545, 537, 517, 569, 505, 526","497, 557, 579, 542, 540, 534, 555, 538, 518, 571, 506, 527"
3183,دعاء للفراق,0,40,0,1,0,,,,2023-06-17 12:25:55,"Featured snippet,Thumbnail,Image pack,Sitelinks",,20,,2020-02-01,,
3184,douaa,0,40,10,1,0,40,,,2026-05-19 10:35:39,"Videos,People also ask,Image pack,Thumbnail",2700,10,60,2015-12-08,,
3185,دعاء لمن تحب تويتر,0,0,0,1,0,20,,,2026-05-18 23:39:25,"AI Overview,People also ask",40,500,900,2015-12-26,,
3186,ربي اعني ولا تعن علي,0,0,400,1,0,600,0.01,,2026-05-22 7:30:43,"Image pack,Video preview,People also ask",600,350,400,2015-09-28,"782, 759, 717, 770, 741, 624, 709, 698, 498, 717, 557, 556, 557, 553, 553, 551, 668, 550, 664, 666, 545, 579, 528, 463","432, 461, 394, 375, 449, 480, 386, 411, 333, 351, 328"
3187,دعاء الجوشن,0,10,150,1,0,900,,0.81,2026-06-03 6:16:35,"People also ask,Video preview,Knowledge panel,Image pack",2800,1000,2300,2015-09-10,"500, 287, 312, 268, 325, 355, 356, 470, 355, 3648, 3106, 462, 520, 308, 333, 289, 346, 376, 378, 492, 377, 3669, 3128, 483","542, 330, 355, 311, 368, 398, 400, 514, 399, 3692, 3150"
3188,اول رمضان مع حبيبي,0,40,20,1,0,10,,,2026-05-27 21:34:04,"People also ask,Image pack",100,10,10,2016-01-24,"0, 0, 0, 0, 0, 0, 0, 0, 63, 9, 0, 0, 0, 0, 0, 0, 0, 0, 0, 1, 84, 0, 2, 6",
3189,إنا لله وانا إليه راجعون البقاء لله اللهم اغفر لها,0,10,10,1,0,20,,,2026-05-29 17:33:42,"Image pack,People also ask,Videos",40,0,0,2021-02-22,,
3190,تهنئه بحلول شهر رمضان,0,10,150,1,0,350,,,2026-05-17 8:14:07,"Image pack,People also ask,Video preview",1600,1100,1300,2016-06-07,"0, 1, 0, 0, 0, 0, 0, 21, 879, 183, 2, 7, 2, 2, 5, 3, 2, 3, 10, 40, 2952, 55, 5, 968",
3191,دعاء سيدنا الخضر,0,70,50,1,0,100,0.03,,2026-05-15 1:56:47,"AI Overview,Image pack,People also ask,Video preview",1600,40,250,2016-03-27,,
3192,دعاء الشعراوي لفك السحر,0,0,10,1,0,,0.5,,2026-05-06 6:02:47,"AI Overview,Thumbnail,Video preview,People also ask",500,0,20,2016-01-03,,
3193,الصلاه الابراهميه,0,0,10,1,1,150,0.02,,2026-05-14 20:53:04,"AI Overview,Thumbnail,People also ask,Video preview",250,13000,18000,2017-08-31,,
3194,اللهم انك سلطت علينا عدوا,0,0,0,1,0,10,,,2026-06-01 7:27:23,"Image pack,People also ask,Sitelinks,Video preview",50,20,30,2015-10-29,,
3195,دعاء الخوف من المدرسة,0,0,0,1,0,,,,2026-05-23 19:12:33,"People also ask,Videos,Image pack,Sitelinks,Video preview",,0,0,2021-04-14,,
3196,دعاء قبل المغرب مستجاب للزواج,0,10,0,1,0,,,,2026-05-18 10:46:41,"People also ask,Image pack",10,0,0,2022-04-11,,
3197,دعاء لابن اختي,0,10,0,1,0,,,,2026-06-07 3:09:41,"AI Overview,People also ask,Image pack",10,0,0,2016-01-07,,
3198,دعاء بندر بليلة مكتوب,0,0,0,2,0,,,,2026-05-25 12:53:43,"AI Overview,Image pack,Video preview,People also ask",,0,0,2020-04-23,,
3199,دعاء للزواج بمن تحب,0,10,70,1,0,50,0.06,,2026-05-13 13:25:37,"AI Overview,Thumbnail,People also ask,Image pack",1500,900,4700,2015-09-04,,
3200,دعاء الحفظ الشيعة,0,0,40,1,0,100,,,2026-05-22 16:14:25,"Image pack,People also ask",150,250,450,2017-02-25,,
3201,دعاء التيسير والفرج,0,0,1500,1,0,200,0.07,,2026-06-04 8:27:37,"AI Overview,Thumbnail,People also ask,Image pack,Video preview",500,400,1600,2016-01-06,"166, 170, 214, 140, 136, 174, 271, 261, 218, 263, 214, 319, 213, 263, 397, 321, 134, 102, 196, 184, 151, 170, 178, 175","142, 141, 169, 153, 121, 124, 130, 135, 108, 125, 136, 133"
3202,دعاء للفرح,0,30,0,1,0,,,,2023-06-16 7:10:10,"Featured snippet,Thumbnail,People also ask",30,200,,2015-10-09,,
3203,ان الله هو الرزاق ذو القوة المتين,0,0,40,2,0,150,,0.76,2026-05-10 5:55:57,"AI Overview,Thumbnail,Image pack,People also ask",800,50,100,2015-09-03,"108, 133, 134, 130, 144, 130, 166, 157, 125, 248, 126, 105, 149, 144, 137, 164, 140, 169, 274, 173, 168, 169, 167, 152","157, 152, 134, 140, 148, 142, 189, 180, 174, 175, 173, 159"
3204,دعاء على من قطع رزقي,0,10,0,1,0,,,,2026-06-02 13:29:53,"AI Overview,Thumbnail,People also ask,Video preview,Image pack",10,0,0,2016-04-29,,
3205,أخت زوجي الله يسعدك,0,0,0,1,0,,,,2026-06-08 18:03:25,"People also ask,Image pack,Video preview",10,20,20,2022-05-14,"3, 15, 5, 4, 5, 4, 4, 0, 7, 10, 1, 1, 3, 1, 2, 0, 0, 2, 0, 0, 1, 1, 0, 1",
3206,سورة يس pdf,0,90,50,1,1,350,0.03,0.65,2026-04-29 2:21:47,,5400,350,3300,2015-09-03,"256, 206, 215, 389, 431, 408, 438, 380, 345, 286, 277, 354, 299, 419, 420, 408, 358, 409, 376, 352, 336, 309, 285, 295","300, 320, 323, 328, 365, 359, 383, 352, 336, 309, 285, 295"
3207,دعاء صلاة التراويح من الحرم المكي,0,0,0,1,0,,,,2026-05-15 15:36:45,"Video preview,People also ask,Image pack",,0,0,2020-04-27,"1, 4, 2, 0, 0, 4, 8, 4, 23, 79, 1, 0, 0, 0, 0, 0, 0, 0, 0, 0, 24, 11, 0, 0",5
3208,دعاء الخيل لصاحبها ابن باز,0,0,0,1,0,,,,2026-05-28 18:31:10,"AI Overview,Thumbnail,People also ask,Image pack,Video preview",,0,0,2021-05-27,,
3209,دعاء لاختي بالشفاء,0,90,90,9,0,10,,,2026-05-18 6:05:21,"AI Overview,Thumbnail,Image pack,People also ask,Video preview",100,0,0,2015-12-12,,
3210,دعاء للمرضى والاموات,0,0,60,2,1,20,,,2026-05-26 12:04:12,"AI Overview,Thumbnail,People also ask,Image pack",20,0,0,2016-11-04,,
3211,جمعة مباركة 2023 دعاء,0,30,300,1,0,,,,2026-05-23 6:03:05,"Image pack,Videos,People also ask",20,3700,21000,2023-01-05,,
3212,ادعيه لبنتي,0,10,0,1,0,,,,2026-06-06 3:20:19,"AI Overview,Thumbnail,People also ask,Image pack",10,20,100,2019-12-02,,
3213,دعاء باسم الله الفتاح,0,10,0,1,0,,,,2026-06-08 1:24:31,"AI Overview,Thumbnail,People also ask,Image pack,Video preview",10,0,0,2020-01-10,,
3214,دعاء الاحتجاب مكتوب,0,0,0,1,0,1000,,0.93,2026-05-21 11:10:13,"Image pack,Video preview",1300,500,700,2015-09-06,"673, 947, 790, 984, 693, 1097, 769, 710, 844, 844, 748, 962, 1004, 1352, 811, 1197, 1218, 1062, 988, 672, 971, 826, 924, 1011","863, 1109, 1148, 1022, 1249, 1009, 1207, 1025, 987, 1046, 910, 1012"
3215,دعاء الحمل ببنت,0,20,0,1,0,10,,,2026-05-23 10:26:54,"AI Overview,People also ask,Image pack,Video preview",20,0,10,2018-08-16,,
3216,اذكار التحصين من الجن,0,0,20,1,0,30,,,2026-05-21 19:31:09,"Featured snippet,People also ask,Image pack,Video preview",80,10,20,2015-11-17,,
3217,دعاء لفك تعطيل الرزق من السحر والحسد,0,10,10,1,0,,,,2026-05-10 15:03:42,"AI Overview,Thumbnail,People also ask,Image pack,Video preview",10,0,10,2022-07-08,,
3218,تخفيف الم الضرس,0,10,150,1,18,700,0.05,1.01,2026-05-23 6:57:35,"AI Overview,People also ask,Image pack,Video preview",1700,2400,8600,2015-09-16,"1300, 1525, 1313, 1300, 1304, 1314, 1303, 1298, 1079, 1076, 1059, 835, 816, 730, 722, 591, 595, 586, 603, 607, 587, 588, 608, 606","697, 689, 639, 609, 591, 601, 602, 607, 586, 588, 608, 606"
3219,ادعيه اسلاميه,0,0,100,1,2,80,,0.33,2026-05-23 1:33:21,"Image pack,People also ask",800,10,100,2015-09-05,,
3220,دعاء اخر جمعه من شعبان,0,10,200,1,0,350,,,2026-05-26 2:29:07,"People also ask,Image pack,Video preview",800,60,100,2020-04-16,"4, 4, 10, 5, 5, 4, 4, 663, 5058, 181, 20, 17, 10, 11, 6, 5, 6, 6, 7, 391, 877, 1506, 1057, 330","321, 319, 309, 347, 341, 329, 349, 445, 931, 1560, 1111, 384"
3221,دعاء لفلسطين طويل,0,60,60,1,0,,,,2026-05-11 3:38:18,"AI Overview,Thumbnail,People also ask,Image pack,Video preview",60,0,60,2023-10-10,"61, 1, 2, 7, 11, 1, 0, 0, 0, 12, 6, 2, 6, 1, 1, 1, 8, 1, 3, 1, 1, 1, 6, 0",3
3222,دعاء شكر لله على النجاة من مصيبة,0,10,0,1,0,,,,2026-05-11 14:15:57,"AI Overview,Thumbnail,People also ask,Image pack,Sitelinks",10,0,0,2021-08-22,,
3223,دعاء سيدنا جبريل لحرق الجن,0,20,10,2,0,,,,2026-05-26 12:15:08,"AI Overview,Videos,People also ask,Image pack,Video preview",20,0,10,2016-03-10,,
3224,اللهم زدنا ولا تنقصنا,0,10,80,1,0,350,0.15,,2026-05-16 23:10:47,"Image pack,People also ask",400,150,150,2016-04-30,"366, 293, 358, 291, 615, 645, 541, 1137, 345, 780, 358, 285, 342, 282, 346, 289, 262, 232, 291, 401, 280, 416, 591, 281","245, 252, 217, 206, 212, 203, 185, 245, 168, 243, 337, 156"
3225,دعاء للزوج المتوفي,0,10,40,1,0,40,,,2026-05-20 6:18:20,"AI Overview,Thumbnail,People also ask,Image pack,Video preview",200,80,500,2020-01-17,,
3226,دعاء لِلمريضُ الكبير في السن,0,0,0,1,0,,,,2026-05-20 23:07:17,"People also ask,Sitelinks",,0,0,2022-09-06,,
3227,دعاء الام,0,0,20,1,0,800,0.02,0.52,2026-05-23 5:17:11,"AI Overview,People also ask,Video preview,Image pack,Thumbnail",1800,1900,7500,2015-10-10,"1360, 928, 932, 902, 902, 893, 899, 1102, 666, 2070, 593, 724, 894, 712, 717, 617, 702, 587, 628, 868, 578, 1605, 650, 661","796, 663, 625, 580, 649, 657, 684, 824, 609, 1424, 802, 674"
3228,دعاء دخول الجنة,0,0,70,3,0,70,,,2026-05-06 5:39:53,"AI Overview,Thumbnail,People also ask,Video preview",150,150,300,2015-09-23,,
3229,اللهم ارزقني,0,0,30,1,0,500,0.3,0.24,2026-05-18 8:40:03,"AI Overview,People also ask,Image pack,Video preview",600,50,70,2015-09-05,"1034, 836, 825, 748, 557, 601, 552, 498, 487, 1364, 468, 544, 524, 462, 522, 452, 454, 450, 516, 459, 440, 708, 626, 614","540, 577, 540, 493, 482, 476, 475, 461, 442, 712, 629"
3230,دعاء للزوج بتفريج الهم,0,30,0,1,0,,,,2026-06-08 13:13:49,"AI Overview,Thumbnail,People also ask,Image pack",30,0,0,2020-05-02,,
3231,دعاء لعمتي المريضه,0,10,0,2,0,,,,2026-05-18 1:49:46,"AI Overview,Image pack,People also ask,Video preview",10,0,0,2015-12-18,"66, 91, 99, 70, 118, 58, 0, 0, 0, 0, 0, 0, 0, 0, 0, 4, 1, 3, 0, 1, 13, 13, 0, 0",5